/*
 Navicat Premium Dump SQL

 Source Server         : 01tech
 Source Server Type    : MySQL
 Source Server Version : 80042 (8.0.42)
 Source Host           : localhost:3306
 Source Schema         : ry-vue

 Target Server Type    : MySQL
 Target Server Version : 80042 (8.0.42)
 File Encoding         : 65001

 Date: 21/11/2025 06:27:51
*/

SET NAMES utf8mb4;
SET FOREIGN_KEY_CHECKS = 0;

-- ----------------------------
-- Table structure for class_article
-- ----------------------------
DROP TABLE IF EXISTS `class_article`;
CREATE TABLE `class_article`  (
  `id` bigint NOT NULL AUTO_INCREMENT COMMENT '文章ID',
  `title` varchar(255) CHARACTER SET utf8mb4 COLLATE utf8mb4_unicode_ci NOT NULL COMMENT '文章标题',
  `digest` varchar(500) CHARACTER SET utf8mb4 COLLATE utf8mb4_unicode_ci NULL DEFAULT NULL COMMENT '文章摘要',
  `content` longtext CHARACTER SET utf8mb4 COLLATE utf8mb4_unicode_ci NULL COMMENT '文章内容',
  `cover` varchar(500) CHARACTER SET utf8mb4 COLLATE utf8mb4_unicode_ci NULL DEFAULT NULL COMMENT '封面图片',
  `article_type` varchar(50) CHARACTER SET utf8mb4 COLLATE utf8mb4_unicode_ci NULL DEFAULT '技术' COMMENT '文章分类',
  `status` varchar(20) CHARACTER SET utf8mb4 COLLATE utf8mb4_unicode_ci NULL DEFAULT 'editting' COMMENT '状态：editting-编辑中,published-已发布,draft-草稿',
  `view_count` bigint NULL DEFAULT 0 COMMENT '阅读数',
  `comment_count` bigint NULL DEFAULT 0 COMMENT '评论数',
  `like_count` bigint NULL DEFAULT 0 COMMENT '点赞数',
  `hate_count` bigint NULL DEFAULT 0 COMMENT '点踩数',
  `bookmark_count` bigint NULL DEFAULT 0 COMMENT '收藏数',
  `author` varchar(100) CHARACTER SET utf8mb4 COLLATE utf8mb4_unicode_ci NULL DEFAULT NULL COMMENT '作者',
  `user_id` bigint NULL DEFAULT NULL COMMENT '用户ID',
  `create_by` varchar(64) CHARACTER SET utf8mb4 COLLATE utf8mb4_unicode_ci NULL DEFAULT '' COMMENT '创建者',
  `create_time` datetime NULL DEFAULT CURRENT_TIMESTAMP COMMENT '创建时间',
  `update_by` varchar(64) CHARACTER SET utf8mb4 COLLATE utf8mb4_unicode_ci NULL DEFAULT '' COMMENT '更新者',
  `update_time` datetime NULL DEFAULT CURRENT_TIMESTAMP ON UPDATE CURRENT_TIMESTAMP COMMENT '更新时间',
  `remark` varchar(500) CHARACTER SET utf8mb4 COLLATE utf8mb4_unicode_ci NULL DEFAULT NULL COMMENT '备注',
  PRIMARY KEY (`id`) USING BTREE,
  INDEX `idx_title`(`title` ASC) USING BTREE,
  INDEX `idx_author`(`author` ASC) USING BTREE,
  INDEX `idx_create_time`(`create_time` ASC) USING BTREE,
  INDEX `idx_article_type`(`article_type` ASC) USING BTREE,
  INDEX `idx_status`(`status` ASC) USING BTREE
) ENGINE = InnoDB AUTO_INCREMENT = 11 CHARACTER SET = utf8mb4 COLLATE = utf8mb4_unicode_ci COMMENT = '文章表' ROW_FORMAT = DYNAMIC;

-- ----------------------------
-- Records of class_article
-- ----------------------------
INSERT INTO `class_article` VALUES (1, 'Spring Boot 入门教程', '本文介绍Spring Boot的基本使用和配置', '<h1><img src=\"/dev-api/profile/upload/2025/11/02/屏幕截图 2024-06-06 011230_20251102021029A001.png\">入门</h1>', 'https://picsum.photos/id/1029/600/400', '技术', 'published', 171, 12, 59, 12, 0, '岂皓月', 1, 'admin', '2025-11-01 23:24:22', '', '2025-11-16 06:04:58', NULL);
INSERT INTO `class_article` VALUES (2, '生活中的小确幸', '记录生活中的美好瞬间，( •̀ ω •́ )y', '<p>生活中总有一些小确幸让我们感到温暖...美好！</p>', 'https://picsum.photos/id/1035/600/400', '生活', 'published', 92, 8, 34, 1, 0, '岂皓月', 1, 'admin', '2025-11-01 23:24:22', '', '2025-11-07 10:17:14', NULL);
INSERT INTO `class_article` VALUES (3, 'Java编程思想', '深入理解Java编程思想', '<p>Java编程思想是每个Java开发者都应该掌握的...</p>', 'https://picsum.photos/id/1/600/400', '技术', 'published', 205, 25, 78, 0, 0, '岂皓月', 1, 'admin', '2025-11-01 23:24:22', '', '2025-11-16 06:05:06', NULL);
INSERT INTO `class_article` VALUES (9, '1', NULL, '<p>111</p>', '/profile/upload/2025/11/12/一．文件和文件系统_20251112231007A001.png', '技术', 'editting', 4, 0, 0, 0, 0, '若依', NULL, NULL, '2025-11-12 23:10:11', '', '2025-11-16 05:40:46', NULL);
INSERT INTO `class_article` VALUES (10, '计算机网络', '1', '<p><img src=\"/dev-api/profile/upload/2025/11/16/屏幕截图 2025-11-06 110411_20251116060547A001.png\"></p>', '/profile/upload/2025/11/16/屏幕截图 2025-11-13 105252_20251116060620A002.png', '技术', 'published', 1, 0, 0, 0, 0, 'admin', 1, NULL, '2025-11-16 06:06:22', '', '2025-11-16 06:18:42', NULL);

-- ----------------------------
-- Table structure for class_article_like
-- ----------------------------
DROP TABLE IF EXISTS `class_article_like`;
CREATE TABLE `class_article_like`  (
  `id` bigint NOT NULL AUTO_INCREMENT,
  `article_id` bigint NOT NULL,
  `user_id` bigint NOT NULL,
  `like_status` int NOT NULL COMMENT '1-点赞, -1-点踩, 0-无',
  `create_time` datetime NULL DEFAULT CURRENT_TIMESTAMP,
  `update_time` datetime NULL DEFAULT CURRENT_TIMESTAMP ON UPDATE CURRENT_TIMESTAMP,
  PRIMARY KEY (`id`) USING BTREE,
  UNIQUE INDEX `uk_article_user`(`article_id` ASC, `user_id` ASC) USING BTREE
) ENGINE = InnoDB AUTO_INCREMENT = 1 CHARACTER SET = utf8mb4 COLLATE = utf8mb4_0900_ai_ci ROW_FORMAT = DYNAMIC;

-- ----------------------------
-- Records of class_article_like
-- ----------------------------

-- ----------------------------
-- Table structure for class_attendance
-- ----------------------------
DROP TABLE IF EXISTS `class_attendance`;
CREATE TABLE `class_attendance`  (
  `attendance_id` bigint NOT NULL AUTO_INCREMENT COMMENT '签到记录唯一ID',
  `session_id` bigint NOT NULL COMMENT '课堂ID（抽人/课堂级统计依赖）',
  `task_id` bigint NOT NULL COMMENT '签到任务ID（对应某次签到动作）',
  `student_id` bigint NOT NULL COMMENT '关联的学生ID',
  `attendance_time` datetime NULL DEFAULT NULL COMMENT '实际签到时间（NULL表示未签到）',
  `attendance_status` tinyint NOT NULL DEFAULT 0 COMMENT '签到状态: 0未签到 1已签到 2迟到 3请假 4早退',
  `created_at` datetime NULL DEFAULT CURRENT_TIMESTAMP COMMENT '记录创建时间',
  `updated_at` datetime NULL DEFAULT CURRENT_TIMESTAMP ON UPDATE CURRENT_TIMESTAMP COMMENT '最后更新时间',
  `device_ip` varchar(45) CHARACTER SET utf8mb4 COLLATE utf8mb4_unicode_ci NULL DEFAULT NULL COMMENT '签到设备IP地址',
  `device_type` varchar(20) CHARACTER SET utf8mb4 COLLATE utf8mb4_unicode_ci NULL DEFAULT NULL COMMENT '设备类型（Web/iOS/Android）',
  `location` varchar(100) CHARACTER SET utf8mb4 COLLATE utf8mb4_unicode_ci NULL DEFAULT NULL COMMENT '签到地理位置',
  PRIMARY KEY (`attendance_id`) USING BTREE,
  UNIQUE INDEX `uq_task_student`(`task_id` ASC, `student_id` ASC) USING BTREE,
  INDEX `idx_session`(`session_id` ASC) USING BTREE,
  INDEX `idx_task`(`task_id` ASC) USING BTREE,
  INDEX `idx_student`(`student_id` ASC) USING BTREE,
  INDEX `idx_status`(`attendance_status` ASC) USING BTREE,
  INDEX `idx_attendance_time`(`attendance_time` ASC) USING BTREE,
  CONSTRAINT `fk_attendance_session` FOREIGN KEY (`session_id`) REFERENCES `class_session` (`session_id`) ON DELETE CASCADE ON UPDATE CASCADE,
  CONSTRAINT `fk_attendance_student` FOREIGN KEY (`student_id`) REFERENCES `class_student` (`student_id`) ON DELETE CASCADE ON UPDATE CASCADE,
  CONSTRAINT `fk_attendance_task` FOREIGN KEY (`task_id`) REFERENCES `class_attendance_task` (`task_id`) ON DELETE CASCADE ON UPDATE CASCADE
) ENGINE = InnoDB AUTO_INCREMENT = 92 CHARACTER SET = utf8mb4 COLLATE = utf8mb4_unicode_ci COMMENT = '学生课堂签到记录表（含 session_id + task_id）' ROW_FORMAT = DYNAMIC;

-- ----------------------------
-- Records of class_attendance
-- ----------------------------
INSERT INTO `class_attendance` VALUES (1, 1, 1, 1, '2021-09-29 12:14:27', 1, '2002-10-20 19:19:57', '2025-10-27 19:38:07', '', '', '');
INSERT INTO `class_attendance` VALUES (2, 1, 1, 2, '2025-11-07 20:42:22', 1, '2016-03-30 23:49:38', '2025-11-02 20:42:31', '', '', '');
INSERT INTO `class_attendance` VALUES (3, 1, 1, 3, '2019-12-19 06:16:26', 1, '2007-08-18 19:37:31', '2025-10-27 19:38:09', '', '', '');
INSERT INTO `class_attendance` VALUES (4, 1, 1, 4, NULL, 1, '2025-10-27 19:44:56', '2025-10-27 19:44:56', NULL, NULL, NULL);
INSERT INTO `class_attendance` VALUES (5, 1, 1, 5, NULL, 1, '2025-10-27 19:44:56', '2025-10-27 19:44:56', NULL, NULL, NULL);
INSERT INTO `class_attendance` VALUES (6, 1, 1, 6, NULL, 2, '2025-10-27 19:44:56', '2025-11-16 03:11:49', NULL, NULL, NULL);
INSERT INTO `class_attendance` VALUES (7, 1, 1, 7, NULL, 2, '2025-10-27 19:44:56', '2025-11-16 03:11:52', NULL, NULL, NULL);
INSERT INTO `class_attendance` VALUES (8, 1, 1, 8, NULL, 1, '2025-10-27 19:44:56', '2025-10-27 19:44:56', NULL, NULL, NULL);
INSERT INTO `class_attendance` VALUES (9, 1, 1, 9, NULL, 1, '2025-10-27 19:44:56', '2025-10-27 19:44:56', NULL, NULL, NULL);
INSERT INTO `class_attendance` VALUES (10, 1, 1, 10, NULL, 2, '2025-10-27 19:44:56', '2025-11-16 03:11:54', NULL, NULL, NULL);
INSERT INTO `class_attendance` VALUES (11, 1, 1, 11, NULL, 1, '2025-10-27 19:44:56', '2025-10-27 19:44:56', NULL, NULL, NULL);
INSERT INTO `class_attendance` VALUES (12, 1, 1, 12, NULL, 1, '2025-10-27 19:44:56', '2025-10-27 19:44:56', NULL, NULL, NULL);
INSERT INTO `class_attendance` VALUES (13, 1, 1, 13, NULL, 3, '2025-10-27 19:44:56', '2025-11-16 03:11:56', NULL, NULL, NULL);
INSERT INTO `class_attendance` VALUES (14, 1, 1, 14, NULL, 1, '2025-10-27 19:44:56', '2025-10-27 19:44:56', NULL, NULL, NULL);
INSERT INTO `class_attendance` VALUES (15, 1, 1, 15, NULL, 3, '2025-10-27 19:44:56', '2025-11-16 03:11:59', NULL, NULL, NULL);
INSERT INTO `class_attendance` VALUES (16, 1, 1, 16, NULL, 1, '2025-10-27 19:44:56', '2025-10-27 19:44:56', NULL, NULL, NULL);
INSERT INTO `class_attendance` VALUES (17, 1, 1, 17, NULL, 0, '2025-10-27 19:44:56', '2025-11-02 20:42:46', NULL, NULL, NULL);
INSERT INTO `class_attendance` VALUES (18, 1, 1, 18, NULL, 1, '2025-10-27 19:44:56', '2025-10-27 19:44:56', NULL, NULL, NULL);
INSERT INTO `class_attendance` VALUES (19, 1, 1, 19, NULL, 1, '2025-10-27 19:44:56', '2025-10-27 19:44:56', NULL, NULL, NULL);
INSERT INTO `class_attendance` VALUES (20, 1, 1, 20, NULL, 1, '2025-10-27 19:44:56', '2025-10-27 19:44:56', NULL, NULL, NULL);
INSERT INTO `class_attendance` VALUES (21, 1, 1, 21, NULL, 1, '2025-10-27 19:44:56', '2025-10-27 19:44:56', NULL, NULL, NULL);
INSERT INTO `class_attendance` VALUES (22, 1, 1, 22, NULL, 1, '2025-10-27 19:44:56', '2025-10-27 19:44:56', NULL, NULL, NULL);
INSERT INTO `class_attendance` VALUES (23, 1, 1, 23, NULL, 1, '2025-10-27 19:44:56', '2025-10-27 19:44:56', NULL, NULL, NULL);
INSERT INTO `class_attendance` VALUES (24, 1, 1, 24, NULL, 1, '2025-10-27 19:44:56', '2025-10-27 19:44:56', NULL, NULL, NULL);
INSERT INTO `class_attendance` VALUES (25, 1, 1, 25, NULL, 4, '2025-10-27 19:44:56', '2025-11-16 03:12:01', NULL, NULL, NULL);
INSERT INTO `class_attendance` VALUES (26, 1, 1, 26, NULL, 1, '2025-10-27 19:44:56', '2025-10-27 19:44:56', NULL, NULL, NULL);
INSERT INTO `class_attendance` VALUES (27, 1, 1, 27, NULL, 1, '2025-10-27 19:44:56', '2025-10-27 19:44:56', NULL, NULL, NULL);
INSERT INTO `class_attendance` VALUES (28, 1, 1, 28, NULL, 1, '2025-10-27 19:44:56', '2025-10-27 19:44:56', NULL, NULL, NULL);
INSERT INTO `class_attendance` VALUES (29, 1, 1, 29, NULL, 1, '2025-10-27 19:44:56', '2025-10-27 19:44:56', NULL, NULL, NULL);
INSERT INTO `class_attendance` VALUES (30, 1, 1, 30, NULL, 1, '2025-10-27 19:44:56', '2025-10-27 19:44:56', NULL, NULL, NULL);
INSERT INTO `class_attendance` VALUES (31, 1, 1, 31, NULL, 1, '2025-10-27 19:44:56', '2025-10-27 19:44:56', NULL, NULL, NULL);
INSERT INTO `class_attendance` VALUES (32, 1, 1, 32, NULL, 1, '2025-10-27 19:44:56', '2025-10-27 19:44:56', NULL, NULL, NULL);
INSERT INTO `class_attendance` VALUES (33, 1, 1, 33, NULL, 1, '2025-10-27 19:44:56', '2025-10-27 19:44:56', NULL, NULL, NULL);
INSERT INTO `class_attendance` VALUES (34, 1, 1, 34, NULL, 1, '2025-10-27 19:44:56', '2025-10-27 19:44:56', NULL, NULL, NULL);
INSERT INTO `class_attendance` VALUES (35, 1, 1, 35, NULL, 1, '2025-10-27 19:44:56', '2025-10-27 19:44:56', NULL, NULL, NULL);
INSERT INTO `class_attendance` VALUES (36, 1, 1, 36, NULL, 1, '2025-10-27 19:44:56', '2025-10-27 19:44:56', NULL, NULL, NULL);
INSERT INTO `class_attendance` VALUES (37, 1, 1, 37, NULL, 1, '2025-10-27 19:44:56', '2025-10-27 19:44:56', NULL, NULL, NULL);
INSERT INTO `class_attendance` VALUES (38, 1, 1, 38, NULL, 1, '2025-10-27 19:44:56', '2025-10-27 19:44:56', NULL, NULL, NULL);
INSERT INTO `class_attendance` VALUES (39, 1, 1, 39, NULL, 1, '2025-10-27 19:44:56', '2025-10-27 19:44:56', NULL, NULL, NULL);
INSERT INTO `class_attendance` VALUES (40, 1, 1, 40, NULL, 1, '2025-10-27 19:44:56', '2025-10-27 19:44:56', NULL, NULL, NULL);
INSERT INTO `class_attendance` VALUES (41, 1, 11, 1, NULL, 1, '2025-11-16 00:59:20', '2025-11-16 02:57:53', NULL, NULL, NULL);
INSERT INTO `class_attendance` VALUES (44, 1, 11, 28, NULL, 4, '2025-11-16 04:13:03', '2025-11-16 04:13:51', NULL, NULL, NULL);
INSERT INTO `class_attendance` VALUES (45, 1, 11, 2, NULL, 2, '2025-11-16 04:14:05', '2025-11-16 04:14:06', NULL, NULL, NULL);
INSERT INTO `class_attendance` VALUES (46, 1, 11, 11, '2025-11-16 04:14:21', 1, '2025-11-16 04:14:21', '2025-11-16 04:14:21', NULL, NULL, NULL);
INSERT INTO `class_attendance` VALUES (47, 1, 11, 19, '2025-11-16 04:14:22', 1, '2025-11-16 04:14:22', '2025-11-16 04:14:22', NULL, NULL, NULL);
INSERT INTO `class_attendance` VALUES (48, 1, 17, 14, '2025-11-16 04:17:06', 1, '2025-11-16 04:17:06', '2025-11-16 04:17:06', NULL, NULL, NULL);
INSERT INTO `class_attendance` VALUES (49, 1, 17, 16, '2025-11-16 04:17:07', 1, '2025-11-16 04:17:07', '2025-11-16 04:17:07', NULL, NULL, NULL);
INSERT INTO `class_attendance` VALUES (50, 1, 17, 28, '2025-11-16 04:17:09', 1, '2025-11-16 04:17:09', '2025-11-16 04:17:09', NULL, NULL, NULL);
INSERT INTO `class_attendance` VALUES (51, 1, 17, 31, '2025-11-16 04:17:11', 1, '2025-11-16 04:17:11', '2025-11-16 04:17:11', NULL, NULL, NULL);
INSERT INTO `class_attendance` VALUES (52, 1, 17, 23, '2025-11-16 04:17:22', 1, '2025-11-16 04:17:22', '2025-11-16 04:17:22', NULL, NULL, NULL);
INSERT INTO `class_attendance` VALUES (53, 1, 17, 1, '2025-11-16 04:28:34', 1, '2025-11-16 04:28:34', '2025-11-16 04:28:34', NULL, NULL, NULL);
INSERT INTO `class_attendance` VALUES (54, 1, 17, 9, NULL, 2, '2025-11-16 04:28:35', '2025-11-16 04:28:36', NULL, NULL, NULL);
INSERT INTO `class_attendance` VALUES (56, 1, 17, 21, '2025-11-16 04:30:22', 1, '2025-11-16 04:30:22', '2025-11-16 04:30:22', NULL, NULL, NULL);
INSERT INTO `class_attendance` VALUES (57, 1, 17, 10, '2025-11-16 04:30:25', 1, '2025-11-16 04:30:25', '2025-11-16 04:30:25', NULL, NULL, NULL);
INSERT INTO `class_attendance` VALUES (58, 1, 17, 20, '2025-11-16 04:30:26', 1, '2025-11-16 04:30:26', '2025-11-16 04:30:26', NULL, NULL, NULL);
INSERT INTO `class_attendance` VALUES (59, 1, 17, 19, '2025-11-16 04:30:27', 1, '2025-11-16 04:30:27', '2025-11-16 04:30:27', NULL, NULL, NULL);
INSERT INTO `class_attendance` VALUES (60, 1, 17, 7, '2025-11-16 04:30:28', 1, '2025-11-16 04:30:28', '2025-11-16 04:30:28', NULL, NULL, NULL);
INSERT INTO `class_attendance` VALUES (61, 1, 17, 2, '2025-11-16 04:30:29', 1, '2025-11-16 04:30:29', '2025-11-16 04:30:29', NULL, NULL, NULL);
INSERT INTO `class_attendance` VALUES (62, 1, 17, 39, NULL, 4, '2025-11-16 04:30:32', '2025-11-16 04:30:35', NULL, NULL, NULL);
INSERT INTO `class_attendance` VALUES (63, 1, 19, 6, '2025-11-16 06:24:12', 2, '2025-11-16 05:52:30', '2025-11-16 06:24:12', NULL, NULL, NULL);
INSERT INTO `class_attendance` VALUES (64, 1, 19, 35, '2025-11-16 06:04:18', 1, '2025-11-16 06:04:18', '2025-11-16 06:04:18', NULL, NULL, NULL);
INSERT INTO `class_attendance` VALUES (65, 1, 19, 32, NULL, 3, '2025-11-16 06:04:19', '2025-11-16 06:24:40', NULL, NULL, NULL);
INSERT INTO `class_attendance` VALUES (66, 1, 19, 13, '2025-11-16 06:04:20', 1, '2025-11-16 06:04:20', '2025-11-16 06:04:20', NULL, NULL, NULL);
INSERT INTO `class_attendance` VALUES (67, 1, 19, 37, '2025-11-16 06:04:20', 1, '2025-11-16 06:04:20', '2025-11-16 06:04:20', NULL, NULL, NULL);
INSERT INTO `class_attendance` VALUES (68, 1, 19, 26, NULL, 4, '2025-11-16 06:05:18', '2025-11-16 06:05:21', NULL, NULL, NULL);
INSERT INTO `class_attendance` VALUES (69, 1, 19, 25, '2025-11-16 06:05:22', 1, '2025-11-16 06:05:22', '2025-11-16 06:05:22', NULL, NULL, NULL);
INSERT INTO `class_attendance` VALUES (70, 1, 19, 9, '2025-11-16 06:24:13', 2, '2025-11-16 06:05:23', '2025-11-16 06:24:13', NULL, NULL, NULL);
INSERT INTO `class_attendance` VALUES (71, 1, 19, 1, '2025-11-20 20:12:42', 1, '2025-11-16 06:05:24', '2025-11-20 20:12:42', NULL, NULL, NULL);
INSERT INTO `class_attendance` VALUES (72, 1, 19, 10, '2025-11-16 06:05:24', 1, '2025-11-16 06:05:24', '2025-11-16 06:05:24', NULL, NULL, NULL);
INSERT INTO `class_attendance` VALUES (73, 1, 19, 30, '2025-11-16 06:05:25', 1, '2025-11-16 06:05:25', '2025-11-16 06:05:25', NULL, NULL, NULL);
INSERT INTO `class_attendance` VALUES (74, 1, 19, 16, '2025-11-16 06:05:25', 1, '2025-11-16 06:05:25', '2025-11-16 06:05:25', NULL, NULL, NULL);
INSERT INTO `class_attendance` VALUES (75, 1, 19, 18, '2025-11-16 06:05:26', 1, '2025-11-16 06:05:26', '2025-11-16 06:05:26', NULL, NULL, NULL);
INSERT INTO `class_attendance` VALUES (76, 1, 19, 11, '2025-11-16 06:05:27', 1, '2025-11-16 06:05:27', '2025-11-16 06:05:27', NULL, NULL, NULL);
INSERT INTO `class_attendance` VALUES (77, 1, 19, 14, NULL, 3, '2025-11-16 06:05:31', '2025-11-16 06:05:32', NULL, NULL, NULL);
INSERT INTO `class_attendance` VALUES (78, 1, 19, 2, NULL, 3, '2025-11-16 06:05:34', '2025-11-16 06:05:35', NULL, NULL, NULL);
INSERT INTO `class_attendance` VALUES (79, 1, 19, 40, '2025-11-16 06:28:33', 2, '2025-11-16 06:28:11', '2025-11-16 06:28:33', NULL, NULL, NULL);
INSERT INTO `class_attendance` VALUES (80, 1, 19, 15, '2025-11-16 06:28:39', 1, '2025-11-16 06:28:39', '2025-11-16 06:28:39', NULL, NULL, NULL);
INSERT INTO `class_attendance` VALUES (82, 1, 19, 24, '2025-11-20 20:12:45', 1, '2025-11-20 20:12:45', '2025-11-20 20:12:45', NULL, NULL, NULL);
INSERT INTO `class_attendance` VALUES (83, 1, 19, 12, '2025-11-20 20:12:45', 1, '2025-11-20 20:12:45', '2025-11-20 20:12:45', NULL, NULL, NULL);
INSERT INTO `class_attendance` VALUES (84, 1, 19, 5, '2025-11-20 20:12:46', 1, '2025-11-20 20:12:46', '2025-11-20 20:12:46', NULL, NULL, NULL);
INSERT INTO `class_attendance` VALUES (85, 1, 8, 38, '2025-11-20 21:13:24', 1, '2025-11-20 21:13:24', '2025-11-20 21:13:24', NULL, NULL, NULL);
INSERT INTO `class_attendance` VALUES (86, 3, 5, 3, '2025-11-20 21:38:18', 1, '2025-11-20 21:38:18', '2025-11-20 21:38:18', NULL, NULL, NULL);
INSERT INTO `class_attendance` VALUES (87, 3, 5, 1, '2025-11-20 21:38:19', 1, '2025-11-20 21:38:19', '2025-11-20 21:38:19', NULL, NULL, NULL);
INSERT INTO `class_attendance` VALUES (88, 3, 5, 2, '2025-11-20 21:38:20', 1, '2025-11-20 21:38:20', '2025-11-20 21:38:20', NULL, NULL, NULL);
INSERT INTO `class_attendance` VALUES (89, 1, 19, 20, '2025-11-20 22:40:50', 1, '2025-11-20 22:40:50', '2025-11-20 22:40:50', NULL, NULL, NULL);
INSERT INTO `class_attendance` VALUES (90, 1, 19, 36, NULL, 0, '2025-11-20 23:54:39', '2025-11-20 23:54:45', NULL, NULL, NULL);
INSERT INTO `class_attendance` VALUES (91, 1, 19, 17, NULL, 0, '2025-11-20 23:54:56', '2025-11-20 23:54:59', NULL, NULL, NULL);

-- ----------------------------
-- Table structure for class_attendance_bak
-- ----------------------------
DROP TABLE IF EXISTS `class_attendance_bak`;
CREATE TABLE `class_attendance_bak`  (
  `attendance_id` bigint NOT NULL DEFAULT 0 COMMENT '签到记录唯一ID',
  `session_id` bigint NOT NULL COMMENT '关联的课堂ID',
  `student_id` bigint NOT NULL COMMENT '关联的学生ID',
  `attendance_time` datetime NULL DEFAULT NULL COMMENT '实际签到时间（NULL表示未签到）',
  `attendance_status` tinyint NOT NULL DEFAULT 0 COMMENT '签到状态: 0-未签到 1-已签到 2-迟到 3-请假 4-早退',
  `created_at` datetime NULL DEFAULT CURRENT_TIMESTAMP COMMENT '记录创建时间',
  `updated_at` datetime NULL DEFAULT CURRENT_TIMESTAMP ON UPDATE CURRENT_TIMESTAMP COMMENT '最后更新时间',
  `device_ip` varchar(45) CHARACTER SET utf8mb4 COLLATE utf8mb4_unicode_ci NULL DEFAULT NULL COMMENT '签到设备IP地址',
  `device_type` varchar(20) CHARACTER SET utf8mb4 COLLATE utf8mb4_unicode_ci NULL DEFAULT NULL COMMENT '设备类型（Web/iOS/Android）',
  `location` varchar(100) CHARACTER SET utf8mb4 COLLATE utf8mb4_unicode_ci NULL DEFAULT NULL COMMENT '签到地理位置'
) ENGINE = InnoDB CHARACTER SET = utf8mb4 COLLATE = utf8mb4_unicode_ci ROW_FORMAT = DYNAMIC;

-- ----------------------------
-- Records of class_attendance_bak
-- ----------------------------
INSERT INTO `class_attendance_bak` VALUES (1, 1, 1, '2021-09-29 12:14:27', 1, '2002-10-20 19:19:57', '2025-10-27 19:38:07', '', '', '');
INSERT INTO `class_attendance_bak` VALUES (2, 1, 2, '2025-11-07 20:42:22', 1, '2016-03-30 23:49:38', '2025-11-02 20:42:31', '', '', '');
INSERT INTO `class_attendance_bak` VALUES (3, 1, 3, '2019-12-19 06:16:26', 1, '2007-08-18 19:37:31', '2025-10-27 19:38:09', '', '', '');
INSERT INTO `class_attendance_bak` VALUES (4, 1, 4, NULL, 1, '2025-10-27 19:44:56', '2025-10-27 19:44:56', NULL, NULL, NULL);
INSERT INTO `class_attendance_bak` VALUES (5, 1, 5, NULL, 1, '2025-10-27 19:44:56', '2025-10-27 19:44:56', NULL, NULL, NULL);
INSERT INTO `class_attendance_bak` VALUES (6, 1, 6, NULL, 1, '2025-10-27 19:44:56', '2025-10-27 19:44:56', NULL, NULL, NULL);
INSERT INTO `class_attendance_bak` VALUES (7, 1, 7, NULL, 1, '2025-10-27 19:44:56', '2025-10-27 19:44:56', NULL, NULL, NULL);
INSERT INTO `class_attendance_bak` VALUES (8, 1, 8, NULL, 1, '2025-10-27 19:44:56', '2025-10-27 19:44:56', NULL, NULL, NULL);
INSERT INTO `class_attendance_bak` VALUES (9, 1, 9, NULL, 1, '2025-10-27 19:44:56', '2025-10-27 19:44:56', NULL, NULL, NULL);
INSERT INTO `class_attendance_bak` VALUES (10, 1, 10, NULL, 1, '2025-10-27 19:44:56', '2025-10-27 19:44:56', NULL, NULL, NULL);
INSERT INTO `class_attendance_bak` VALUES (11, 1, 11, NULL, 1, '2025-10-27 19:44:56', '2025-10-27 19:44:56', NULL, NULL, NULL);
INSERT INTO `class_attendance_bak` VALUES (12, 1, 12, NULL, 1, '2025-10-27 19:44:56', '2025-10-27 19:44:56', NULL, NULL, NULL);
INSERT INTO `class_attendance_bak` VALUES (13, 1, 13, NULL, 1, '2025-10-27 19:44:56', '2025-10-27 19:44:56', NULL, NULL, NULL);
INSERT INTO `class_attendance_bak` VALUES (14, 1, 14, NULL, 1, '2025-10-27 19:44:56', '2025-10-27 19:44:56', NULL, NULL, NULL);
INSERT INTO `class_attendance_bak` VALUES (15, 1, 15, NULL, 1, '2025-10-27 19:44:56', '2025-10-27 19:44:56', NULL, NULL, NULL);
INSERT INTO `class_attendance_bak` VALUES (16, 1, 16, NULL, 1, '2025-10-27 19:44:56', '2025-10-27 19:44:56', NULL, NULL, NULL);
INSERT INTO `class_attendance_bak` VALUES (17, 1, 17, NULL, 0, '2025-10-27 19:44:56', '2025-11-02 20:42:46', NULL, NULL, NULL);
INSERT INTO `class_attendance_bak` VALUES (18, 1, 18, NULL, 1, '2025-10-27 19:44:56', '2025-10-27 19:44:56', NULL, NULL, NULL);
INSERT INTO `class_attendance_bak` VALUES (19, 1, 19, NULL, 1, '2025-10-27 19:44:56', '2025-10-27 19:44:56', NULL, NULL, NULL);
INSERT INTO `class_attendance_bak` VALUES (20, 1, 20, NULL, 1, '2025-10-27 19:44:56', '2025-10-27 19:44:56', NULL, NULL, NULL);
INSERT INTO `class_attendance_bak` VALUES (21, 1, 21, NULL, 1, '2025-10-27 19:44:56', '2025-10-27 19:44:56', NULL, NULL, NULL);
INSERT INTO `class_attendance_bak` VALUES (22, 1, 22, NULL, 1, '2025-10-27 19:44:56', '2025-10-27 19:44:56', NULL, NULL, NULL);
INSERT INTO `class_attendance_bak` VALUES (23, 1, 23, NULL, 1, '2025-10-27 19:44:56', '2025-10-27 19:44:56', NULL, NULL, NULL);
INSERT INTO `class_attendance_bak` VALUES (24, 1, 24, NULL, 1, '2025-10-27 19:44:56', '2025-10-27 19:44:56', NULL, NULL, NULL);
INSERT INTO `class_attendance_bak` VALUES (25, 1, 25, NULL, 1, '2025-10-27 19:44:56', '2025-10-27 19:44:56', NULL, NULL, NULL);
INSERT INTO `class_attendance_bak` VALUES (26, 1, 26, NULL, 1, '2025-10-27 19:44:56', '2025-10-27 19:44:56', NULL, NULL, NULL);
INSERT INTO `class_attendance_bak` VALUES (27, 1, 27, NULL, 1, '2025-10-27 19:44:56', '2025-10-27 19:44:56', NULL, NULL, NULL);
INSERT INTO `class_attendance_bak` VALUES (28, 1, 28, NULL, 1, '2025-10-27 19:44:56', '2025-10-27 19:44:56', NULL, NULL, NULL);
INSERT INTO `class_attendance_bak` VALUES (29, 1, 29, NULL, 1, '2025-10-27 19:44:56', '2025-10-27 19:44:56', NULL, NULL, NULL);
INSERT INTO `class_attendance_bak` VALUES (30, 1, 30, NULL, 1, '2025-10-27 19:44:56', '2025-10-27 19:44:56', NULL, NULL, NULL);
INSERT INTO `class_attendance_bak` VALUES (31, 1, 31, NULL, 1, '2025-10-27 19:44:56', '2025-10-27 19:44:56', NULL, NULL, NULL);
INSERT INTO `class_attendance_bak` VALUES (32, 1, 32, NULL, 1, '2025-10-27 19:44:56', '2025-10-27 19:44:56', NULL, NULL, NULL);
INSERT INTO `class_attendance_bak` VALUES (33, 1, 33, NULL, 1, '2025-10-27 19:44:56', '2025-10-27 19:44:56', NULL, NULL, NULL);
INSERT INTO `class_attendance_bak` VALUES (34, 1, 34, NULL, 1, '2025-10-27 19:44:56', '2025-10-27 19:44:56', NULL, NULL, NULL);
INSERT INTO `class_attendance_bak` VALUES (35, 1, 35, NULL, 1, '2025-10-27 19:44:56', '2025-10-27 19:44:56', NULL, NULL, NULL);
INSERT INTO `class_attendance_bak` VALUES (36, 1, 36, NULL, 1, '2025-10-27 19:44:56', '2025-10-27 19:44:56', NULL, NULL, NULL);
INSERT INTO `class_attendance_bak` VALUES (37, 1, 37, NULL, 1, '2025-10-27 19:44:56', '2025-10-27 19:44:56', NULL, NULL, NULL);
INSERT INTO `class_attendance_bak` VALUES (38, 1, 38, NULL, 1, '2025-10-27 19:44:56', '2025-10-27 19:44:56', NULL, NULL, NULL);
INSERT INTO `class_attendance_bak` VALUES (39, 1, 39, NULL, 1, '2025-10-27 19:44:56', '2025-10-27 19:44:56', NULL, NULL, NULL);
INSERT INTO `class_attendance_bak` VALUES (40, 1, 40, NULL, 1, '2025-10-27 19:44:56', '2025-10-27 19:44:56', NULL, NULL, NULL);

-- ----------------------------
-- Table structure for class_attendance_qr
-- ----------------------------
DROP TABLE IF EXISTS `class_attendance_qr`;
CREATE TABLE `class_attendance_qr`  (
  `qr_id` bigint NOT NULL AUTO_INCREMENT COMMENT '二维码 token 主键',
  `task_id` bigint NOT NULL COMMENT '关联的签到任务 task_id',
  `token` varchar(128) CHARACTER SET utf8mb4 COLLATE utf8mb4_unicode_ci NOT NULL COMMENT '二维码 token（可为 UUID 或其他）',
  `ttl_seconds` int NULL DEFAULT NULL COMMENT '有效期（秒），null 意味着使用 task.end_time 作为判定',
  `expire_time` datetime NULL DEFAULT NULL COMMENT '到期时间（可根据 ttl_seconds 计算填入）',
  `used` tinyint NOT NULL DEFAULT 0 COMMENT '是否已被使用（可选，用于一次性二维码）',
  `create_by` varchar(64) CHARACTER SET utf8mb4 COLLATE utf8mb4_unicode_ci NULL DEFAULT NULL,
  `create_time` datetime NULL DEFAULT CURRENT_TIMESTAMP,
  PRIMARY KEY (`qr_id`) USING BTREE,
  UNIQUE INDEX `uq_token`(`token` ASC) USING BTREE,
  INDEX `idx_task_qr`(`task_id` ASC) USING BTREE,
  CONSTRAINT `fk_qr_task` FOREIGN KEY (`task_id`) REFERENCES `class_attendance_task` (`task_id`) ON DELETE CASCADE ON UPDATE CASCADE
) ENGINE = InnoDB AUTO_INCREMENT = 71 CHARACTER SET = utf8mb4 COLLATE = utf8mb4_unicode_ci COMMENT = '签到二维码/token 表（用于动态二维码与失效控制）' ROW_FORMAT = DYNAMIC;

-- ----------------------------
-- Records of class_attendance_qr
-- ----------------------------
INSERT INTO `class_attendance_qr` VALUES (1, 3, 'TEST-TOKEN-123456', 1800, '2025-11-02 20:12:04', 0, 'admin', '2025-11-02 19:42:04');
INSERT INTO `class_attendance_qr` VALUES (2, 7, 'a36d96283a3349fc85f6d714ae802099', 60, '2025-11-15 23:55:48', 0, 'admin', '2025-11-15 23:54:47');
INSERT INTO `class_attendance_qr` VALUES (3, 9, '623f6fa6e295457cafb5db5a4bc43bbe', 600, '2025-11-16 00:19:32', 0, 'admin', '2025-11-16 00:09:32');
INSERT INTO `class_attendance_qr` VALUES (4, 10, '46b6241e9185427d89496aae532de376', 600, '2025-11-16 00:47:33', 0, 'admin', '2025-11-16 00:37:32');
INSERT INTO `class_attendance_qr` VALUES (5, 11, 'baaddf8ddcdb428f92d3e2c8fce3a880', 600, '2025-11-16 00:48:11', 0, 'admin', '2025-11-16 00:38:11');
INSERT INTO `class_attendance_qr` VALUES (35, 11, 'e05fdd9f41c6442c82a39f9dba69ca71', 600, '2025-11-16 01:20:36', 0, 'admin', '2025-11-16 01:10:35');
INSERT INTO `class_attendance_qr` VALUES (36, 9, '88c83b7cea784696b1da5dbcd425956e', 600, '2025-11-16 01:20:38', 0, 'admin', '2025-11-16 01:10:38');
INSERT INTO `class_attendance_qr` VALUES (37, 7, '14b3bd9f6eba4367b8cbb6eab7da262b', 600, '2025-11-16 01:20:40', 0, 'admin', '2025-11-16 01:10:39');
INSERT INTO `class_attendance_qr` VALUES (38, 11, 'b00044d27a32424882f81bf9abe20ac7', 600, '2025-11-16 01:31:27', 0, 'admin', '2025-11-16 01:21:26');
INSERT INTO `class_attendance_qr` VALUES (39, 9, '26f3d5bd088b47e697d538f9a34e81b6', 600, '2025-11-16 01:31:29', 0, 'admin', '2025-11-16 01:21:29');
INSERT INTO `class_attendance_qr` VALUES (42, 11, '9c1663e14a4c44ff830043f9d708c173', 600, '2025-11-16 01:40:03', 0, 'admin', '2025-11-16 01:30:03');
INSERT INTO `class_attendance_qr` VALUES (43, 9, '4124218177ca4212a316c7ce1fa622c6', 600, '2025-11-16 01:40:07', 0, 'admin', '2025-11-16 01:30:06');
INSERT INTO `class_attendance_qr` VALUES (44, 11, '655ec6d01a9e467c8b1870c8c28a6f90', 600, '2025-11-16 03:23:28', 0, 'admin', '2025-11-16 03:13:28');
INSERT INTO `class_attendance_qr` VALUES (59, 22, 'f7889331ce9d4a278d86ed933030036e', 600, '2025-11-20 22:55:29', 0, 'admin', '2025-11-20 22:45:29');
INSERT INTO `class_attendance_qr` VALUES (62, 25, 'a9dc33c36479448f95d5ae09766f9f5e', 600, '2025-11-20 23:16:03', 0, 'admin', '2025-11-20 23:06:02');
INSERT INTO `class_attendance_qr` VALUES (63, 25, '45cc60c5d6284f8f98d1b1a0bd454247', 600, '2025-11-20 23:30:35', 0, 'admin', '2025-11-20 23:20:34');
INSERT INTO `class_attendance_qr` VALUES (64, 28, '440356c1bf3d4aefb7123435b5cd5aeb', 600, '2025-11-21 06:22:35', 0, 'admin', '2025-11-21 06:12:34');
INSERT INTO `class_attendance_qr` VALUES (65, 28, '0449d0f865304aeabf4c527c186f51e7', 600, '2025-11-21 06:22:57', 0, 'admin', '2025-11-21 06:12:57');
INSERT INTO `class_attendance_qr` VALUES (66, 29, '807d3908894e436fb3abe528c6e78129', 600, '2025-11-21 06:25:41', 0, 'admin', '2025-11-21 06:15:41');
INSERT INTO `class_attendance_qr` VALUES (67, 28, '189c0e39e87f471781887c1bf79e30f9', 600, '2025-11-21 06:27:46', 0, 'admin', '2025-11-21 06:17:46');
INSERT INTO `class_attendance_qr` VALUES (68, 29, '207b322c552f446ca88d78d206830988', 600, '2025-11-21 06:27:47', 0, 'admin', '2025-11-21 06:17:47');
INSERT INTO `class_attendance_qr` VALUES (69, 28, '2ee1a41c82894fbdb4f1d5c9909f7408', 600, '2025-11-21 06:28:01', 0, 'admin', '2025-11-21 06:18:01');
INSERT INTO `class_attendance_qr` VALUES (70, 28, 'ca3d86609ba646688c370e521a85a727', 600, '2025-11-21 06:36:30', 0, 'admin', '2025-11-21 06:26:30');

-- ----------------------------
-- Table structure for class_attendance_task
-- ----------------------------
DROP TABLE IF EXISTS `class_attendance_task`;
CREATE TABLE `class_attendance_task`  (
  `task_id` bigint NOT NULL AUTO_INCREMENT COMMENT '签到任务主键ID',
  `session_id` bigint NOT NULL COMMENT '关联的课堂 session_id (class_session.session_id)',
  `type` varchar(20) CHARACTER SET utf8mb4 COLLATE utf8mb4_unicode_ci NOT NULL DEFAULT 'location' COMMENT '签到方式：location 或 qr',
  `center_lat` double NULL DEFAULT NULL COMMENT '位置签到中心纬度（仅 type=location 有效）',
  `center_lng` double NULL DEFAULT NULL COMMENT '位置签到中心经度（仅 type=location 有效）',
  `radius` int NULL DEFAULT NULL COMMENT '有效半径（米）（仅 type=location 有效）',
  `qr_code` varchar(255) CHARACTER SET utf8mb4 COLLATE utf8mb4_unicode_ci NULL DEFAULT NULL COMMENT '二维码静态 token 或默认值（可为空，复杂场景用 class_attendance_qr 存多 token）',
  `start_time` datetime NULL DEFAULT NULL COMMENT '签到开始时间',
  `end_time` datetime NULL DEFAULT NULL COMMENT '签到结束时间',
  `status` tinyint NOT NULL DEFAULT 0 COMMENT '任务状态：0=未开始 1=进行中 2=已结束',
  `create_by` varchar(64) CHARACTER SET utf8mb4 COLLATE utf8mb4_unicode_ci NULL DEFAULT NULL COMMENT '创建者用户名',
  `create_time` datetime NULL DEFAULT CURRENT_TIMESTAMP COMMENT '创建时间',
  PRIMARY KEY (`task_id`) USING BTREE,
  INDEX `idx_task_session`(`session_id` ASC) USING BTREE,
  INDEX `idx_task_status`(`status` ASC) USING BTREE,
  CONSTRAINT `fk_task_session` FOREIGN KEY (`session_id`) REFERENCES `class_session` (`session_id`) ON DELETE CASCADE ON UPDATE CASCADE
) ENGINE = InnoDB AUTO_INCREMENT = 30 CHARACTER SET = utf8mb4 COLLATE = utf8mb4_unicode_ci COMMENT = '签到任务表（记录签到活动：位置/二维码等）' ROW_FORMAT = DYNAMIC;

-- ----------------------------
-- Records of class_attendance_task
-- ----------------------------
INSERT INTO `class_attendance_task` VALUES (1, 1, 'qr', NULL, NULL, 500, NULL, '2025-11-02 19:19:34', '2025-11-20 23:05:08', 2, 'admin', '2025-11-02 19:19:38');
INSERT INTO `class_attendance_task` VALUES (2, 3, 'location', 1, 1, 500, NULL, '2025-11-02 19:20:59', '2025-11-03 00:00:00', 2, 'admin', '2025-11-02 19:21:03');
INSERT INTO `class_attendance_task` VALUES (3, 3, 'qr', NULL, NULL, NULL, NULL, '2025-11-02 19:42:04', '2025-11-02 20:12:04', 2, 'admin', '2025-11-02 19:42:04');
INSERT INTO `class_attendance_task` VALUES (5, 3, 'location', 1, 1, 500, NULL, '2025-11-02 20:06:30', '2025-11-02 20:06:31', 2, 'admin', '2025-11-02 20:06:32');
INSERT INTO `class_attendance_task` VALUES (6, 1, 'location', 1, 1, 500, NULL, '2025-11-02 20:20:54', '2025-11-04 20:20:55', 2, 'admin', '2025-11-02 20:20:59');
INSERT INTO `class_attendance_task` VALUES (7, 1, 'qr', 123, NULL, 500, NULL, '2025-11-07 00:00:00', '2025-11-13 00:00:00', 2, 'admin', '2025-11-15 23:54:47');
INSERT INTO `class_attendance_task` VALUES (8, 1, 'location', 1, 1, 500, NULL, '2025-11-16 00:04:01', '2025-11-16 02:04:06', 2, 'admin', '2025-11-16 00:04:15');
INSERT INTO `class_attendance_task` VALUES (9, 1, 'qr', 1, 1, 500, NULL, '2025-11-16 00:04:01', '2025-11-16 02:04:06', 2, 'admin', '2025-11-16 00:09:31');
INSERT INTO `class_attendance_task` VALUES (10, 1, 'qr', NULL, NULL, 500, NULL, '2025-11-16 00:37:24', '2025-11-16 03:40:27', 2, 'admin', '2025-11-16 00:37:32');
INSERT INTO `class_attendance_task` VALUES (11, 1, 'qr', NULL, NULL, 500, NULL, '2025-11-16 00:37:24', '2025-11-16 03:40:27', 2, 'admin', '2025-11-16 00:38:10');
INSERT INTO `class_attendance_task` VALUES (17, 1, 'location', 2, 1, 500, NULL, '2025-11-16 04:15:06', '2025-11-16 07:15:08', 2, 'admin', '2025-11-16 04:15:14');
INSERT INTO `class_attendance_task` VALUES (19, 1, 'location', 1, 1, 500, NULL, '2025-11-16 04:37:20', '2025-11-16 10:37:21', 2, 'admin', '2025-11-16 04:37:25');
INSERT INTO `class_attendance_task` VALUES (22, 1, 'qr', NULL, NULL, 500, NULL, '2025-11-20 23:19:50', '2025-11-20 23:20:12', 2, 'admin', '2025-11-20 22:45:29');
INSERT INTO `class_attendance_task` VALUES (25, 1, 'qr', NULL, NULL, 500, NULL, '2025-11-20 23:20:32', '2025-11-20 23:20:41', 2, 'admin', '2025-11-20 23:06:02');
INSERT INTO `class_attendance_task` VALUES (26, 1, 'location', 1, 1, 500, NULL, '2025-11-21 06:11:18', '2025-11-30 00:00:00', 1, 'admin', '2025-11-21 06:11:22');
INSERT INTO `class_attendance_task` VALUES (27, 1, 'location', 1, 1, 500, NULL, '2025-11-25 06:11:18', '2025-11-30 00:00:00', 0, 'admin', '2025-11-21 06:11:37');
INSERT INTO `class_attendance_task` VALUES (28, 1, 'qr', 1, 1, 500, NULL, '2025-11-21 06:12:32', '2025-11-30 00:00:00', 1, 'admin', '2025-11-21 06:12:34');
INSERT INTO `class_attendance_task` VALUES (29, 1, 'qr', NULL, NULL, 500, NULL, '2025-11-21 06:15:38', '2025-11-28 00:00:00', 1, 'admin', '2025-11-21 06:15:41');

-- ----------------------------
-- Table structure for class_course
-- ----------------------------
DROP TABLE IF EXISTS `class_course`;
CREATE TABLE `class_course`  (
  `course_id` bigint NOT NULL AUTO_INCREMENT COMMENT '课程ID',
  `course_name` varchar(100) CHARACTER SET utf8mb4 COLLATE utf8mb4_0900_ai_ci NOT NULL COMMENT '课程名称',
  `course_code` varchar(50) CHARACTER SET utf8mb4 COLLATE utf8mb4_0900_ai_ci NOT NULL COMMENT '课程编号',
  `course_type` varchar(50) CHARACTER SET utf8mb4 COLLATE utf8mb4_0900_ai_ci NULL DEFAULT NULL COMMENT '课程类型',
  `college` varchar(100) CHARACTER SET utf8mb4 COLLATE utf8mb4_0900_ai_ci NULL DEFAULT NULL COMMENT '所属学院',
  `credit` decimal(3, 1) NULL DEFAULT NULL COMMENT '学分',
  `introduction` text CHARACTER SET utf8mb4 COLLATE utf8mb4_0900_ai_ci NULL COMMENT '课程简介',
  `status` char(1) CHARACTER SET utf8mb4 COLLATE utf8mb4_0900_ai_ci NULL DEFAULT '0' COMMENT '状态（0正常 1停用）',
  `create_by` varchar(64) CHARACTER SET utf8mb4 COLLATE utf8mb4_0900_ai_ci NULL DEFAULT '' COMMENT '创建者',
  `create_time` datetime NULL DEFAULT NULL COMMENT '创建时间',
  `update_by` varchar(64) CHARACTER SET utf8mb4 COLLATE utf8mb4_0900_ai_ci NULL DEFAULT '' COMMENT '更新者',
  `update_time` datetime NULL DEFAULT NULL COMMENT '更新时间',
  `remark` varchar(500) CHARACTER SET utf8mb4 COLLATE utf8mb4_0900_ai_ci NULL DEFAULT NULL COMMENT '备注',
  `class_number` int NULL DEFAULT NULL,
  PRIMARY KEY (`course_id`) USING BTREE,
  UNIQUE INDEX `idx_course_code`(`course_code` ASC) USING BTREE
) ENGINE = InnoDB AUTO_INCREMENT = 9 CHARACTER SET = utf8mb4 COLLATE = utf8mb4_0900_ai_ci COMMENT = '课程信息表' ROW_FORMAT = DYNAMIC;

-- ----------------------------
-- Records of class_course
-- ----------------------------
INSERT INTO `class_course` VALUES (1, '研究与开发实践', '1', '必修', '计算机学院', 2.0, '2024-2025秋季学期开设', '0', 'admin', '2025-10-29 17:50:59', 'admin', '2025-11-01 15:50:35', '1', 1);
INSERT INTO `class_course` VALUES (2, '计算机网络123', 'LZNU135465', '必修', '计算机学院', 3.0, '一门课aaaaaaaa\n', '1', 'admin', '2025-10-29 17:54:33', 'admin', '2025-10-29 18:37:45', '2', 2);
INSERT INTO `class_course` VALUES (3, '计算机金融应用', 'MSNU32546', '选修', '经济学院', 3.5, '锻炼学生实践能力', '0', 'admin', '2025-10-29 18:22:47', 'admin', '2025-10-31 21:39:29', NULL, 3);
INSERT INTO `class_course` VALUES (5, '数据库', '7', NULL, NULL, 2.0, '1', '0', 'admin', '2025-11-01 15:48:47', '', NULL, NULL, 1);
INSERT INTO `class_course` VALUES (6, '金融', '6', '12', '124', 1.0, '11', '0', 'admin', '2025-11-04 20:22:51', '', NULL, NULL, 4);
INSERT INTO `class_course` VALUES (7, '121', '12', '1', '222', 0.0, '1', '0', 'admin', '2025-11-04 21:09:23', '', NULL, NULL, 1);
INSERT INTO `class_course` VALUES (8, '123123', '112', '212', '11', 0.0, '111', '0', 'admin', '2025-11-04 22:22:02', '', NULL, NULL, 1);

-- ----------------------------
-- Table structure for class_exam
-- ----------------------------
DROP TABLE IF EXISTS `class_exam`;
CREATE TABLE `class_exam`  (
  `id` bigint NOT NULL AUTO_INCREMENT COMMENT '考试ID',
  `exam_name` varchar(200) CHARACTER SET utf8mb4 COLLATE utf8mb4_0900_ai_ci NOT NULL COMMENT '考试名称',
  `exam_type` tinyint NOT NULL COMMENT '考试类型(1期中 2期末 3测验 4模拟考 5课堂测验)',
  `course_id` bigint NOT NULL COMMENT '课程ID',
  `session_id` bigint NOT NULL COMMENT '课堂ID',
  `total_score` decimal(5, 2) NOT NULL COMMENT '考试总分',
  `pass_score` decimal(5, 2) NOT NULL COMMENT '及格分数',
  `exam_duration` int NOT NULL COMMENT '考试时长(分钟)',
  `start_time` datetime NOT NULL COMMENT '考试开始时间',
  `end_time` datetime NOT NULL COMMENT '考试结束时间',
  `exam_mode` tinyint NULL DEFAULT 1 COMMENT '考试模式(1定时考试 2随到随考)',
  `anti_cheat` tinyint NULL DEFAULT 0 COMMENT '防作弊设置(0关闭 1开启)',
  `question_order` tinyint NULL DEFAULT 0 COMMENT '题目顺序(0正常 1随机)',
  `show_answer` tinyint NULL DEFAULT 0 COMMENT '显示答案(0不显示 1立即显示 2考试结束后)',
  `status` tinyint NULL DEFAULT 0 COMMENT '状态(0草稿 1已发布 2进行中 3已结束)',
  `create_by` varchar(64) CHARACTER SET utf8mb4 COLLATE utf8mb4_0900_ai_ci NULL DEFAULT '' COMMENT '创建者',
  `create_time` datetime NULL DEFAULT CURRENT_TIMESTAMP COMMENT '创建时间',
  `update_by` varchar(64) CHARACTER SET utf8mb4 COLLATE utf8mb4_0900_ai_ci NULL DEFAULT '' COMMENT '更新者',
  `update_time` datetime NULL DEFAULT CURRENT_TIMESTAMP ON UPDATE CURRENT_TIMESTAMP COMMENT '更新时间',
  `remark` varchar(500) CHARACTER SET utf8mb4 COLLATE utf8mb4_0900_ai_ci NULL DEFAULT '' COMMENT '备注',
  `late_submit` tinyint(1) NULL DEFAULT 0 COMMENT '是否允许迟交',
  `late_time` int NULL DEFAULT 0 COMMENT '迟交时间（分钟）',
  `auto_submit` tinyint(1) NULL DEFAULT 1 COMMENT '是否自动提交',
  `student_count` int NULL DEFAULT 0 COMMENT '学生数量',
  `question_count` int NULL DEFAULT 0 COMMENT '题目数量',
  PRIMARY KEY (`id`) USING BTREE,
  INDEX `idx_course_id`(`course_id` ASC) USING BTREE,
  INDEX `idx_session_id`(`session_id` ASC) USING BTREE,
  INDEX `idx_status`(`status` ASC) USING BTREE,
  INDEX `idx_start_time`(`start_time` ASC) USING BTREE
) ENGINE = InnoDB AUTO_INCREMENT = 22 CHARACTER SET = utf8mb4 COLLATE = utf8mb4_0900_ai_ci COMMENT = '考试基本信息表' ROW_FORMAT = DYNAMIC;

-- ----------------------------
-- Records of class_exam
-- ----------------------------
INSERT INTO `class_exam` VALUES (13, '1111', 3, 1, 1, 10.00, 6.00, 6, '2025-11-17 00:00:00', '2025-11-22 00:00:00', 1, 1, 0, 0, 3, 'admin', '2025-11-18 08:11:07', 'admin', '2025-11-18 09:06:25', '', 0, 0, 1, NULL, 2);
INSERT INTO `class_exam` VALUES (14, '22', 3, 1, 1, 4.00, 2.00, 6, '2025-11-18 00:00:00', '2025-11-21 00:00:00', 1, 0, 0, 0, 3, 'admin', '2025-11-18 08:14:50', 'admin', '2025-11-18 09:18:41', '', 0, 0, 1, NULL, 4);
INSERT INTO `class_exam` VALUES (15, '第一次测试', 3, 1, 1, 10.00, 6.00, 6, '2025-11-17 00:00:00', '2025-11-22 00:00:00', 1, 1, 0, 0, 3, 'admin', '2025-11-18 08:20:54', 'admin', '2025-11-18 09:06:23', '', 0, 0, 1, NULL, 2);
INSERT INTO `class_exam` VALUES (17, '3333', 3, 1, 1, 5.00, 3.00, 6, '2025-11-17 00:00:00', '2025-11-22 00:00:00', 1, 1, 0, 0, 3, 'admin', '2025-11-18 09:19:41', 'admin', '2025-11-18 16:56:57', '', 0, 0, 1, NULL, 5);
INSERT INTO `class_exam` VALUES (18, '11111111111', 3, 1, 1, 5.00, 3.00, 6, '2025-11-17 00:00:00', '2025-11-21 00:00:00', 1, 0, 0, 0, 3, 'admin', '2025-11-18 09:34:40', 'admin', '2025-11-18 16:56:56', '', 0, 0, 1, NULL, 5);
INSERT INTO `class_exam` VALUES (19, '4444444', 3, 1, 1, 3.00, 2.00, 6, '2025-11-17 00:00:00', '2025-11-22 00:00:00', 1, 0, 0, 0, 3, 'admin', '2025-11-18 09:47:42', 'admin', '2025-11-18 16:56:56', '', 0, 0, 1, NULL, 3);
INSERT INTO `class_exam` VALUES (20, '第一次测试', 3, 1, 1, 3.00, 2.00, 6, '2025-11-17 00:00:00', '2025-11-22 00:00:00', 1, 0, 0, 0, 3, 'admin', '2025-11-18 10:16:25', 'admin', '2025-11-18 16:56:55', '', 0, 0, 1, NULL, 3);
INSERT INTO `class_exam` VALUES (21, '00000', 5, 1, 1, 6.00, 4.00, 6, '2025-11-17 00:00:00', '2025-11-22 00:00:00', 1, 0, 0, 0, 3, 'admin', '2025-11-18 13:40:34', 'admin', '2025-11-18 16:56:53', '', 0, 0, 1, NULL, 6);

-- ----------------------------
-- Table structure for class_exam_answer
-- ----------------------------
DROP TABLE IF EXISTS `class_exam_answer`;
CREATE TABLE `class_exam_answer`  (
  `id` bigint NOT NULL AUTO_INCREMENT COMMENT '答案ID',
  `exam_id` bigint NOT NULL COMMENT '考试ID',
  `student_id` bigint NOT NULL COMMENT '学生ID',
  `student_no` varchar(50) CHARACTER SET utf8mb4 COLLATE utf8mb4_0900_ai_ci NOT NULL COMMENT '学号',
  `question_id` bigint NOT NULL COMMENT '题目ID',
  `student_answer` text CHARACTER SET utf8mb4 COLLATE utf8mb4_0900_ai_ci NULL COMMENT '学生答案',
  `answer_files` varchar(1000) CHARACTER SET utf8mb4 COLLATE utf8mb4_0900_ai_ci NULL DEFAULT NULL COMMENT '附件文件(多个用逗号分隔)',
  `is_correct` tinyint NULL DEFAULT NULL COMMENT '是否正确(客观题)',
  `score` decimal(5, 2) NULL DEFAULT 0.00 COMMENT '得分',
  `corrector_id` bigint NULL DEFAULT NULL COMMENT '批改人ID',
  `correct_time` datetime NULL DEFAULT NULL COMMENT '批改时间',
  `correct_comment` text CHARACTER SET utf8mb4 COLLATE utf8mb4_0900_ai_ci NULL COMMENT '批改评语',
  `answer_duration` int NULL DEFAULT 0 COMMENT '答题耗时(秒)',
  `create_time` datetime NULL DEFAULT CURRENT_TIMESTAMP COMMENT '创建时间',
  `update_time` datetime NULL DEFAULT CURRENT_TIMESTAMP ON UPDATE CURRENT_TIMESTAMP COMMENT '更新时间',
  `question_content` text CHARACTER SET utf8mb4 COLLATE utf8mb4_0900_ai_ci NULL COMMENT '题目内容快照',
  `question_options` text CHARACTER SET utf8mb4 COLLATE utf8mb4_0900_ai_ci NULL COMMENT '题目选项快照(JSON)',
  `correct_answer` text CHARACTER SET utf8mb4 COLLATE utf8mb4_0900_ai_ci NULL COMMENT '正确答案快照',
  PRIMARY KEY (`id`) USING BTREE,
  UNIQUE INDEX `uk_exam_student_question`(`exam_id` ASC, `student_id` ASC, `question_id` ASC) USING BTREE,
  INDEX `idx_student_no`(`student_no` ASC) USING BTREE,
  INDEX `idx_question_id`(`question_id` ASC) USING BTREE,
  INDEX `idx_corrector_id`(`corrector_id` ASC) USING BTREE,
  INDEX `idx_student_id`(`student_id` ASC) USING BTREE
) ENGINE = InnoDB AUTO_INCREMENT = 35 CHARACTER SET = utf8mb4 COLLATE = utf8mb4_0900_ai_ci COMMENT = '学生答案表' ROW_FORMAT = DYNAMIC;

-- ----------------------------
-- Records of class_exam_answer
-- ----------------------------
INSERT INTO `class_exam_answer` VALUES (1, 4, 1, '2022141460087', 10, 'true', NULL, 1, 1.00, NULL, NULL, NULL, NULL, '2025-11-15 01:28:32', '2025-11-15 01:32:24', '1', '', 'true');
INSERT INTO `class_exam_answer` VALUES (2, 4, 1, '2022141460087', 11, 'true', NULL, 1, 1.00, NULL, NULL, NULL, NULL, '2025-11-15 01:31:26', '2025-11-15 01:32:26', '2', '', 'true');
INSERT INTO `class_exam_answer` VALUES (3, 4, 1, '2022141460087', 12, 'false', NULL, 0, 1.00, NULL, NULL, NULL, NULL, '2025-11-15 01:31:31', '2025-11-15 01:31:31', '3', '', 'true');
INSERT INTO `class_exam_answer` VALUES (4, 4, 1, '2022141460087', 13, 'false', NULL, 0, 1.00, NULL, NULL, NULL, NULL, '2025-11-15 01:31:36', '2025-11-15 01:31:36', '4', '', 'true');
INSERT INTO `class_exam_answer` VALUES (5, 13, 1, '2022141460087', 20, 'true', NULL, 1, 1.00, NULL, NULL, NULL, NULL, '2025-11-18 08:38:40', '2025-11-18 09:05:54', '111111', '', 'true');
INSERT INTO `class_exam_answer` VALUES (6, 13, 1, '2022141460087', 21, 'true', NULL, 1, 1.00, NULL, NULL, NULL, NULL, '2025-11-18 08:38:43', '2025-11-18 09:05:59', '222222', '', 'true');
INSERT INTO `class_exam_answer` VALUES (7, 15, 1, '2022141460087', 25, 'true', NULL, 1, 1.00, NULL, NULL, NULL, NULL, '2025-11-18 08:52:43', '2025-11-18 08:52:43', '1', '', 'true');
INSERT INTO `class_exam_answer` VALUES (8, 15, 1, '2022141460087', 26, 'true', NULL, 1, 1.00, NULL, NULL, NULL, NULL, '2025-11-18 08:52:46', '2025-11-18 08:52:46', '2', '', 'true');
INSERT INTO `class_exam_answer` VALUES (13, 16, 1, '2022141460087', 31, 'true', NULL, 1, 1.00, NULL, NULL, NULL, NULL, '2025-11-18 09:13:22', '2025-11-18 09:13:22', '1', '', 'true');
INSERT INTO `class_exam_answer` VALUES (14, 16, 1, '2022141460087', 32, 'true', NULL, 1, 1.00, NULL, NULL, NULL, NULL, '2025-11-18 09:13:27', '2025-11-18 09:13:27', '2', '', 'true');
INSERT INTO `class_exam_answer` VALUES (15, 16, 1, '2022141460087', 33, 'A', NULL, 1, 1.00, NULL, NULL, NULL, NULL, '2025-11-18 09:13:34', '2025-11-18 09:13:34', '1', '[\"A\",\"B\",\"C\"]', 'A');
INSERT INTO `class_exam_answer` VALUES (16, 16, 1, '2022141460087', 34, '3', NULL, 0, 1.00, NULL, NULL, NULL, NULL, '2025-11-18 09:13:37', '2025-11-18 09:13:37', '2', '[\"2\",\"1\",\"3\"]', '2');
INSERT INTO `class_exam_answer` VALUES (17, 17, 1, '2022141460087', 35, 'true', NULL, 1, 1.00, NULL, NULL, NULL, NULL, '2025-11-18 09:20:58', '2025-11-18 09:20:58', '1', '', 'true');
INSERT INTO `class_exam_answer` VALUES (18, 17, 1, '2022141460087', 36, 'true', NULL, 1, 1.00, NULL, NULL, NULL, NULL, '2025-11-18 09:21:06', '2025-11-18 09:21:06', '2', '', 'true');
INSERT INTO `class_exam_answer` VALUES (19, 17, 1, '2022141460087', 37, 'false', NULL, 0, 1.00, NULL, NULL, NULL, NULL, '2025-11-18 09:21:09', '2025-11-18 09:21:09', '3', '', 'true');
INSERT INTO `class_exam_answer` VALUES (20, 17, 1, '2022141460087', 38, 'true', NULL, 1, 1.00, NULL, NULL, NULL, NULL, '2025-11-18 09:21:16', '2025-11-18 09:21:16', '4', '', 'true');
INSERT INTO `class_exam_answer` VALUES (21, 17, 1, '2022141460087', 39, '1', NULL, 1, 1.00, NULL, NULL, NULL, NULL, '2025-11-18 09:21:22', '2025-11-18 09:21:22', '5', '[\"1\",\"2\",\"3\"]', '1');
INSERT INTO `class_exam_answer` VALUES (22, 18, 1, '2023141460368', 40, 'true', NULL, 1, 1.00, NULL, NULL, NULL, NULL, '2025-11-18 09:36:10', '2025-11-18 09:36:10', '1', '', 'true');
INSERT INTO `class_exam_answer` VALUES (23, 18, 1, '2023141460368', 41, '2', NULL, 1, 1.00, NULL, NULL, NULL, NULL, '2025-11-18 09:36:47', '2025-11-18 09:36:51', '2', '[\"1\",\"1\",\"2\"]', '2');
INSERT INTO `class_exam_answer` VALUES (24, 18, 1, '2023141460368', 42, '3', NULL, 1, 1.00, NULL, NULL, NULL, NULL, '2025-11-18 09:36:53', '2025-11-18 09:36:55', '3', '[\"3\",\"1\",\"1\"]', '3');
INSERT INTO `class_exam_answer` VALUES (25, 18, 1, '2023141460368', 43, 'false', NULL, 0, 1.00, NULL, NULL, NULL, NULL, '2025-11-18 09:36:58', '2025-11-18 09:36:58', '2', '', 'true');
INSERT INTO `class_exam_answer` VALUES (26, 18, 1, '2023141460368', 44, 'false', NULL, 0, 1.00, NULL, NULL, NULL, NULL, '2025-11-18 09:37:00', '2025-11-18 09:37:00', '3', '', 'true');
INSERT INTO `class_exam_answer` VALUES (27, 19, 1, '2023141460368', 45, 'true', NULL, 1, 1.00, NULL, NULL, NULL, NULL, '2025-11-18 09:49:43', '2025-11-18 09:49:43', '1', '', 'true');
INSERT INTO `class_exam_answer` VALUES (28, 19, 1, '2023141460368', 46, 'false', NULL, 0, 1.00, NULL, NULL, NULL, NULL, '2025-11-18 09:49:45', '2025-11-18 09:49:45', '2', '', 'true');
INSERT INTO `class_exam_answer` VALUES (29, 19, 1, '2023141460368', 47, 'false', NULL, 0, 1.00, NULL, NULL, NULL, NULL, '2025-11-18 09:49:47', '2025-11-18 09:49:47', '3', '', 'true');
INSERT INTO `class_exam_answer` VALUES (30, 17, 38, '2023141460368', 35, 'true', NULL, 1, 1.00, NULL, NULL, NULL, NULL, '2025-11-18 16:56:31', '2025-11-18 16:56:31', '1', '', 'true');
INSERT INTO `class_exam_answer` VALUES (31, 17, 38, '2023141460368', 36, 'true', NULL, 1, 1.00, NULL, NULL, NULL, NULL, '2025-11-18 16:56:33', '2025-11-18 16:56:33', '2', '', 'true');
INSERT INTO `class_exam_answer` VALUES (32, 17, 38, '2023141460368', 37, 'true', NULL, 1, 1.00, NULL, NULL, NULL, NULL, '2025-11-18 16:56:34', '2025-11-18 16:56:34', '3', '', 'true');
INSERT INTO `class_exam_answer` VALUES (33, 17, 38, '2023141460368', 38, 'true', NULL, 1, 1.00, NULL, NULL, NULL, NULL, '2025-11-18 16:56:36', '2025-11-18 16:56:36', '4', '', 'true');
INSERT INTO `class_exam_answer` VALUES (34, 17, 38, '2023141460368', 39, '1', NULL, 1, 1.00, NULL, NULL, NULL, NULL, '2025-11-18 16:56:37', '2025-11-18 16:56:37', '5', '[\"1\",\"2\",\"3\"]', '1');

-- ----------------------------
-- Table structure for class_exam_monitor
-- ----------------------------
DROP TABLE IF EXISTS `class_exam_monitor`;
CREATE TABLE `class_exam_monitor`  (
  `id` bigint NOT NULL AUTO_INCREMENT COMMENT '监控ID',
  `exam_id` bigint NOT NULL COMMENT '考试ID',
  `student_id` bigint NOT NULL COMMENT '学生ID',
  `student_no` varchar(50) CHARACTER SET utf8mb4 COLLATE utf8mb4_0900_ai_ci NOT NULL COMMENT '学号',
  `event_type` tinyint NOT NULL COMMENT '事件类型(1切屏 2异常IP 3强制交卷 4开始考试 5提交试卷)',
  `event_time` datetime NOT NULL COMMENT '事件时间',
  `event_detail` text CHARACTER SET utf8mb4 COLLATE utf8mb4_0900_ai_ci NULL COMMENT '事件详情',
  `ip_address` varchar(50) CHARACTER SET utf8mb4 COLLATE utf8mb4_0900_ai_ci NULL DEFAULT NULL COMMENT 'IP地址',
  `handled` tinyint NULL DEFAULT 0 COMMENT '是否已处理(0否 1是)',
  `create_time` datetime NULL DEFAULT CURRENT_TIMESTAMP COMMENT '创建时间',
  PRIMARY KEY (`id`) USING BTREE,
  INDEX `idx_student_no`(`student_no` ASC) USING BTREE,
  INDEX `idx_exam_student`(`exam_id` ASC, `student_id` ASC) USING BTREE,
  INDEX `idx_event_type`(`event_type` ASC) USING BTREE,
  INDEX `idx_event_time`(`event_time` ASC) USING BTREE
) ENGINE = InnoDB CHARACTER SET = utf8mb4 COLLATE = utf8mb4_0900_ai_ci COMMENT = '考试监控记录表' ROW_FORMAT = DYNAMIC;

-- ----------------------------
-- Records of class_exam_monitor
-- ----------------------------

-- ----------------------------
-- Table structure for class_exam_participant
-- ----------------------------
DROP TABLE IF EXISTS `class_exam_participant`;
CREATE TABLE `class_exam_participant`  (
  `id` bigint NOT NULL AUTO_INCREMENT COMMENT '记录ID',
  `exam_id` bigint NOT NULL COMMENT '考试ID',
  `student_id` bigint NOT NULL COMMENT '学生ID',
  `student_no` varchar(50) CHARACTER SET utf8mb4 COLLATE utf8mb4_0900_ai_ci NOT NULL COMMENT '学号',
  `student_name` varchar(100) CHARACTER SET utf8mb4 COLLATE utf8mb4_0900_ai_ci NOT NULL COMMENT '学生姓名',
  `participant_status` tinyint NULL DEFAULT 0 COMMENT '参与状态(0未开始 1进行中 2已完成 3缺考)',
  `start_time` datetime NULL DEFAULT NULL COMMENT '开始时间',
  `submit_time` datetime NULL DEFAULT NULL COMMENT '提交时间',
  `ip_address` varchar(50) CHARACTER SET utf8mb4 COLLATE utf8mb4_0900_ai_ci NULL DEFAULT NULL COMMENT 'IP地址',
  `device_info` varchar(200) CHARACTER SET utf8mb4 COLLATE utf8mb4_0900_ai_ci NULL DEFAULT NULL COMMENT '设备信息',
  `total_score` decimal(5, 2) NULL DEFAULT 0.00 COMMENT '总得分',
  `time_used` int NULL DEFAULT 0 COMMENT '用时(秒)',
  `create_time` datetime NULL DEFAULT CURRENT_TIMESTAMP COMMENT '创建时间',
  `update_time` datetime NULL DEFAULT CURRENT_TIMESTAMP ON UPDATE CURRENT_TIMESTAMP COMMENT '更新时间',
  `objective_score` decimal(5, 2) NULL DEFAULT 0.00 COMMENT '客观题得分',
  `subjective_score` decimal(5, 2) NULL DEFAULT 0.00 COMMENT '主观题得分',
  `correct_status` tinyint NULL DEFAULT 0 COMMENT '批改状态(0未批改 1已批改)',
  `pass_status` tinyint NULL DEFAULT 0 COMMENT '及格状态(0不及格 1及格)',
  PRIMARY KEY (`id`) USING BTREE,
  UNIQUE INDEX `uk_exam_student`(`exam_id` ASC, `student_id` ASC) USING BTREE,
  INDEX `idx_student_no`(`student_no` ASC) USING BTREE,
  INDEX `idx_participant_status`(`participant_status` ASC) USING BTREE,
  INDEX `idx_student_id`(`student_id` ASC) USING BTREE,
  INDEX `idx_submit_time`(`submit_time` ASC) USING BTREE
) ENGINE = InnoDB AUTO_INCREMENT = 12 CHARACTER SET = utf8mb4 COLLATE = utf8mb4_0900_ai_ci COMMENT = '考试参与记录表' ROW_FORMAT = DYNAMIC;

-- ----------------------------
-- Records of class_exam_participant
-- ----------------------------
INSERT INTO `class_exam_participant` VALUES (1, 2, 1, '2022141460087', '贺英洲', 1, '2025-11-15 01:09:40', NULL, NULL, NULL, NULL, NULL, '2025-11-15 01:09:39', '2025-11-15 01:09:39', NULL, NULL, NULL, NULL);
INSERT INTO `class_exam_participant` VALUES (2, 4, 38, '2023141460368', '黎文靖', 2, '2025-11-15 01:09:55', '2025-11-15 01:11:49', NULL, NULL, NULL, 113, '2025-11-15 01:09:55', '2025-11-15 01:11:48', NULL, NULL, NULL, NULL);
INSERT INTO `class_exam_participant` VALUES (3, 13, 38, '2023141460368', '黎文靖', 2, '2025-11-18 08:34:45', '2025-11-18 08:38:48', NULL, NULL, NULL, 243, '2025-11-18 08:34:44', '2025-11-18 08:38:48', NULL, NULL, NULL, NULL);
INSERT INTO `class_exam_participant` VALUES (4, 15, 38, '2023141460368', '黎文靖', 2, '2025-11-18 08:52:37', '2025-11-18 08:52:50', NULL, NULL, NULL, 12, '2025-11-18 08:52:37', '2025-11-18 08:52:49', NULL, NULL, NULL, NULL);
INSERT INTO `class_exam_participant` VALUES (6, 16, 38, '2023141460368', '黎文靖', 2, '2025-11-18 09:13:14', '2025-11-18 09:13:41', NULL, NULL, NULL, 26, '2025-11-18 09:13:14', '2025-11-18 09:13:40', NULL, NULL, NULL, NULL);
INSERT INTO `class_exam_participant` VALUES (7, 17, 38, '2023141460368', '黎文靖', 2, '2025-11-18 09:20:47', '2025-11-18 09:21:24', NULL, NULL, 5.00, 37, '2025-11-18 09:20:47', '2025-11-18 16:56:37', 5.00, 5.00, NULL, 1);
INSERT INTO `class_exam_participant` VALUES (8, 18, 38, '2023141460368', '黎文靖', 2, '2025-11-18 09:35:56', '2025-11-18 09:37:03', NULL, NULL, NULL, 67, '2025-11-18 09:35:56', '2025-11-18 09:37:03', NULL, NULL, NULL, NULL);
INSERT INTO `class_exam_participant` VALUES (9, 19, 38, '2023141460368', '黎文靖', 2, '2025-11-18 09:49:35', '2025-11-18 09:49:50', NULL, NULL, NULL, 14, '2025-11-18 09:49:35', '2025-11-18 09:49:49', NULL, NULL, NULL, NULL);

-- ----------------------------
-- Table structure for class_exam_question
-- ----------------------------
DROP TABLE IF EXISTS `class_exam_question`;
CREATE TABLE `class_exam_question`  (
  `id` bigint NOT NULL AUTO_INCREMENT COMMENT '题目ID',
  `exam_id` bigint NOT NULL COMMENT '考试ID',
  `question_type` tinyint NOT NULL COMMENT '题型(1单选 2多选 3判断 4填空 5简答 6文件)',
  `question_content` text CHARACTER SET utf8mb4 COLLATE utf8mb4_0900_ai_ci NOT NULL COMMENT '题目内容',
  `question_options` text CHARACTER SET utf8mb4 COLLATE utf8mb4_0900_ai_ci NULL COMMENT '选项(JSON格式: [\"选项A\",\"选项B\",\"选项C\",\"选项D\"])',
  `correct_answer` text CHARACTER SET utf8mb4 COLLATE utf8mb4_0900_ai_ci NOT NULL COMMENT '正确答案',
  `analysis` text CHARACTER SET utf8mb4 COLLATE utf8mb4_0900_ai_ci NULL COMMENT '题目解析',
  `score` decimal(5, 2) NOT NULL COMMENT '题目分值',
  `difficulty` tinyint NULL DEFAULT 1 COMMENT '难度系数(1简单 2一般 3困难)',
  `sort_order` int NULL DEFAULT 0 COMMENT '排序序号',
  `create_by` varchar(64) CHARACTER SET utf8mb4 COLLATE utf8mb4_0900_ai_ci NULL DEFAULT '' COMMENT '创建者',
  `create_time` datetime NULL DEFAULT CURRENT_TIMESTAMP COMMENT '创建时间',
  `update_by` varchar(64) CHARACTER SET utf8mb4 COLLATE utf8mb4_0900_ai_ci NULL DEFAULT '' COMMENT '更新者',
  `update_time` datetime NULL DEFAULT CURRENT_TIMESTAMP ON UPDATE CURRENT_TIMESTAMP COMMENT '更新时间',
  `subject` varchar(100) CHARACTER SET utf8mb4 COLLATE utf8mb4_0900_ai_ci NULL DEFAULT NULL COMMENT '学科分类(如: 数学/英语/物理)',
  PRIMARY KEY (`id`) USING BTREE,
  INDEX `idx_exam_id`(`exam_id` ASC) USING BTREE,
  INDEX `idx_question_type`(`question_type` ASC) USING BTREE,
  INDEX `idx_difficulty`(`difficulty` ASC) USING BTREE,
  INDEX `idx_exam_question_subject`(`exam_id` ASC, `subject` ASC) USING BTREE
) ENGINE = InnoDB AUTO_INCREMENT = 57 CHARACTER SET = utf8mb4 COLLATE = utf8mb4_0900_ai_ci COMMENT = '题目表' ROW_FORMAT = DYNAMIC;

-- ----------------------------
-- Records of class_exam_question
-- ----------------------------
INSERT INTO `class_exam_question` VALUES (1, 3, 1, '一元二次方程 ax²+bx+c=0 的求根公式是？', '[\"A. x = (-b±√(b²-4ac))/2a\",\"B. x = (b±√(b²-4ac))/2a\",\"C. x = (-b±√(b²+4ac))/2a\",\"D. x = (-b±√(b²-4ac))/a\"]', 'A. x = (-b±√(b²-4ac))/2a', '解析：这是一元二次方程的标准求根公式。', 2.00, 1, 1, 'admin', '2025-11-14 18:24:15', 'admin', '2025-11-14 18:27:48', '研究与开发实践');
INSERT INTO `class_exam_question` VALUES (3, 3, 1, '选择正确的时态：I ______ to the park yesterday.', '[\"A. go\",\"B. went\",\"C. have gone\",\"D. will go\"]', 'A. go', '解析：yesterday表示过去时间，应该用一般过去时。', 2.00, 1, 3, 'admin', '2025-11-14 18:25:45', 'admin', '2025-11-14 18:28:04', '研究与开发实践');
INSERT INTO `class_exam_question` VALUES (4, 3, 1, '\"Ubiquitous\"的意思是什么？', '[\"A. 独特的\",\"B. 无处不在的\",\"C. 稀有的\",\"D. 复杂的\"]', 'A. 独特的', '解析：Ubiquitous意为普遍存在的，无处不在的。', 2.00, 1, 4, 'admin', '2025-11-14 18:26:22', 'admin', '2025-11-14 18:28:11', '研究与开发实践');
INSERT INTO `class_exam_question` VALUES (5, 3, 1, '地球上最大的洲是？', '[\"A. 非洲\",\"B. 北美洲\",\"C. 亚洲\",\"D. 欧洲\"]', 'A. 非洲', '解析：亚洲面积约4458万平方公里，是最大的洲。', 1.00, 1, 5, 'admin', '2025-11-14 18:26:58', 'admin', '2025-11-14 18:28:21', '研究与开发实践');
INSERT INTO `class_exam_question` VALUES (6, 3, 1, '中国历史上第一个封建王朝是？', '[\"A. 夏朝\",\"B. 商朝\",\"C. 周朝\",\"D. 秦朝\"]', 'A. 夏朝', '解析：夏朝是中国史书中记载的第一个世袭制朝代。', 1.00, 1, 6, 'admin', '2025-11-14 18:27:35', '', '2025-11-14 18:27:35', '研究与开发实践');
INSERT INTO `class_exam_question` VALUES (7, 3, 1, '世界上最长的河流是？', '[\"A. 亚马逊河\",\"B. 长江\",\"C. 尼罗河\",\"D. 密西西比河\"]', 'C. 尼罗河', '解析：尼罗河全长约6650公里，是世界最长的河流。', 2.00, 1, 7, 'admin', '2025-11-14 18:29:03', '', '2025-11-14 18:29:03', '研究与开发实践');
INSERT INTO `class_exam_question` VALUES (10, 4, 3, '1', '', 'true', '', 1.00, 1, 1, 'admin', '2025-11-15 01:10:52', '', '2025-11-15 01:10:52', NULL);
INSERT INTO `class_exam_question` VALUES (11, 4, 3, '2', '', 'true', '', 1.00, 1, 2, 'admin', '2025-11-15 01:11:01', '', '2025-11-15 01:11:01', NULL);
INSERT INTO `class_exam_question` VALUES (12, 4, 3, '3', '', 'true', '', 1.00, 1, 3, 'admin', '2025-11-15 01:11:09', '', '2025-11-15 01:11:09', NULL);
INSERT INTO `class_exam_question` VALUES (13, 4, 3, '4', '', 'true', '', 1.00, 1, 4, 'admin', '2025-11-15 01:11:17', '', '2025-11-15 01:11:17', NULL);
INSERT INTO `class_exam_question` VALUES (14, 5, 3, '11111111111111', '', 'true', '', 1.00, 1, 1, 'admin', '2025-11-17 23:05:35', '', '2025-11-17 23:05:35', NULL);
INSERT INTO `class_exam_question` VALUES (15, 5, 1, '22222222222', '[\"A\",\"B\",\"C\"]', 'A', '', 1.00, 1, 2, 'admin', '2025-11-17 23:05:51', '', '2025-11-17 23:05:51', NULL);
INSERT INTO `class_exam_question` VALUES (16, 5, 3, '3333333', '', 'true', '', 1.00, 1, 3, 'admin', '2025-11-17 23:06:02', '', '2025-11-17 23:06:02', NULL);
INSERT INTO `class_exam_question` VALUES (17, 11, 3, '1111111', '', 'true', '', 1.00, 1, 1, 'admin', '2025-11-18 00:12:09', '', '2025-11-18 00:12:09', NULL);
INSERT INTO `class_exam_question` VALUES (18, 11, 3, '12222222222222222222', '', 'true', '', 1.00, 1, 2, 'admin', '2025-11-18 00:12:25', '', '2025-11-18 00:12:25', NULL);
INSERT INTO `class_exam_question` VALUES (19, 11, 3, '2e3242', '', 'true', '', 1.00, 1, 3, 'admin', '2025-11-18 00:12:32', '', '2025-11-18 00:12:32', NULL);
INSERT INTO `class_exam_question` VALUES (20, 13, 3, '111111', '', 'true', '', 1.00, 1, 1, 'admin', '2025-11-18 08:11:48', '', '2025-11-18 08:11:48', NULL);
INSERT INTO `class_exam_question` VALUES (21, 13, 3, '222222', '', 'true', '', 1.00, 1, 2, 'admin', '2025-11-18 08:12:01', '', '2025-11-18 08:12:01', NULL);
INSERT INTO `class_exam_question` VALUES (22, 2, 3, '1', '', 'true', '', 1.00, 1, 1, 'admin', '2025-11-18 08:12:50', '', '2025-11-18 08:12:50', NULL);
INSERT INTO `class_exam_question` VALUES (23, 2, 3, '2', '', 'true', '', 1.00, 1, 2, 'admin', '2025-11-18 08:12:56', '', '2025-11-18 08:12:56', NULL);
INSERT INTO `class_exam_question` VALUES (24, 2, 3, '3', '', 'true', '', 1.00, 1, 3, 'admin', '2025-11-18 08:13:03', '', '2025-11-18 08:13:03', NULL);
INSERT INTO `class_exam_question` VALUES (25, 15, 3, '1', '', 'true', '', 1.00, 1, 1, 'admin', '2025-11-18 08:21:03', '', '2025-11-18 08:21:03', NULL);
INSERT INTO `class_exam_question` VALUES (26, 15, 3, '2', '', 'true', '', 1.00, 1, 2, 'admin', '2025-11-18 08:21:12', '', '2025-11-18 08:21:12', NULL);
INSERT INTO `class_exam_question` VALUES (31, 16, 3, '1', '', 'true', '', 1.00, 1, 1, 'admin', '2025-11-18 09:12:08', '', '2025-11-18 09:12:08', NULL);
INSERT INTO `class_exam_question` VALUES (32, 16, 3, '2', '', 'true', '', 1.00, 1, 2, 'admin', '2025-11-18 09:12:15', '', '2025-11-18 09:12:15', NULL);
INSERT INTO `class_exam_question` VALUES (33, 16, 1, '1', '[\"A\",\"B\",\"C\"]', 'A', '', 1.00, 1, 3, 'admin', '2025-11-18 09:12:35', '', '2025-11-18 09:12:35', NULL);
INSERT INTO `class_exam_question` VALUES (34, 16, 1, '2', '[\"2\",\"1\",\"3\"]', '2', '', 1.00, 1, 4, 'admin', '2025-11-18 09:12:51', '', '2025-11-18 09:12:51', NULL);
INSERT INTO `class_exam_question` VALUES (35, 17, 3, '1', '', 'true', '', 1.00, 1, 1, 'admin', '2025-11-18 09:19:49', '', '2025-11-18 09:19:49', NULL);
INSERT INTO `class_exam_question` VALUES (36, 17, 3, '2', '', 'true', '', 1.00, 1, 2, 'admin', '2025-11-18 09:19:59', '', '2025-11-18 09:19:59', NULL);
INSERT INTO `class_exam_question` VALUES (37, 17, 3, '3', '', 'true', '', 1.00, 1, 3, 'admin', '2025-11-18 09:20:03', '', '2025-11-18 09:20:03', NULL);
INSERT INTO `class_exam_question` VALUES (38, 17, 3, '4', '', 'true', '', 1.00, 1, 4, 'admin', '2025-11-18 09:20:14', '', '2025-11-18 09:20:14', NULL);
INSERT INTO `class_exam_question` VALUES (39, 17, 1, '5', '[\"1\",\"2\",\"3\"]', '1', '', 1.00, 1, 5, 'admin', '2025-11-18 09:20:25', '', '2025-11-18 09:20:25', NULL);
INSERT INTO `class_exam_question` VALUES (40, 18, 3, '1', '', 'true', '', 1.00, 1, 1, 'admin', '2025-11-18 09:34:47', '', '2025-11-18 09:34:47', NULL);
INSERT INTO `class_exam_question` VALUES (41, 18, 1, '2', '[\"1\",\"1\",\"2\"]', '2', '', 1.00, 1, 2, 'admin', '2025-11-18 09:34:57', '', '2025-11-18 09:34:57', NULL);
INSERT INTO `class_exam_question` VALUES (42, 18, 1, '3', '[\"3\",\"1\",\"1\"]', '3', '', 1.00, 1, 3, 'admin', '2025-11-18 09:35:06', '', '2025-11-18 09:35:06', NULL);
INSERT INTO `class_exam_question` VALUES (43, 18, 3, '2', '', 'true', '', 1.00, 1, 4, 'admin', '2025-11-18 09:35:13', '', '2025-11-18 09:35:13', NULL);
INSERT INTO `class_exam_question` VALUES (44, 18, 3, '3', '', 'true', '', 1.00, 1, 5, 'admin', '2025-11-18 09:35:29', '', '2025-11-18 09:35:29', NULL);
INSERT INTO `class_exam_question` VALUES (45, 19, 3, '1', '', 'true', '', 1.00, 1, 1, 'admin', '2025-11-18 09:47:48', '', '2025-11-18 09:47:48', NULL);
INSERT INTO `class_exam_question` VALUES (46, 19, 3, '2', '', 'true', '', 1.00, 1, 2, 'admin', '2025-11-18 09:47:53', '', '2025-11-18 09:47:53', NULL);
INSERT INTO `class_exam_question` VALUES (47, 19, 3, '3', '', 'true', '', 1.00, 1, 3, 'admin', '2025-11-18 09:47:57', '', '2025-11-18 09:47:57', NULL);
INSERT INTO `class_exam_question` VALUES (51, 21, 3, '22222', '', 'true', '', 1.00, 1, 1, 'admin', '2025-11-18 13:40:44', '', '2025-11-18 13:40:44', NULL);
INSERT INTO `class_exam_question` VALUES (52, 21, 3, '33333', '', 'true', '', 1.00, 1, 2, 'admin', '2025-11-18 13:40:53', '', '2025-11-18 13:40:53', NULL);
INSERT INTO `class_exam_question` VALUES (53, 21, 3, '3', '', 'false', '', 1.00, 1, 3, 'admin', '2025-11-18 13:41:05', '', '2025-11-18 13:41:05', NULL);
INSERT INTO `class_exam_question` VALUES (54, 21, 3, '4', '', 'true', '', 1.00, 1, 4, 'admin', '2025-11-18 13:41:13', '', '2025-11-18 13:41:13', NULL);
INSERT INTO `class_exam_question` VALUES (55, 21, 3, '5', '', 'true', '', 1.00, 1, 5, 'admin', '2025-11-18 13:41:26', '', '2025-11-18 13:41:26', NULL);
INSERT INTO `class_exam_question` VALUES (56, 21, 3, '6', '', 'true', '', 1.00, 1, 6, 'admin', '2025-11-18 13:41:33', '', '2025-11-18 13:41:33', NULL);

-- ----------------------------
-- Table structure for class_exam_session
-- ----------------------------
DROP TABLE IF EXISTS `class_exam_session`;
CREATE TABLE `class_exam_session`  (
  `id` bigint NOT NULL AUTO_INCREMENT COMMENT 'ID',
  `exam_id` bigint NOT NULL COMMENT '考试ID',
  `session_id` bigint NOT NULL COMMENT '课堂ID',
  `create_time` datetime NULL DEFAULT CURRENT_TIMESTAMP COMMENT '创建时间',
  PRIMARY KEY (`id`) USING BTREE,
  UNIQUE INDEX `uk_exam_session`(`exam_id` ASC, `session_id` ASC) USING BTREE,
  INDEX `idx_exam_id`(`exam_id` ASC) USING BTREE,
  INDEX `idx_session_id`(`session_id` ASC) USING BTREE
) ENGINE = InnoDB AUTO_INCREMENT = 1 CHARACTER SET = utf8mb4 COLLATE = utf8mb4_0900_ai_ci COMMENT = '考试与课堂关联表' ROW_FORMAT = DYNAMIC;

-- ----------------------------
-- Records of class_exam_session
-- ----------------------------

-- ----------------------------
-- Table structure for class_forum_comment
-- ----------------------------
DROP TABLE IF EXISTS `class_forum_comment`;
CREATE TABLE `class_forum_comment`  (
  `comment_id` bigint NOT NULL AUTO_INCREMENT COMMENT '评论ID',
  `post_id` bigint NOT NULL COMMENT '帖子ID',
  `user_id` bigint NOT NULL COMMENT '评论用户ID',
  `parent_id` bigint NULL DEFAULT 0 COMMENT '父评论ID（0表示顶级评论）',
  `reply_to_user_id` bigint NULL DEFAULT NULL COMMENT '回复目标用户ID',
  `content` varchar(500) CHARACTER SET utf8mb4 COLLATE utf8mb4_0900_ai_ci NOT NULL COMMENT '评论内容',
  `del_flag` char(1) CHARACTER SET utf8mb4 COLLATE utf8mb4_0900_ai_ci NULL DEFAULT '0' COMMENT '删除标志（0代表存在 2代表删除）',
  `create_by` varchar(64) CHARACTER SET utf8mb4 COLLATE utf8mb4_0900_ai_ci NULL DEFAULT '' COMMENT '创建者',
  `create_time` datetime NULL DEFAULT NULL COMMENT '创建时间',
  `update_by` varchar(64) CHARACTER SET utf8mb4 COLLATE utf8mb4_0900_ai_ci NULL DEFAULT '' COMMENT '更新者',
  `update_time` datetime NULL DEFAULT NULL COMMENT '更新时间',
  PRIMARY KEY (`comment_id`) USING BTREE,
  INDEX `idx_comment_post_id`(`post_id` ASC) USING BTREE,
  INDEX `idx_comment_user_id`(`user_id` ASC) USING BTREE,
  INDEX `idx_parent_id`(`parent_id` ASC) USING BTREE,
  CONSTRAINT `fk_comment_post` FOREIGN KEY (`post_id`) REFERENCES `class_forum_post` (`post_id`) ON DELETE RESTRICT ON UPDATE RESTRICT,
  CONSTRAINT `fk_comment_user` FOREIGN KEY (`user_id`) REFERENCES `sys_user` (`user_id`) ON DELETE RESTRICT ON UPDATE RESTRICT
) ENGINE = InnoDB AUTO_INCREMENT = 117 CHARACTER SET = utf8mb4 COLLATE = utf8mb4_0900_ai_ci COMMENT = '论坛评论表' ROW_FORMAT = DYNAMIC;

-- ----------------------------
-- Records of class_forum_comment
-- ----------------------------
INSERT INTO `class_forum_comment` VALUES (100, 2, 1, 0, NULL, '太棒了！', '0', '', '2025-11-06 15:52:00', '', NULL);
INSERT INTO `class_forum_comment` VALUES (101, 2, 1, 0, NULL, '厉害！', '0', '', '2025-11-06 15:53:48', '', NULL);
INSERT INTO `class_forum_comment` VALUES (102, 1, 1, 0, NULL, '请大家积极评论', '0', '', '2025-11-06 16:18:48', '', NULL);
INSERT INTO `class_forum_comment` VALUES (103, 1, 1, 0, NULL, '谢谢大家', '0', 'admin', '2025-11-06 16:29:21', '', NULL);
INSERT INTO `class_forum_comment` VALUES (104, 3, 4, 0, NULL, 'Vue双向绑定基于Object.defineProperty实现的', '0', 'teacher1', '2025-11-06 14:10:00', '', NULL);
INSERT INTO `class_forum_comment` VALUES (105, 3, 3, 104, 4, '谢谢王老师！我去查一下这个方法', '0', 'student1', '2025-11-06 14:15:00', '', NULL);
INSERT INTO `class_forum_comment` VALUES (106, 4, 1, 0, NULL, '请问需要安装哪些依赖？', '0', 'admin', '2025-11-06 15:35:00', '', NULL);
INSERT INTO `class_forum_comment` VALUES (107, 4, 4, 106, 1, '只需要spring-boot-starter-web即可', '0', 'teacher1', '2025-11-06 15:40:00', '', NULL);
INSERT INTO `class_forum_comment` VALUES (108, 4, 5, 0, NULL, '会讲数据库连接吗？', '0', 'student2', '2025-11-06 15:45:00', '', NULL);
INSERT INTO `class_forum_comment` VALUES (109, 4, 4, 108, 5, '会的，会包含MySQL和MyBatis的整合', '0', 'teacher1', '2025-11-06 15:50:00', '', NULL);
INSERT INTO `class_forum_comment` VALUES (110, 4, 2, 0, NULL, '期待！', '0', 'ry', '2025-11-06 16:00:00', '', NULL);
INSERT INTO `class_forum_comment` VALUES (111, 5, 1, 0, NULL, '求链接！', '0', 'admin', '2025-11-06 16:50:00', '', NULL);
INSERT INTO `class_forum_comment` VALUES (112, 4, 1, 106, NULL, '蹲蹲！', '0', 'admin', '2025-11-06 21:02:46', '', NULL);
INSERT INTO `class_forum_comment` VALUES (114, 119, 1, 0, NULL, '好！', '2', 'admin', '2025-11-11 19:30:02', 'admin', '2025-11-14 08:44:12');
INSERT INTO `class_forum_comment` VALUES (115, 4, 1, 108, 5, '好！', '0', 'admin', '2025-11-11 19:30:14', '', NULL);
INSERT INTO `class_forum_comment` VALUES (116, 123, 1, 0, NULL, '111', '0', 'admin', '2025-11-12 23:07:37', '', NULL);

-- ----------------------------
-- Table structure for class_forum_like
-- ----------------------------
DROP TABLE IF EXISTS `class_forum_like`;
CREATE TABLE `class_forum_like`  (
  `like_id` bigint NOT NULL AUTO_INCREMENT COMMENT '点赞ID',
  `post_id` bigint NOT NULL COMMENT '帖子ID',
  `user_id` bigint NOT NULL COMMENT '点赞用户ID',
  `del_flag` char(1) CHARACTER SET utf8mb4 COLLATE utf8mb4_0900_ai_ci NULL DEFAULT '0' COMMENT '删除标志（0代表存在 2代表删除）',
  `create_by` varchar(64) CHARACTER SET utf8mb4 COLLATE utf8mb4_0900_ai_ci NULL DEFAULT '' COMMENT '创建者',
  `create_time` datetime NULL DEFAULT NULL COMMENT '创建时间',
  `update_by` varchar(64) CHARACTER SET utf8mb4 COLLATE utf8mb4_0900_ai_ci NULL DEFAULT '' COMMENT '更新者',
  `update_time` datetime NULL DEFAULT NULL COMMENT '更新时间',
  PRIMARY KEY (`like_id`) USING BTREE,
  UNIQUE INDEX `idx_post_user`(`post_id` ASC, `user_id` ASC) USING BTREE,
  INDEX `idx_like_user_id`(`user_id` ASC) USING BTREE,
  CONSTRAINT `fk_like_post` FOREIGN KEY (`post_id`) REFERENCES `class_forum_post` (`post_id`) ON DELETE RESTRICT ON UPDATE RESTRICT,
  CONSTRAINT `fk_like_user` FOREIGN KEY (`user_id`) REFERENCES `sys_user` (`user_id`) ON DELETE RESTRICT ON UPDATE RESTRICT
) ENGINE = InnoDB AUTO_INCREMENT = 122 CHARACTER SET = utf8mb4 COLLATE = utf8mb4_0900_ai_ci COMMENT = '论坛点赞表' ROW_FORMAT = DYNAMIC;

-- ----------------------------
-- Records of class_forum_like
-- ----------------------------
INSERT INTO `class_forum_like` VALUES (1, 1, 2, '0', 'ry', '2025-11-06 10:05:00', '', NULL);
INSERT INTO `class_forum_like` VALUES (2, 1, 1, '0', 'admin', '2025-11-06 10:10:00', 'admin', '2025-11-06 21:00:09');
INSERT INTO `class_forum_like` VALUES (3, 2, 1, '2', 'admin', '2025-11-06 11:35:00', 'admin', '2025-11-07 11:07:59');
INSERT INTO `class_forum_like` VALUES (104, 3, 4, '0', 'teacher1', '2025-11-06 14:05:00', '', NULL);
INSERT INTO `class_forum_like` VALUES (105, 4, 1, '0', 'admin', '2025-11-06 15:32:00', '', NULL);
INSERT INTO `class_forum_like` VALUES (106, 4, 2, '0', 'ry', '2025-11-06 15:33:00', '', NULL);
INSERT INTO `class_forum_like` VALUES (107, 4, 5, '0', 'student2', '2025-11-06 15:34:00', '', NULL);
INSERT INTO `class_forum_like` VALUES (108, 5, 1, '0', 'admin', '2025-11-06 16:46:00', '', NULL);
INSERT INTO `class_forum_like` VALUES (109, 5, 4, '0', 'teacher1', '2025-11-06 16:47:00', '', NULL);
INSERT INTO `class_forum_like` VALUES (110, 100, 1, '0', 'admin', '2025-11-06 17:04:12', '', NULL);
INSERT INTO `class_forum_like` VALUES (111, 107, 1, '2', 'admin', NULL, '', NULL);
INSERT INTO `class_forum_like` VALUES (113, 3, 1, '0', 'admin', NULL, 'admin', '2025-11-07 09:38:57');
INSERT INTO `class_forum_like` VALUES (116, 118, 1, '2', 'admin', '2025-11-11 18:45:49', 'admin', '2025-11-11 18:47:52');
INSERT INTO `class_forum_like` VALUES (117, 119, 1, '2', 'admin', '2025-11-11 19:29:55', 'admin', '2025-11-14 08:44:12');
INSERT INTO `class_forum_like` VALUES (118, 123, 1, '0', 'admin', '2025-11-12 23:07:32', '', NULL);
INSERT INTO `class_forum_like` VALUES (119, 124, 2, '0', 'ry', '2025-11-14 09:36:21', '', NULL);
INSERT INTO `class_forum_like` VALUES (120, 124, 101, '0', 'student_li', '2025-11-14 10:02:19', '', NULL);
INSERT INTO `class_forum_like` VALUES (121, 100, 101, '0', 'student_li', '2025-11-16 05:16:09', '', NULL);

-- ----------------------------
-- Table structure for class_forum_post
-- ----------------------------
DROP TABLE IF EXISTS `class_forum_post`;
CREATE TABLE `class_forum_post`  (
  `post_id` bigint NOT NULL AUTO_INCREMENT COMMENT '帖子ID',
  `user_id` bigint NOT NULL COMMENT '发布用户ID',
  `content` text CHARACTER SET utf8mb4 COLLATE utf8mb4_0900_ai_ci NOT NULL COMMENT '帖子内容',
  `image_urls` varchar(10000) CHARACTER SET utf8mb4 COLLATE utf8mb4_0900_ai_ci NULL DEFAULT NULL COMMENT '图片URL列表，逗号分隔',
  `like_count` int NULL DEFAULT 0 COMMENT '点赞数',
  `comment_count` int NULL DEFAULT 0 COMMENT '评论数',
  `status` char(1) CHARACTER SET utf8mb4 COLLATE utf8mb4_0900_ai_ci NULL DEFAULT '0' COMMENT '状态（0正常 1关闭）',
  `del_flag` char(1) CHARACTER SET utf8mb4 COLLATE utf8mb4_0900_ai_ci NULL DEFAULT '0' COMMENT '删除标志（0代表存在 2代表删除）',
  `create_by` varchar(64) CHARACTER SET utf8mb4 COLLATE utf8mb4_0900_ai_ci NULL DEFAULT '' COMMENT '创建者',
  `create_time` datetime NULL DEFAULT NULL COMMENT '创建时间',
  `update_by` varchar(64) CHARACTER SET utf8mb4 COLLATE utf8mb4_0900_ai_ci NULL DEFAULT '' COMMENT '更新者',
  `update_time` datetime NULL DEFAULT NULL COMMENT '更新时间',
  `remark` varchar(500) CHARACTER SET utf8mb4 COLLATE utf8mb4_0900_ai_ci NULL DEFAULT NULL COMMENT '备注',
  PRIMARY KEY (`post_id`) USING BTREE,
  INDEX `idx_user_id`(`user_id` ASC) USING BTREE,
  CONSTRAINT `fk_post_user` FOREIGN KEY (`user_id`) REFERENCES `sys_user` (`user_id`) ON DELETE RESTRICT ON UPDATE RESTRICT
) ENGINE = InnoDB AUTO_INCREMENT = 125 CHARACTER SET = utf8mb4 COLLATE = utf8mb4_0900_ai_ci COMMENT = '论坛帖子表' ROW_FORMAT = DYNAMIC;

-- ----------------------------
-- Records of class_forum_post
-- ----------------------------
INSERT INTO `class_forum_post` VALUES (1, 1, '欢迎大家来到课堂论坛！这里是我们交流学习心得的地方。', '', 2, 2, '0', '0', 'admin', '2025-11-06 10:00:00', '', NULL, NULL);
INSERT INTO `class_forum_post` VALUES (2, 2, '今天学习了Spring Security，感觉对权限管理有了更深的理解。分享一些学习笔记...', '', 0, 2, '0', '0', 'ry', '2025-11-06 11:30:00', '', NULL, NULL);
INSERT INTO `class_forum_post` VALUES (3, 3, '有没有同学知道Vue的双向绑定原理？想请教一下~', 'https://picsum.photos/400/300?random=10,https://picsum.photos/400/300?random=11', 2, 3, '0', '0', 'student1', '2025-11-06 14:00:00', '', NULL, NULL);
INSERT INTO `class_forum_post` VALUES (4, 4, '下周将讲解Spring Boot实战案例，大家提前准备好环境哦！', '', 3, 5, '0', '0', 'teacher1', '2025-11-06 15:30:00', '', NULL, NULL);
INSERT INTO `class_forum_post` VALUES (5, 5, '分享一个好用的学习资源网站，里面有很多Java教程~', 'https://picsum.photos/400/300?random=12', 2, 1, '0', '0', 'student2', '2025-11-06 16:45:00', '', NULL, NULL);
INSERT INTO `class_forum_post` VALUES (100, 1, '计网好难啊！！！！！', '', 2, 0, '0', '0', 'admin', '2025-11-06 17:02:38', '', NULL, NULL);
INSERT INTO `class_forum_post` VALUES (107, 1, 'test', 'https://picsum.photos/400/300?random=13', 0, 0, '0', '2', 'admin', '2025-11-06 20:00:09', 'admin', '2025-11-16 07:40:01', NULL);
INSERT INTO `class_forum_post` VALUES (118, 1, '', '@/assets/xxsq_images/e8286666-285e-44fe-b353-fc100185fe27.png', 0, 0, '0', '2', 'admin', '2025-11-11 18:45:44', 'admin', '2025-11-14 08:44:08', NULL);
INSERT INTO `class_forum_post` VALUES (119, 1, '1111', '@/assets/xxsq_images/4d556801-572b-4320-99d3-0aaf287e92a8.png', 1, 1, '0', '2', 'admin', '2025-11-11 19:29:51', 'admin', '2025-11-14 08:44:12', NULL);
INSERT INTO `class_forum_post` VALUES (120, 1, '11', '@/assets/xxsq_images/e73ae82f-9424-4d96-9867-484eef3ddb28.png', 0, 0, '0', '2', 'admin', '2025-11-11 21:12:42', 'admin', '2025-11-14 08:43:58', NULL);
INSERT INTO `class_forum_post` VALUES (121, 1, '1', '@/assets/xxsq_images/4b717c8f-114b-48f1-b8e4-e2b2aa4c5307.png', 0, 0, '0', '2', 'admin', '2025-11-11 21:16:35', 'admin', '2025-11-14 08:44:02', NULL);
INSERT INTO `class_forum_post` VALUES (122, 1, '11', '@/assets/xxsq_images/5e197d17-f461-4aa4-af1e-07a947494141.png', 0, 0, '0', '2', 'admin', '2025-11-11 21:28:41', 'admin', '2025-11-14 08:43:54', NULL);
INSERT INTO `class_forum_post` VALUES (123, 1, '帖子内容', '/profile/202d0362-4b00-41c9-b9df-b26401fdfd33.png', 1, 1, '0', '0', 'admin', '2025-11-12 23:07:26', '', NULL, NULL);
INSERT INTO `class_forum_post` VALUES (124, 1, 'test', '/profile/forum_20251114_084434_45649792.png', 2, 0, '0', '0', 'admin', '2025-11-14 08:44:34', '', NULL, NULL);

-- ----------------------------
-- Table structure for class_group
-- ----------------------------
DROP TABLE IF EXISTS `class_group`;
CREATE TABLE `class_group`  (
  `group_id` bigint NOT NULL AUTO_INCREMENT COMMENT '小组ID',
  `group_name` varchar(100) CHARACTER SET utf8mb4 COLLATE utf8mb4_0900_ai_ci NOT NULL COMMENT '小组名称',
  `owner_user_id` bigint NOT NULL COMMENT '创建者ID (FK sys_user)',
  `group_number` varchar(20) CHARACTER SET utf8mb4 COLLATE utf8mb4_0900_ai_ci NOT NULL COMMENT '小组号 (唯一)',
  `avatar` varchar(255) CHARACTER SET utf8mb4 COLLATE utf8mb4_0900_ai_ci NULL DEFAULT '' COMMENT '小组头像URL',
  `qr_code` varchar(255) CHARACTER SET utf8mb4 COLLATE utf8mb4_0900_ai_ci NULL DEFAULT '' COMMENT '小组二维码URL (占位)',
  `latest_message_id` bigint NULL DEFAULT NULL COMMENT '最新消息ID (FK class_group_message)',
  `del_flag` char(1) CHARACTER SET utf8mb4 COLLATE utf8mb4_0900_ai_ci NULL DEFAULT '0' COMMENT '删除标志（0代表存在 2代表删除）',
  `create_by` varchar(64) CHARACTER SET utf8mb4 COLLATE utf8mb4_0900_ai_ci NULL DEFAULT '' COMMENT '创建者',
  `create_time` datetime NULL DEFAULT NULL COMMENT '创建时间',
  `update_by` varchar(64) CHARACTER SET utf8mb4 COLLATE utf8mb4_0900_ai_ci NULL DEFAULT '' COMMENT '更新者',
  `update_time` datetime NULL DEFAULT NULL COMMENT '更新时间',
  PRIMARY KEY (`group_id`) USING BTREE,
  UNIQUE INDEX `idx_group_number`(`group_number` ASC) USING BTREE,
  INDEX `idx_owner_user_id`(`owner_user_id` ASC) USING BTREE,
  CONSTRAINT `fk_group_owner` FOREIGN KEY (`owner_user_id`) REFERENCES `sys_user` (`user_id`) ON DELETE RESTRICT ON UPDATE RESTRICT
) ENGINE = InnoDB AUTO_INCREMENT = 105 CHARACTER SET = utf8mb4 COLLATE = utf8mb4_0900_ai_ci COMMENT = '小组讨论-信息表' ROW_FORMAT = DYNAMIC;

-- ----------------------------
-- Records of class_group
-- ----------------------------
INSERT INTO `class_group` VALUES (100, 'Java期末冲刺小组', 3, '10001', '/profile/group_20251115_221235_bb856ebc.png', '', 359, '0', 'admin', '2025-11-10 10:00:00', 'admin', '2025-11-16 05:15:05');
INSERT INTO `class_group` VALUES (101, 'Vue前端技术交流', 4, '10002', 'https://img.tukuppt.com/ad_preview/00/43/05/hvNg3z62ZN.jpg!/fw/260', '', 346, '0', 'teacher1', '2025-11-11 11:00:00', '', '2025-11-16 01:25:31');
INSERT INTO `class_group` VALUES (102, '吃饭！', 1, '447710', 'https://www.keaitupian.cn/cjpic/frombd/1/253/1078476678/1730821970.jpg', NULL, 320, '2', 'admin', '2025-11-14 09:19:31', 'admin', '2025-11-15 23:14:55');
INSERT INTO `class_group` VALUES (103, '计算机网络实验小组', 2, '095102', '/profile/group_20251116_024126_0f23ad5f.png', NULL, 361, '0', 'ry', '2025-11-16 02:40:51', 'ry', '2025-11-16 07:45:16');
INSERT INTO `class_group` VALUES (104, '金融大数据', 1, '061244', '/profile/group_20251116_074939_02333370.png', NULL, 362, '0', 'admin', '2025-11-16 07:49:15', 'admin', '2025-11-16 07:49:39');

-- ----------------------------
-- Table structure for class_group_member
-- ----------------------------
DROP TABLE IF EXISTS `class_group_member`;
CREATE TABLE `class_group_member`  (
  `member_id` bigint NOT NULL AUTO_INCREMENT COMMENT '成员ID',
  `group_id` bigint NOT NULL COMMENT '小组ID (FK)',
  `user_id` bigint NOT NULL COMMENT '用户ID (FK)',
  `status` char(1) CHARACTER SET utf8mb4 COLLATE utf8mb4_0900_ai_ci NULL DEFAULT '0' COMMENT '状态（0正常 2已移除）',
  `last_read_message_id` bigint NULL DEFAULT 0 COMMENT '最后已读消息ID (用于计算未读)',
  `del_flag` char(1) CHARACTER SET utf8mb4 COLLATE utf8mb4_0900_ai_ci NULL DEFAULT '0' COMMENT '删除标志（0代表存在 2代表删除）',
  `create_by` varchar(64) CHARACTER SET utf8mb4 COLLATE utf8mb4_0900_ai_ci NULL DEFAULT '' COMMENT '邀请者/加入者',
  `create_time` datetime NULL DEFAULT NULL COMMENT '加入时间',
  `update_by` varchar(64) CHARACTER SET utf8mb4 COLLATE utf8mb4_0900_ai_ci NULL DEFAULT '' COMMENT '更新者',
  `update_time` datetime NULL DEFAULT NULL COMMENT '更新时间',
  PRIMARY KEY (`member_id`) USING BTREE,
  UNIQUE INDEX `idx_group_user`(`group_id` ASC, `user_id` ASC) USING BTREE,
  INDEX `fk_member_user`(`user_id` ASC) USING BTREE,
  CONSTRAINT `fk_member_group` FOREIGN KEY (`group_id`) REFERENCES `class_group` (`group_id`) ON DELETE RESTRICT ON UPDATE RESTRICT,
  CONSTRAINT `fk_member_user` FOREIGN KEY (`user_id`) REFERENCES `sys_user` (`user_id`) ON DELETE RESTRICT ON UPDATE RESTRICT
) ENGINE = InnoDB AUTO_INCREMENT = 218 CHARACTER SET = utf8mb4 COLLATE = utf8mb4_0900_ai_ci COMMENT = '小组讨论-成员表' ROW_FORMAT = DYNAMIC;

-- ----------------------------
-- Records of class_group_member
-- ----------------------------
INSERT INTO `class_group_member` VALUES (200, 100, 1, '0', 359, '0', 'admin', '2025-11-10 10:00:00', '', NULL);
INSERT INTO `class_group_member` VALUES (201, 100, 2, '0', 359, '0', 'admin', '2025-11-10 10:01:00', 'ry', '2025-11-16 01:50:30');
INSERT INTO `class_group_member` VALUES (202, 100, 3, '0', 322, '0', 'admin', '2025-11-10 10:02:00', '', NULL);
INSERT INTO `class_group_member` VALUES (203, 101, 4, '0', 0, '0', 'teacher1', '2025-11-11 11:00:00', '', NULL);
INSERT INTO `class_group_member` VALUES (204, 101, 1, '2', 346, '0', 'teacher1', '2025-11-11 11:01:00', '', NULL);
INSERT INTO `class_group_member` VALUES (205, 102, 1, '0', 312, '0', 'admin', '2025-11-14 09:19:31', '', NULL);
INSERT INTO `class_group_member` VALUES (206, 102, 2, '0', 312, '0', 'ry', '2025-11-14 09:32:40', '', NULL);
INSERT INTO `class_group_member` VALUES (207, 100, 101, '0', 359, '0', 'student_li', '2025-11-14 10:00:25', '', NULL);
INSERT INTO `class_group_member` VALUES (213, 101, 2, '0', 346, '0', 'ry', '2025-11-16 01:25:01', '', NULL);
INSERT INTO `class_group_member` VALUES (214, 103, 2, '0', 360, '0', 'ry', '2025-11-16 02:40:51', '', NULL);
INSERT INTO `class_group_member` VALUES (215, 103, 1, '0', 361, '0', 'admin', '2025-11-16 02:54:50', '', NULL);
INSERT INTO `class_group_member` VALUES (216, 103, 101, '0', 360, '0', 'student_li', '2025-11-16 05:15:33', '', NULL);
INSERT INTO `class_group_member` VALUES (217, 104, 1, '0', 362, '0', 'admin', '2025-11-16 07:49:15', '', NULL);

-- ----------------------------
-- Table structure for class_group_message
-- ----------------------------
DROP TABLE IF EXISTS `class_group_message`;
CREATE TABLE `class_group_message`  (
  `message_id` bigint NOT NULL AUTO_INCREMENT COMMENT '消息ID',
  `group_id` bigint NOT NULL COMMENT '小组ID (FK)',
  `sender_user_id` bigint NOT NULL COMMENT '发送者ID (FK)',
  `message_type` char(1) CHARACTER SET utf8mb4 COLLATE utf8mb4_0900_ai_ci NOT NULL DEFAULT '0' COMMENT '消息类型（0文本 1图片 9系统）',
  `content` text CHARACTER SET utf8mb4 COLLATE utf8mb4_0900_ai_ci NOT NULL COMMENT '消息内容（文本/图片URL/系统提示）',
  `del_flag` char(1) CHARACTER SET utf8mb4 COLLATE utf8mb4_0900_ai_ci NULL DEFAULT '0' COMMENT '删除标志（0代表存在 2代表删除）',
  `create_by` varchar(64) CHARACTER SET utf8mb4 COLLATE utf8mb4_0900_ai_ci NULL DEFAULT '' COMMENT '创建者',
  `create_time` datetime NULL DEFAULT NULL COMMENT '发送时间',
  PRIMARY KEY (`message_id`) USING BTREE,
  INDEX `idx_group_time`(`group_id` ASC, `create_time` DESC) USING BTREE,
  INDEX `fk_message_sender`(`sender_user_id` ASC) USING BTREE,
  CONSTRAINT `fk_message_group` FOREIGN KEY (`group_id`) REFERENCES `class_group` (`group_id`) ON DELETE RESTRICT ON UPDATE RESTRICT,
  CONSTRAINT `fk_message_sender` FOREIGN KEY (`sender_user_id`) REFERENCES `sys_user` (`user_id`) ON DELETE RESTRICT ON UPDATE RESTRICT
) ENGINE = InnoDB AUTO_INCREMENT = 363 CHARACTER SET = utf8mb4 COLLATE = utf8mb4_0900_ai_ci COMMENT = '小组讨论-消息表' ROW_FORMAT = DYNAMIC;

-- ----------------------------
-- Records of class_group_message
-- ----------------------------
INSERT INTO `class_group_message` VALUES (300, 100, 1, '0', '大家好，我是组长若依。期末复习开始了。', '0', 'admin', '2025-11-10 10:05:00');
INSERT INTO `class_group_message` VALUES (301, 100, 2, '0', '组长好！', '0', 'ry', '2025-11-10 10:06:00');
INSERT INTO `class_group_message` VALUES (302, 101, 4, '0', '欢迎大家加入Vue小组', '0', 'teacher1', '2025-11-11 11:05:00');
INSERT INTO `class_group_message` VALUES (303, 101, 1, '0', '老师好！', '0', 'admin', '2025-11-11 11:06:00');
INSERT INTO `class_group_message` VALUES (304, 101, 1, '0', '老师好！', '0', 'admin', '2025-11-14 02:55:40');
INSERT INTO `class_group_message` VALUES (305, 100, 1, '9', '\"张三\"已被组长移除', '0', 'admin', '2025-11-14 02:56:57');
INSERT INTO `class_group_message` VALUES (306, 101, 1, '0', '哈', '0', 'admin', '2025-11-14 02:59:05');
INSERT INTO `class_group_message` VALUES (307, 101, 1, '1', '/profile/group_20251114_082524_d6071e6b.png', '0', 'admin', '2025-11-14 08:25:25');
INSERT INTO `class_group_message` VALUES (308, 102, 1, '9', 'admin 创建了小组', '0', 'admin', '2025-11-14 09:19:31');
INSERT INTO `class_group_message` VALUES (309, 101, 1, '0', '哈哈哈哈哈', '0', 'admin', '2025-11-14 09:26:50');
INSERT INTO `class_group_message` VALUES (310, 101, 1, '0', '哈哈哈哈哈哈哈哈哈哈哈', '0', 'admin', '2025-11-14 09:26:52');
INSERT INTO `class_group_message` VALUES (311, 101, 1, '0', '红红火火恍恍惚惚', '0', 'admin', '2025-11-14 09:26:54');
INSERT INTO `class_group_message` VALUES (312, 102, 2, '9', '\"张三\" 加入了小组', '0', 'ry', '2025-11-14 09:32:40');
INSERT INTO `class_group_message` VALUES (313, 100, 101, '9', '\"李同学\" 加入了小组', '0', 'student_li', '2025-11-14 10:00:25');
INSERT INTO `class_group_message` VALUES (314, 100, 101, '0', '嗨嗨嗨', '0', 'student_li', '2025-11-14 10:00:40');
INSERT INTO `class_group_message` VALUES (315, 100, 1, '0', '欢迎大家！！！', '0', 'admin', '2025-11-14 10:18:34');
INSERT INTO `class_group_message` VALUES (316, 100, 1, '0', '一起复习吧！', '0', 'admin', '2025-11-14 10:18:42');
INSERT INTO `class_group_message` VALUES (317, 100, 1, '9', '成员 \"李同学\" 已被组长移除', '0', 'admin', '2025-11-14 10:19:11');
INSERT INTO `class_group_message` VALUES (318, 100, 1, '9', '成员 \"若依\" 退出了小组', '0', 'admin', '2025-11-15 23:14:14');
INSERT INTO `class_group_message` VALUES (319, 100, 1, '9', '\"李比\" 成为新的组长', '0', 'admin', '2025-11-15 23:14:14');
INSERT INTO `class_group_message` VALUES (320, 102, 1, '9', '组长已解散小组', '0', 'admin', '2025-11-15 23:14:55');
INSERT INTO `class_group_message` VALUES (321, 100, 3, '0', 'hahahaha', '0', 'student1', '2025-11-15 23:19:42');
INSERT INTO `class_group_message` VALUES (322, 100, 3, '9', '\"李比\" 撤回了一条消息', '0', 'student1', '2025-11-15 23:23:14');
INSERT INTO `class_group_message` VALUES (323, 101, 1, '0', 'xixi', '0', 'admin', '2025-11-16 00:08:42');
INSERT INTO `class_group_message` VALUES (324, 101, 1, '9', '成员 \"若依\" 退出了小组', '0', 'admin', '2025-11-16 00:09:07');
INSERT INTO `class_group_message` VALUES (325, 100, 1, '9', '\"若依\" 加入了小组', '0', 'admin', '2025-11-16 00:16:05');
INSERT INTO `class_group_message` VALUES (326, 101, 1, '9', '\"若依\" 加入了小组', '0', 'admin', '2025-11-16 00:16:41');
INSERT INTO `class_group_message` VALUES (327, 100, 1, '9', '成员 \"若依\" 退出了小组', '0', 'admin', '2025-11-16 00:29:48');
INSERT INTO `class_group_message` VALUES (328, 100, 1, '9', '\"若依\" 加入了小组', '0', 'admin', '2025-11-16 00:30:19');
INSERT INTO `class_group_message` VALUES (329, 101, 1, '9', '成员 \"若依\" 退出了小组', '0', 'admin', '2025-11-16 00:36:27');
INSERT INTO `class_group_message` VALUES (330, 101, 1, '9', '\"若依\" 加入了小组', '0', 'admin', '2025-11-16 00:37:16');
INSERT INTO `class_group_message` VALUES (331, 101, 1, '9', '成员 \"若依\" 退出了小组', '0', 'admin', '2025-11-16 00:37:34');
INSERT INTO `class_group_message` VALUES (332, 101, 1, '9', '\"若依\" 加入了小组', '0', 'admin', '2025-11-16 00:37:55');
INSERT INTO `class_group_message` VALUES (333, 101, 1, '9', '成员 \"若依\" 退出了小组', '0', 'admin', '2025-11-16 00:39:46');
INSERT INTO `class_group_message` VALUES (334, 101, 1, '9', '\"若依\" 加入了小组', '0', 'admin', '2025-11-16 00:40:19');
INSERT INTO `class_group_message` VALUES (335, 101, 1, '9', '成员 \"若依\" 退出了小组', '0', 'admin', '2025-11-16 00:46:51');
INSERT INTO `class_group_message` VALUES (336, 101, 1, '9', '\"若依\" 加入了小组', '0', 'admin', '2025-11-16 00:47:28');
INSERT INTO `class_group_message` VALUES (337, 101, 1, '9', '成员 \"若依\" 退出了小组', '0', 'admin', '2025-11-16 00:49:03');
INSERT INTO `class_group_message` VALUES (338, 101, 1, '9', '\"若依\" 加入了小组', '0', 'admin', '2025-11-16 00:49:37');
INSERT INTO `class_group_message` VALUES (339, 101, 1, '9', '成员 \"若依\" 退出了小组', '0', 'admin', '2025-11-16 00:53:34');
INSERT INTO `class_group_message` VALUES (340, 101, 1, '9', '\"若依\" 加入了小组', '0', 'admin', '2025-11-16 00:54:04');
INSERT INTO `class_group_message` VALUES (341, 101, 1, '9', '成员 \"若依\" 退出了小组', '0', 'admin', '2025-11-16 00:54:18');
INSERT INTO `class_group_message` VALUES (342, 101, 1, '9', '\"若依\" 加入了小组', '0', 'admin', '2025-11-16 00:54:38');
INSERT INTO `class_group_message` VALUES (343, 101, 1, '9', '成员 \"若依\" 退出了小组', '0', 'admin', '2025-11-16 00:58:11');
INSERT INTO `class_group_message` VALUES (344, 100, 1, '1', '/profile/group_20251116_012218_4e8e157e.png', '0', 'admin', '2025-11-16 01:22:18');
INSERT INTO `class_group_message` VALUES (345, 101, 2, '9', '\"张三\" 加入了小组', '0', 'ry', '2025-11-16 01:25:01');
INSERT INTO `class_group_message` VALUES (346, 101, 2, '1', '/profile/group_20251116_012531_d5d99594.png', '0', 'ry', '2025-11-16 01:25:31');
INSERT INTO `class_group_message` VALUES (347, 100, 1, '0', '111', '0', 'admin', '2025-11-16 01:47:56');
INSERT INTO `class_group_message` VALUES (348, 100, 2, '9', '\"张三\" 加入了小组', '0', 'ry', '2025-11-16 01:50:03');
INSERT INTO `class_group_message` VALUES (349, 100, 2, '9', '成员 \"张三\" 退出了小组', '0', 'ry', '2025-11-16 01:50:30');
INSERT INTO `class_group_message` VALUES (350, 100, 1, '0', '11', '0', 'admin', '2025-11-16 01:51:14');
INSERT INTO `class_group_message` VALUES (351, 100, 1, '0', '还在吗', '0', 'admin', '2025-11-16 01:58:37');
INSERT INTO `class_group_message` VALUES (352, 100, 2, '9', '\"张三\" 加入了小组', '0', 'ry', '2025-11-16 01:59:39');
INSERT INTO `class_group_message` VALUES (353, 100, 2, '0', '在', '0', 'ry', '2025-11-16 02:35:14');
INSERT INTO `class_group_message` VALUES (354, 103, 2, '9', '张三 创建了小组', '0', 'ry', '2025-11-16 02:40:51');
INSERT INTO `class_group_message` VALUES (355, 103, 2, '9', '\"张三\" 撤回了一条消息', '0', 'ry', '2025-11-16 02:52:49');
INSERT INTO `class_group_message` VALUES (356, 103, 1, '9', '\"若依\" 加入了小组', '0', 'admin', '2025-11-16 02:54:50');
INSERT INTO `class_group_message` VALUES (357, 103, 1, '9', '\"若依\" 分享了一篇文章', '0', 'admin', '2025-11-16 05:08:31');
INSERT INTO `class_group_message` VALUES (358, 103, 1, '2', '{\"id\":9, \"title\":\"1\", \"digest\":\"\", \"cover\":\"/profile/upload/2025/11/12/一．文件和文件系统_20251112231007A001.png\"}', '0', 'admin', '2025-11-16 05:08:31');
INSERT INTO `class_group_message` VALUES (359, 100, 101, '9', '\"李同学\" 加入了小组', '0', 'student_li', '2025-11-16 05:15:05');
INSERT INTO `class_group_message` VALUES (360, 103, 101, '9', '\"李同学\" 加入了小组', '0', 'student_li', '2025-11-16 05:15:33');
INSERT INTO `class_group_message` VALUES (361, 103, 1, '0', '1', '0', 'admin', '2025-11-16 07:45:16');
INSERT INTO `class_group_message` VALUES (362, 104, 1, '9', '若依 创建了小组', '0', 'admin', '2025-11-16 07:49:15');

-- ----------------------------
-- Table structure for class_homework
-- ----------------------------
DROP TABLE IF EXISTS `class_homework`;
CREATE TABLE `class_homework`  (
  `homework_id` bigint NOT NULL AUTO_INCREMENT COMMENT '作业ID',
  `course_id` bigint NOT NULL COMMENT '课程ID',
  `session_id` bigint NOT NULL COMMENT '课堂ID',
  `title` varchar(255) CHARACTER SET utf8mb4 COLLATE utf8mb4_0900_ai_ci NOT NULL COMMENT '作业标题',
  `content` text CHARACTER SET utf8mb4 COLLATE utf8mb4_0900_ai_ci NULL COMMENT '作业内容',
  `requirement` text CHARACTER SET utf8mb4 COLLATE utf8mb4_0900_ai_ci NULL COMMENT '作业要求',
  `total_score` decimal(5, 2) NULL DEFAULT NULL COMMENT '作业总分',
  `deadline` datetime NOT NULL COMMENT '截止时间',
  `attachments` varchar(1000) CHARACTER SET utf8mb4 COLLATE utf8mb4_0900_ai_ci NULL DEFAULT NULL COMMENT '附件路径',
  `attachment_names` varchar(500) CHARACTER SET utf8mb4 COLLATE utf8mb4_0900_ai_ci NULL DEFAULT NULL COMMENT '附件原名',
  `status` char(1) CHARACTER SET utf8mb4 COLLATE utf8mb4_0900_ai_ci NULL DEFAULT '0' COMMENT '状态（0正常 1关闭）',
  `create_by` varchar(64) CHARACTER SET utf8mb4 COLLATE utf8mb4_0900_ai_ci NULL DEFAULT '' COMMENT '创建者',
  `create_time` datetime NULL DEFAULT NULL COMMENT '创建时间',
  `update_by` varchar(64) CHARACTER SET utf8mb4 COLLATE utf8mb4_0900_ai_ci NULL DEFAULT '' COMMENT '更新者',
  `update_time` datetime NULL DEFAULT NULL COMMENT '更新时间',
  `remark` varchar(500) CHARACTER SET utf8mb4 COLLATE utf8mb4_0900_ai_ci NULL DEFAULT NULL COMMENT '备注',
  `message_status` char(1) CHARACTER SET utf8mb4 COLLATE utf8mb4_0900_ai_ci NULL DEFAULT NULL,
  `message_read` char(1) CHARACTER SET utf8mb4 COLLATE utf8mb4_0900_ai_ci NULL DEFAULT NULL,
  PRIMARY KEY (`homework_id`) USING BTREE,
  INDEX `idx_course_id`(`course_id` ASC) USING BTREE,
  INDEX `idx_session_id`(`session_id` ASC) USING BTREE,
  INDEX `idx_deadline`(`deadline` ASC) USING BTREE
) ENGINE = InnoDB AUTO_INCREMENT = 53 CHARACTER SET = utf8mb4 COLLATE = utf8mb4_0900_ai_ci COMMENT = '作业主表' ROW_FORMAT = DYNAMIC;

-- ----------------------------
-- Records of class_homework
-- ----------------------------
INSERT INTO `class_homework` VALUES (4, 1, 7, '研开第8周作业', '小程序', NULL, 100.00, '2025-11-11 12:00:00', '/profile/upload/2025/11/01/改革开放史论文撰写模板_20251101013529A007.doc', NULL, '0', 'admin', '2025-11-01 01:35:38', '', NULL, NULL, '0', '0');
INSERT INTO `class_homework` VALUES (8, 1, 7, '研开第8周', '小程序', NULL, 100.00, '2025-11-07 00:00:00', '/profile/upload/2025/11/01/改革开放史论文撰写模板_20251101151240A001.doc', NULL, '0', 'admin', '2025-11-01 15:12:49', '', NULL, NULL, '0', '0');
INSERT INTO `class_homework` VALUES (9, 1, 1, '研开第8周', '小程序', NULL, 100.00, '2025-11-07 00:00:00', '/profile/upload/2025/11/01/改革开放史论文撰写模板_20251101151240A001.doc', NULL, '0', 'admin', '2025-11-01 15:13:28', '', NULL, NULL, '0', '0');
INSERT INTO `class_homework` VALUES (12, 5, 8, '数据库111', '', NULL, 100.00, '2025-11-05 00:00:00', '', NULL, '0', 'admin', '2025-11-04 22:25:02', 'admin', '2025-11-04 22:47:01', NULL, '1', '1');
INSERT INTO `class_homework` VALUES (14, 7, 10, '12121211212122', '', NULL, 100.00, '2025-11-04 22:52:39', '', NULL, '0', 'admin', '2025-11-04 22:52:41', 'admin', '2025-11-04 22:52:53', NULL, '0', '1');
INSERT INTO `class_homework` VALUES (15, 8, 11, '121211111111111AAAAA', '111111111111111AAA', NULL, 100.00, '2025-11-07 00:00:00', '', NULL, '0', 'admin', '2025-11-04 22:54:40', 'admin', '2025-11-04 22:54:54', NULL, '1', '1');
INSERT INTO `class_homework` VALUES (16, 1, 4, '第9周作业', '报告', NULL, 100.00, '2025-11-07 23:00:00', '/profile/upload/2025/11/07/测试作业_20251107221820A001.docx', NULL, '0', 'admin', '2025-11-07 22:18:22', '', NULL, NULL, NULL, NULL);
INSERT INTO `class_homework` VALUES (20, 1, 1, '第九周作业', '222', NULL, 100.00, '2025-11-10 00:00:00', '', NULL, '0', 'admin', '2025-11-09 12:41:20', '', NULL, NULL, NULL, NULL);
INSERT INTO `class_homework` VALUES (21, 1, 1, '111', '11', NULL, 100.00, '2025-11-10 00:00:00', '', NULL, '0', 'admin', '2025-11-09 18:26:02', '', NULL, NULL, NULL, NULL);
INSERT INTO `class_homework` VALUES (22, 1, 1, 'QT', 'qt', NULL, 100.00, '2025-11-14 00:00:00', '', NULL, '0', 'admin', '2025-11-13 01:50:34', '', NULL, NULL, NULL, NULL);
INSERT INTO `class_homework` VALUES (24, 1, 1, '人工智能', '开题报告', NULL, 100.00, '2025-11-14 00:00:00', '/profile/upload/2025/11/13/改革开放史论文撰写模板_20251113020107A002.doc', NULL, '0', 'admin', '2025-11-13 02:01:09', '', NULL, NULL, NULL, NULL);
INSERT INTO `class_homework` VALUES (25, 1, 1, '数据库', '下', NULL, 100.00, '2025-11-14 00:00:00', '', NULL, '0', 'admin', '2025-11-13 02:17:30', '', NULL, NULL, NULL, NULL);
INSERT INTO `class_homework` VALUES (26, 1, 1, '面板', '22', NULL, 100.00, '2025-11-18 00:00:00', '', NULL, '0', 'admin', '2025-11-13 02:29:41', 'admin', '2025-11-15 16:48:28', NULL, NULL, NULL);
INSERT INTO `class_homework` VALUES (27, 1, 1, '小程序', 'GPS', NULL, 100.00, '2025-11-13 16:51:00', '', NULL, '0', 'admin', '2025-11-13 16:50:12', '', NULL, NULL, NULL, NULL);
INSERT INTO `class_homework` VALUES (52, 1, 1, '1111111', '00000', NULL, 100.00, '2025-11-22 00:00:00', '/profile/upload/2025/11/15/测试作业_20251115164631A001.docx', NULL, '0', 'admin', '2025-11-15 16:47:31', 'admin', '2025-11-16 01:53:26', NULL, '1', '1');

-- ----------------------------
-- Table structure for class_login_log
-- ----------------------------
DROP TABLE IF EXISTS `class_login_log`;
CREATE TABLE `class_login_log`  (
  `login_id` bigint NOT NULL AUTO_INCREMENT COMMENT '访问ID',
  `user_name` varchar(50) CHARACTER SET utf8mb4 COLLATE utf8mb4_0900_ai_ci NULL DEFAULT '' COMMENT '用户账号',
  `ipaddr` varchar(128) CHARACTER SET utf8mb4 COLLATE utf8mb4_0900_ai_ci NULL DEFAULT '' COMMENT '登录IP地址',
  `login_location` varchar(255) CHARACTER SET utf8mb4 COLLATE utf8mb4_0900_ai_ci NULL DEFAULT '' COMMENT '登录地点',
  `browser` varchar(50) CHARACTER SET utf8mb4 COLLATE utf8mb4_0900_ai_ci NULL DEFAULT '' COMMENT '浏览器类型',
  `os` varchar(50) CHARACTER SET utf8mb4 COLLATE utf8mb4_0900_ai_ci NULL DEFAULT '' COMMENT '操作系统',
  `status` int NULL DEFAULT 0 COMMENT '登录状态（0成功 1失败）',
  `msg` varchar(255) CHARACTER SET utf8mb4 COLLATE utf8mb4_0900_ai_ci NULL DEFAULT '' COMMENT '提示消息',
  `login_time` datetime NULL DEFAULT NULL COMMENT '访问时间',
  PRIMARY KEY (`login_id`) USING BTREE
) ENGINE = InnoDB AUTO_INCREMENT = 120 CHARACTER SET = utf8mb4 COLLATE = utf8mb4_0900_ai_ci COMMENT = '系统登录日志' ROW_FORMAT = DYNAMIC;

-- ----------------------------
-- Records of class_login_log
-- ----------------------------
INSERT INTO `class_login_log` VALUES (1, '未知用户', '127.0.0.1', '内网IP', 'Chrome 14', 'Windows 10', 0, '退出成功', '2025-11-12 19:01:46');
INSERT INTO `class_login_log` VALUES (2, 'admin', '127.0.0.1', '内网IP', 'Chrome', 'Windows 10', 0, '登录成功', '2025-11-12 19:01:57');
INSERT INTO `class_login_log` VALUES (3, '未知用户', '127.0.0.1', '内网IP', 'Chrome 14', 'Windows 10', 0, '退出成功', '2025-11-12 19:17:58');
INSERT INTO `class_login_log` VALUES (4, 'teacher_zhang', '127.0.0.1', '内网IP', 'Chrome', 'Windows 10', 1, '验证码错误', '2025-11-12 19:18:14');
INSERT INTO `class_login_log` VALUES (5, 'teacher_zhang', '127.0.0.1', '内网IP', 'Chrome', 'Windows 10', 1, '验证码错误', '2025-11-12 19:18:19');
INSERT INTO `class_login_log` VALUES (6, 'teacher_zhang', '127.0.0.1', '内网IP', 'Chrome', 'Windows 10', 0, '登录成功', '2025-11-12 19:18:23');
INSERT INTO `class_login_log` VALUES (7, '未知用户', '127.0.0.1', '内网IP', 'Chrome 14', 'Windows 10', 0, '退出成功', '2025-11-12 19:18:46');
INSERT INTO `class_login_log` VALUES (8, 'student_li', '127.0.0.1', '内网IP', 'Chrome', 'Windows 10', 0, '登录成功', '2025-11-12 19:18:58');
INSERT INTO `class_login_log` VALUES (9, NULL, '127.0.0.1', '内网IP', 'Chrome 14', 'Windows 10', 0, '退出成功', '2025-11-12 19:24:20');
INSERT INTO `class_login_log` VALUES (10, 'admin', '127.0.0.1', '内网IP', 'Chrome', 'Windows 10', 1, '验证码错误', '2025-11-12 19:24:36');
INSERT INTO `class_login_log` VALUES (11, 'admin', '127.0.0.1', '内网IP', 'Chrome', 'Windows 10', 0, '登录成功', '2025-11-12 19:24:39');
INSERT INTO `class_login_log` VALUES (12, NULL, '127.0.0.1', '内网IP', 'Chrome 14', 'Windows 10', 0, '退出成功', '2025-11-12 19:24:59');
INSERT INTO `class_login_log` VALUES (13, 'teacher_zhang', '127.0.0.1', '内网IP', 'Chrome', 'Windows 10', 0, '登录成功', '2025-11-12 19:25:10');
INSERT INTO `class_login_log` VALUES (14, NULL, '127.0.0.1', '内网IP', 'Chrome 14', 'Windows 10', 0, '退出成功', '2025-11-12 19:28:19');
INSERT INTO `class_login_log` VALUES (15, 'teacher_zhang', '127.0.0.1', '内网IP', 'Chrome', 'Windows 10', 0, '登录成功', '2025-11-12 19:28:23');
INSERT INTO `class_login_log` VALUES (16, NULL, '127.0.0.1', '内网IP', 'Chrome 14', 'Windows 10', 0, '退出成功', '2025-11-12 19:41:25');
INSERT INTO `class_login_log` VALUES (17, '未知用户', '127.0.0.1', '内网IP', 'Chrome 14', 'Windows 10', 0, '退出成功', '2025-11-12 19:41:25');
INSERT INTO `class_login_log` VALUES (18, 'admin', '127.0.0.1', '内网IP', 'Chrome', 'Windows 10', 0, '登录成功', '2025-11-12 19:41:35');
INSERT INTO `class_login_log` VALUES (19, NULL, '127.0.0.1', '内网IP', 'Chrome 14', 'Windows 10', 0, '退出成功', '2025-11-12 19:42:11');
INSERT INTO `class_login_log` VALUES (20, 'admin', '127.0.0.1', '内网IP', 'Chrome', 'Windows 10', 1, '验证码错误', '2025-11-12 19:42:14');
INSERT INTO `class_login_log` VALUES (21, 'admin', '127.0.0.1', '内网IP', 'Chrome', 'Windows 10', 0, '登录成功', '2025-11-12 19:42:16');
INSERT INTO `class_login_log` VALUES (22, NULL, '127.0.0.1', '内网IP', 'Chrome 14', 'Windows 10', 0, '退出成功', '2025-11-12 19:43:34');
INSERT INTO `class_login_log` VALUES (23, '未知用户', '127.0.0.1', '内网IP', 'Chrome 14', 'Windows 10', 0, '退出成功', '2025-11-12 19:43:34');
INSERT INTO `class_login_log` VALUES (24, 'admin', '127.0.0.1', '内网IP', 'Chrome', 'Windows 10', 1, '验证码错误', '2025-11-12 19:43:37');
INSERT INTO `class_login_log` VALUES (25, 'admin', '127.0.0.1', '内网IP', 'Chrome', 'Windows 10', 1, '验证码错误', '2025-11-12 19:43:40');
INSERT INTO `class_login_log` VALUES (26, 'admin', '127.0.0.1', '内网IP', 'Chrome', 'Windows 10', 0, '登录成功', '2025-11-12 19:43:43');
INSERT INTO `class_login_log` VALUES (27, 'admin', '127.0.0.1', '内网IP', 'Chrome', 'Windows 10', 0, '登录成功', '2025-11-12 19:52:41');
INSERT INTO `class_login_log` VALUES (28, 'teacher_zhang', '127.0.0.1', '内网IP', 'Chrome', 'Windows 10', 0, '登录成功', '2025-11-12 19:53:04');
INSERT INTO `class_login_log` VALUES (29, NULL, '127.0.0.1', '内网IP', 'Chrome 14', 'Windows 10', 0, '退出成功', '2025-11-12 19:53:34');
INSERT INTO `class_login_log` VALUES (30, 'admin', '127.0.0.1', '内网IP', 'Chrome', 'Windows 10', 0, '登录成功', '2025-11-12 19:53:44');
INSERT INTO `class_login_log` VALUES (31, NULL, '127.0.0.1', '内网IP', 'Chrome 14', 'Windows 10', 0, '退出成功', '2025-11-12 19:57:15');
INSERT INTO `class_login_log` VALUES (32, 'admin', '127.0.0.1', '内网IP', 'Chrome', 'Windows 10', 1, '验证码错误', '2025-11-12 19:57:17');
INSERT INTO `class_login_log` VALUES (33, 'admin', '127.0.0.1', '内网IP', 'Chrome', 'Windows 10', 1, '验证码错误', '2025-11-12 19:57:21');
INSERT INTO `class_login_log` VALUES (34, 'admin', '127.0.0.1', '内网IP', 'Chrome', 'Windows 10', 0, '登录成功', '2025-11-12 19:57:24');
INSERT INTO `class_login_log` VALUES (35, '未知用户', '127.0.0.1', '内网IP', 'Chrome 14', 'Windows 10', 0, '退出成功', '2025-11-12 20:03:32');
INSERT INTO `class_login_log` VALUES (36, 'admin', '127.0.0.1', '内网IP', 'Chrome', 'Windows 10', 1, '验证码错误', '2025-11-12 20:03:35');
INSERT INTO `class_login_log` VALUES (37, 'admin', '127.0.0.1', '内网IP', 'Chrome', 'Windows 10', 0, '登录成功', '2025-11-12 20:03:38');
INSERT INTO `class_login_log` VALUES (38, '未知用户', '127.0.0.1', '内网IP', 'Chrome 14', 'Windows 10', 0, '退出成功', '2025-11-12 20:04:53');
INSERT INTO `class_login_log` VALUES (39, 'admin', '127.0.0.1', '内网IP', 'Chrome', 'Windows 10', 1, '验证码错误', '2025-11-12 20:04:57');
INSERT INTO `class_login_log` VALUES (40, 'admin', '127.0.0.1', '内网IP', 'Chrome', 'Windows 10', 0, '登录成功', '2025-11-12 20:04:59');
INSERT INTO `class_login_log` VALUES (41, 'admin', '127.0.0.1', '内网IP', 'Chrome 14', 'Windows 10', 0, '退出成功', '2025-11-12 20:09:32');
INSERT INTO `class_login_log` VALUES (42, 'admin', '127.0.0.1', '内网IP', 'Chrome', 'Windows 10', 0, '登录成功', '2025-11-12 20:09:36');
INSERT INTO `class_login_log` VALUES (43, 'admin', '127.0.0.1', '内网IP', 'Chrome 14', 'Windows 10', 0, '退出成功', '2025-11-12 20:09:53');
INSERT INTO `class_login_log` VALUES (44, 'teacher_zhang', '127.0.0.1', '内网IP', 'Chrome', 'Windows 10', 0, '登录成功', '2025-11-12 20:10:05');
INSERT INTO `class_login_log` VALUES (45, 'teacher_zhang', '127.0.0.1', '内网IP', 'Chrome 14', 'Windows 10', 0, '退出成功', '2025-11-12 20:10:14');
INSERT INTO `class_login_log` VALUES (46, 'admin', '127.0.0.1', '内网IP', 'Chrome', 'Windows 10', 0, '登录成功', '2025-11-12 20:10:25');
INSERT INTO `class_login_log` VALUES (47, 'admin', '127.0.0.1', '内网IP', 'Chrome', 'Windows 10', 0, '登录成功', '2025-11-12 23:02:33');
INSERT INTO `class_login_log` VALUES (48, 'admin', '127.0.0.1', '内网IP', 'Microsoft Edge', 'Windows 10', 0, '登录成功', '2025-11-13 02:17:01');
INSERT INTO `class_login_log` VALUES (49, 'admin', '127.0.0.1', '内网IP', 'Microsoft Edge', 'Windows 10', 0, '登录成功', '2025-11-13 16:35:35');
INSERT INTO `class_login_log` VALUES (50, 'admin', '127.0.0.1', '内网IP', 'Microsoft Edge', 'Windows 10', 0, '登录成功', '2025-11-13 17:15:51');
INSERT INTO `class_login_log` VALUES (51, 'admin', '127.0.0.1', '内网IP', 'Chrome', 'Windows 10', 0, '登录成功', '2025-11-14 10:10:10');
INSERT INTO `class_login_log` VALUES (52, 'admin', '127.0.0.1', '内网IP', 'Chrome 14', 'Windows 10', 0, '退出成功', '2025-11-14 10:10:28');
INSERT INTO `class_login_log` VALUES (53, 'ry', '127.0.0.1', '内网IP', 'Chrome', 'Windows 10', 0, '登录成功', '2025-11-14 10:10:45');
INSERT INTO `class_login_log` VALUES (54, 'ry', '127.0.0.1', '内网IP', 'Chrome 14', 'Windows 10', 0, '退出成功', '2025-11-14 10:10:55');
INSERT INTO `class_login_log` VALUES (55, 'teacher_zhang', '127.0.0.1', '内网IP', 'Chrome', 'Windows 10', 0, '登录成功', '2025-11-14 10:11:09');
INSERT INTO `class_login_log` VALUES (56, 'teacher_zhang', '127.0.0.1', '内网IP', 'Chrome 14', 'Windows 10', 0, '退出成功', '2025-11-14 10:14:04');
INSERT INTO `class_login_log` VALUES (57, 'admin', '127.0.0.1', '内网IP', 'Chrome', 'Windows 10', 0, '登录成功', '2025-11-14 10:14:18');
INSERT INTO `class_login_log` VALUES (58, 'admin', '127.0.0.1', '内网IP', 'Chrome 14', 'Windows 10', 0, '退出成功', '2025-11-14 10:15:25');
INSERT INTO `class_login_log` VALUES (59, 'ry', '127.0.0.1', '内网IP', 'Chrome', 'Windows 10', 0, '登录成功', '2025-11-14 10:15:32');
INSERT INTO `class_login_log` VALUES (60, '未知用户', '127.0.0.1', '内网IP', 'Chrome 14', 'Windows 10', 0, '退出成功', '2025-11-14 10:34:17');
INSERT INTO `class_login_log` VALUES (61, 'admin', '127.0.0.1', '内网IP', 'Chrome', 'Windows 10', 0, '登录成功', '2025-11-14 10:34:24');
INSERT INTO `class_login_log` VALUES (62, 'admin', '127.0.0.1', '内网IP', 'Chrome 14', 'Windows 10', 0, '退出成功', '2025-11-14 10:35:15');
INSERT INTO `class_login_log` VALUES (63, 'ry', '127.0.0.1', '内网IP', 'Chrome', 'Windows 10', 0, '登录成功', '2025-11-14 10:35:20');
INSERT INTO `class_login_log` VALUES (64, 'ry', '127.0.0.1', '内网IP', 'Chrome 14', 'Windows 10', 0, '退出成功', '2025-11-14 10:35:39');
INSERT INTO `class_login_log` VALUES (65, 'admin', '127.0.0.1', '内网IP', 'Chrome', 'Windows 10', 0, '登录成功', '2025-11-14 10:35:45');
INSERT INTO `class_login_log` VALUES (66, 'admin', '127.0.0.1', '内网IP', 'Chrome 14', 'Windows 10', 0, '退出成功', '2025-11-14 10:36:27');
INSERT INTO `class_login_log` VALUES (67, 'teacher_zhang', '127.0.0.1', '内网IP', 'Chrome', 'Windows 10', 0, '登录成功', '2025-11-14 10:36:39');
INSERT INTO `class_login_log` VALUES (68, 'teacher_zhang', '127.0.0.1', '内网IP', 'Chrome 14', 'Windows 10', 0, '退出成功', '2025-11-14 10:42:19');
INSERT INTO `class_login_log` VALUES (69, 'admin', '127.0.0.1', '内网IP', 'Chrome', 'Windows 10', 0, '登录成功', '2025-11-14 10:42:30');
INSERT INTO `class_login_log` VALUES (70, 'admin', '127.0.0.1', '内网IP', 'Chrome 14', 'Windows 10', 0, '退出成功', '2025-11-14 10:46:10');
INSERT INTO `class_login_log` VALUES (71, 'ry', '127.0.0.1', '内网IP', 'Chrome', 'Windows 10', 0, '登录成功', '2025-11-14 10:46:18');
INSERT INTO `class_login_log` VALUES (72, 'ry', '127.0.0.1', '内网IP', 'Chrome 14', 'Windows 10', 0, '退出成功', '2025-11-14 10:46:56');
INSERT INTO `class_login_log` VALUES (73, 'admin', '127.0.0.1', '内网IP', 'Chrome', 'Windows 10', 0, '登录成功', '2025-11-14 10:47:02');
INSERT INTO `class_login_log` VALUES (74, 'admin', '127.0.0.1', '内网IP', 'Chrome 14', 'Windows 10', 0, '退出成功', '2025-11-14 10:49:48');
INSERT INTO `class_login_log` VALUES (75, 'teacher_zhang', '127.0.0.1', '内网IP', 'Chrome', 'Windows 10', 0, '登录成功', '2025-11-14 10:50:00');
INSERT INTO `class_login_log` VALUES (76, 'teacher_zhang', '127.0.0.1', '内网IP', 'Chrome 14', 'Windows 10', 0, '退出成功', '2025-11-14 10:50:28');
INSERT INTO `class_login_log` VALUES (77, 'admin', '127.0.0.1', '内网IP', 'Chrome', 'Windows 10', 0, '登录成功', '2025-11-14 10:50:49');
INSERT INTO `class_login_log` VALUES (78, 'admin', '127.0.0.1', '内网IP', 'Chrome 14', 'Windows 10', 0, '退出成功', '2025-11-14 10:56:14');
INSERT INTO `class_login_log` VALUES (79, 'teacher_zhang', '127.0.0.1', '内网IP', 'Chrome', 'Windows 10', 0, '登录成功', '2025-11-14 10:56:24');
INSERT INTO `class_login_log` VALUES (80, 'teacher_zhang', '127.0.0.1', '内网IP', 'Chrome 14', 'Windows 10', 0, '退出成功', '2025-11-14 10:56:38');
INSERT INTO `class_login_log` VALUES (81, 'admin', '127.0.0.1', '内网IP', 'Chrome', 'Windows 10', 0, '登录成功', '2025-11-14 10:56:57');
INSERT INTO `class_login_log` VALUES (82, 'admin', '127.0.0.1', '内网IP', 'Chrome 14', 'Windows 10', 0, '退出成功', '2025-11-14 11:03:36');
INSERT INTO `class_login_log` VALUES (83, 'teacher_zhang', '127.0.0.1', '内网IP', 'Chrome', 'Windows 10', 0, '登录成功', '2025-11-14 11:03:53');
INSERT INTO `class_login_log` VALUES (84, 'teacher_zhang', '127.0.0.1', '内网IP', 'Chrome 14', 'Windows 10', 0, '退出成功', '2025-11-14 11:04:16');
INSERT INTO `class_login_log` VALUES (85, 'admin', '127.0.0.1', '内网IP', 'Chrome', 'Windows 10', 0, '登录成功', '2025-11-14 11:04:25');
INSERT INTO `class_login_log` VALUES (86, 'admin', '127.0.0.1', '内网IP', 'Chrome 14', 'Windows 10', 0, '退出成功', '2025-11-14 11:11:33');
INSERT INTO `class_login_log` VALUES (87, 'teacher_zhang', '127.0.0.1', '内网IP', 'Chrome', 'Windows 10', 0, '登录成功', '2025-11-14 11:11:46');
INSERT INTO `class_login_log` VALUES (88, 'teacher_zhang', '127.0.0.1', '内网IP', 'Chrome 14', 'Windows 10', 0, '退出成功', '2025-11-14 11:12:03');
INSERT INTO `class_login_log` VALUES (89, 'admin', '127.0.0.1', '内网IP', 'Chrome', 'Windows 10', 0, '登录成功', '2025-11-14 11:12:13');
INSERT INTO `class_login_log` VALUES (90, 'admin', '127.0.0.1', '内网IP', 'Chrome 14', 'Windows 10', 0, '退出成功', '2025-11-14 11:13:33');
INSERT INTO `class_login_log` VALUES (91, 'ry', '127.0.0.1', '内网IP', 'Chrome', 'Windows 10', 0, '登录成功', '2025-11-14 11:13:40');
INSERT INTO `class_login_log` VALUES (92, 'ry', '127.0.0.1', '内网IP', 'Chrome 14', 'Windows 10', 0, '退出成功', '2025-11-14 11:14:54');
INSERT INTO `class_login_log` VALUES (93, 'admin', '127.0.0.1', '内网IP', 'Chrome', 'Windows 10', 0, '登录成功', '2025-11-14 11:15:01');
INSERT INTO `class_login_log` VALUES (94, 'admin', '127.0.0.1', '内网IP', 'Chrome', 'Windows 10', 0, '登录成功', '2025-11-14 15:20:09');
INSERT INTO `class_login_log` VALUES (95, 'admin', '127.0.0.1', '内网IP', 'Chrome 14', 'Windows 10', 0, '退出成功', '2025-11-14 15:25:26');
INSERT INTO `class_login_log` VALUES (96, 'ry', '127.0.0.1', '内网IP', 'Chrome', 'Windows 10', 0, '登录成功', '2025-11-14 15:25:34');
INSERT INTO `class_login_log` VALUES (97, 'ry', '127.0.0.1', '内网IP', 'Chrome 14', 'Windows 10', 0, '退出成功', '2025-11-14 15:26:21');
INSERT INTO `class_login_log` VALUES (98, 'admin', '127.0.0.1', '内网IP', 'Chrome', 'Windows 10', 0, '登录成功', '2025-11-14 15:26:28');
INSERT INTO `class_login_log` VALUES (99, 'admin', '127.0.0.1', '内网IP', 'Microsoft Edge', 'Windows 10', 0, '登录成功', '2025-11-14 20:13:10');
INSERT INTO `class_login_log` VALUES (100, 'admin', '127.0.0.1', '内网IP', 'Microsoft Edge', 'Windows 10', 0, '登录成功', '2025-11-14 23:59:52');
INSERT INTO `class_login_log` VALUES (101, 'admin', '127.0.0.1', '内网IP', 'Microsoft Edge', 'Windows 10', 0, '登录成功', '2025-11-15 16:23:24');
INSERT INTO `class_login_log` VALUES (102, 'admin', '127.0.0.1', '内网IP', 'Microsoft Edge', 'Windows 10', 0, '登录成功', '2025-11-15 17:43:23');
INSERT INTO `class_login_log` VALUES (103, 'admin', '127.0.0.1', '内网IP', 'Chrome', 'Windows 10', 0, '登录成功', '2025-11-16 00:00:50');
INSERT INTO `class_login_log` VALUES (104, '未知用户', '127.0.0.1', '内网IP', 'Chrome 14', 'Windows 10', 0, '退出成功', '2025-11-16 00:10:54');
INSERT INTO `class_login_log` VALUES (105, 'admin', '127.0.0.1', '内网IP', 'Chrome', 'Windows 10', 0, '登录成功', '2025-11-16 00:11:20');
INSERT INTO `class_login_log` VALUES (106, 'admin', '127.0.0.1', '内网IP', 'Chrome', 'Windows 10', 0, '登录成功', '2025-11-16 00:58:14');
INSERT INTO `class_login_log` VALUES (107, 'admin', '127.0.0.1', '内网IP', 'Chrome', 'Windows 10', 0, '登录成功', '2025-11-16 01:37:40');
INSERT INTO `class_login_log` VALUES (108, '未知用户', '127.0.0.1', '内网IP', 'Chrome 14', 'Windows 10', 0, '退出成功', '2025-11-17 21:35:21');
INSERT INTO `class_login_log` VALUES (109, 'admin', '127.0.0.1', '内网IP', 'Chrome', 'Windows 10', 1, '验证码错误', '2025-11-17 21:35:27');
INSERT INTO `class_login_log` VALUES (110, 'admin', '127.0.0.1', '内网IP', 'Chrome', 'Windows 10', 0, '登录成功', '2025-11-17 21:35:32');
INSERT INTO `class_login_log` VALUES (111, 'admin', '127.0.0.1', '内网IP', 'Chrome', 'Windows 10', 0, '登录成功', '2025-11-17 22:44:49');
INSERT INTO `class_login_log` VALUES (112, 'admin', '127.0.0.1', '内网IP', 'Chrome', 'Windows 10', 0, '登录成功', '2025-11-18 08:20:32');
INSERT INTO `class_login_log` VALUES (113, 'admin', '127.0.0.1', '内网IP', 'Chrome', 'Windows 10', 0, '登录成功', '2025-11-18 10:07:09');
INSERT INTO `class_login_log` VALUES (114, 'admin', '127.0.0.1', '内网IP', 'Chrome', 'Windows 10', 0, '登录成功', '2025-11-18 13:29:46');
INSERT INTO `class_login_log` VALUES (115, 'admin', '127.0.0.1', '内网IP', 'Microsoft Edge', 'Windows 10', 0, '登录成功', '2025-11-18 16:13:21');
INSERT INTO `class_login_log` VALUES (116, 'admin', '127.0.0.1', '内网IP', 'Chrome', 'Windows 10', 0, '登录成功', '2025-11-18 16:52:43');
INSERT INTO `class_login_log` VALUES (117, 'admin', '127.0.0.1', '内网IP', 'Microsoft Edge', 'Windows 10', 0, '登录成功', '2025-11-20 20:03:45');
INSERT INTO `class_login_log` VALUES (118, 'admin', '127.0.0.1', '内网IP', 'Microsoft Edge', 'Windows 10', 0, '登录成功', '2025-11-20 23:52:47');
INSERT INTO `class_login_log` VALUES (119, 'admin', '127.0.0.1', '内网IP', 'Microsoft Edge', 'Windows 10', 0, '登录成功', '2025-11-21 06:09:27');

-- ----------------------------
-- Table structure for class_material
-- ----------------------------
DROP TABLE IF EXISTS `class_material`;
CREATE TABLE `class_material`  (
  `material_id` bigint NOT NULL AUTO_INCREMENT COMMENT '资料ID',
  `session_id` bigint NOT NULL COMMENT '课堂ID',
  `material_name` varchar(255) CHARACTER SET utf8mb4 COLLATE utf8mb4_0900_ai_ci NOT NULL COMMENT '资料名称',
  `file_type` varchar(50) CHARACTER SET utf8mb4 COLLATE utf8mb4_0900_ai_ci NULL DEFAULT NULL COMMENT '文件类型',
  `file_size` bigint NULL DEFAULT 0 COMMENT '文件大小(字节)',
  `file_path` varchar(500) CHARACTER SET utf8mb4 COLLATE utf8mb4_0900_ai_ci NULL DEFAULT '' COMMENT '文件路径',
  `push_status` char(1) CHARACTER SET utf8mb4 COLLATE utf8mb4_0900_ai_ci NULL DEFAULT '0' COMMENT '推送状态（0未推送 1已推送）',
  `push_time` datetime NULL DEFAULT NULL COMMENT '推送时间',
  `create_by` varchar(64) CHARACTER SET utf8mb4 COLLATE utf8mb4_0900_ai_ci NULL DEFAULT '' COMMENT '创建者',
  `create_time` datetime NULL DEFAULT NULL COMMENT '创建时间',
  `update_by` varchar(64) CHARACTER SET utf8mb4 COLLATE utf8mb4_0900_ai_ci NULL DEFAULT '' COMMENT '更新者',
  `update_time` datetime NULL DEFAULT NULL COMMENT '更新时间',
  `remark` varchar(500) CHARACTER SET utf8mb4 COLLATE utf8mb4_0900_ai_ci NULL DEFAULT NULL COMMENT '备注',
  PRIMARY KEY (`material_id`) USING BTREE,
  INDEX `idx_session_id`(`session_id` ASC) USING BTREE,
  INDEX `idx_push_status`(`push_status` ASC) USING BTREE
) ENGINE = InnoDB AUTO_INCREMENT = 14 CHARACTER SET = utf8mb4 COLLATE = utf8mb4_0900_ai_ci COMMENT = '资料表' ROW_FORMAT = DYNAMIC;

-- ----------------------------
-- Records of class_material
-- ----------------------------
INSERT INTO `class_material` VALUES (10, 1, '06 回归分析.pptx', 'pptx', 5159386, '2025/11/12/06 回归分析_1762956116541A281.pptx', '1', '2025-11-12 22:21:10', 'admin', '2025-11-12 22:01:57', 'admin', '2025-11-12 22:21:10', NULL);
INSERT INTO `class_material` VALUES (11, 1, 'Database design exercise.docx', 'docx', 16417, '2025/11/12/Database design exercise_1762956571400A512.docx', '0', NULL, 'admin', '2025-11-12 22:09:32', NULL, NULL, NULL);
INSERT INTO `class_material` VALUES (12, 1, '课程论文格式.docx', 'docx', 236522, '2025/11/12/课程论文格式_1762957019106A904.docx', '0', NULL, 'admin', '2025-11-12 22:16:59', NULL, NULL, NULL);
INSERT INTO `class_material` VALUES (13, 9, 'PS1.docx', 'docx', 16522, '2025/11/12/PS1_1762957228720A492.docx', '0', NULL, 'admin', '2025-11-12 22:20:29', NULL, NULL, NULL);

-- ----------------------------
-- Table structure for class_notice
-- ----------------------------
DROP TABLE IF EXISTS `class_notice`;
CREATE TABLE `class_notice`  (
  `notice_id` bigint NOT NULL AUTO_INCREMENT,
  `title` varchar(200) CHARACTER SET utf8mb4 COLLATE utf8mb4_unicode_ci NOT NULL,
  `content` text CHARACTER SET utf8mb4 COLLATE utf8mb4_unicode_ci NOT NULL,
  `create_by` varchar(50) CHARACTER SET utf8mb4 COLLATE utf8mb4_unicode_ci NULL DEFAULT NULL,
  `create_time` datetime NULL DEFAULT CURRENT_TIMESTAMP,
  `update_by` varchar(50) CHARACTER SET utf8mb4 COLLATE utf8mb4_unicode_ci NULL DEFAULT NULL,
  `update_time` datetime NULL DEFAULT NULL ON UPDATE CURRENT_TIMESTAMP,
  `del_flag` tinyint(1) NULL DEFAULT 0 COMMENT '0=存在,1=已删除',
  PRIMARY KEY (`notice_id`) USING BTREE
) ENGINE = InnoDB AUTO_INCREMENT = 3 CHARACTER SET = utf8mb4 COLLATE = utf8mb4_unicode_ci COMMENT = '课堂模块：通告表' ROW_FORMAT = DYNAMIC;

-- ----------------------------
-- Records of class_notice
-- ----------------------------
INSERT INTO `class_notice` VALUES (1, '11', '<p>1234566</p>', 'admin', '2025-11-13 17:22:06', 'admin', '2025-11-13 18:04:50', 1);
INSERT INTO `class_notice` VALUES (2, '你好', '<p>一点都不好！</p>', 'admin', '2025-11-13 18:04:27', 'admin', '2025-11-13 18:04:45', 0);

-- ----------------------------
-- Table structure for class_oper_log
-- ----------------------------
DROP TABLE IF EXISTS `class_oper_log`;
CREATE TABLE `class_oper_log`  (
  `oper_id` bigint NOT NULL AUTO_INCREMENT COMMENT '日志主键',
  `title` varchar(50) CHARACTER SET utf8mb4 COLLATE utf8mb4_0900_ai_ci NULL DEFAULT '' COMMENT '模块标题',
  `business_type` int NULL DEFAULT 0 COMMENT '业务类型（0其它 1新增 2修改 3删除）',
  `method` varchar(100) CHARACTER SET utf8mb4 COLLATE utf8mb4_0900_ai_ci NULL DEFAULT '' COMMENT '方法名称',
  `request_method` varchar(10) CHARACTER SET utf8mb4 COLLATE utf8mb4_0900_ai_ci NULL DEFAULT '' COMMENT '请求方式',
  `operator_type` int NULL DEFAULT 0 COMMENT '操作类别（0其它 1后台用户 2手机端用户）',
  `oper_name` varchar(50) CHARACTER SET utf8mb4 COLLATE utf8mb4_0900_ai_ci NULL DEFAULT '' COMMENT '操作人员',
  `dept_name` varchar(50) CHARACTER SET utf8mb4 COLLATE utf8mb4_0900_ai_ci NULL DEFAULT '' COMMENT '部门名称',
  `oper_url` varchar(255) CHARACTER SET utf8mb4 COLLATE utf8mb4_0900_ai_ci NULL DEFAULT '' COMMENT '请求URL',
  `oper_ip` varchar(128) CHARACTER SET utf8mb4 COLLATE utf8mb4_0900_ai_ci NULL DEFAULT '' COMMENT '主机地址',
  `oper_location` varchar(255) CHARACTER SET utf8mb4 COLLATE utf8mb4_0900_ai_ci NULL DEFAULT '' COMMENT '操作地点',
  `oper_param` varchar(2000) CHARACTER SET utf8mb4 COLLATE utf8mb4_0900_ai_ci NULL DEFAULT '' COMMENT '请求参数',
  `json_result` varchar(2000) CHARACTER SET utf8mb4 COLLATE utf8mb4_0900_ai_ci NULL DEFAULT '' COMMENT '返回参数',
  `status` int NULL DEFAULT 0 COMMENT '操作状态（0正常 1异常）',
  `error_msg` varchar(2000) CHARACTER SET utf8mb4 COLLATE utf8mb4_0900_ai_ci NULL DEFAULT '' COMMENT '错误消息',
  `oper_time` datetime NULL DEFAULT NULL COMMENT '操作时间',
  PRIMARY KEY (`oper_id`) USING BTREE
) ENGINE = InnoDB AUTO_INCREMENT = 187 CHARACTER SET = utf8mb4 COLLATE = utf8mb4_0900_ai_ci COMMENT = '操作日志记录' ROW_FORMAT = DYNAMIC;

-- ----------------------------
-- Records of class_oper_log
-- ----------------------------
INSERT INTO `class_oper_log` VALUES (1, '操作日志', 9, 'com.ruoyi.web.controller.proj_cyq.ClassOperLogController.clean()', 'DELETE', 1, '系统用户', '系统部门', '/proj_cyq/operlog/clean', '127.0.0.1', '内网', '', '{\"msg\":\"操作成功\",\"code\":200}', 0, NULL, '2025-11-06 22:47:32');
INSERT INTO `class_oper_log` VALUES (2, '操作日志', 0, 'com.ruoyi.web.controller.proj_cyq.ClassOperLogController.list()', 'GET', 1, '系统用户', '系统部门', '/proj_cyq/operlog/list', '127.0.0.1', '内网', '{\"params\":{}}', '{\"code\":200,\"msg\":\"查询成功\",\"rows\":[{\"businessType\":9,\"deptName\":\"系统部门\",\"jsonResult\":\"{\\\"msg\\\":\\\"操作成功\\\",\\\"code\\\":200}\",\"method\":\"com.ruoyi.web.controller.proj_cyq.ClassOperLogController.clean()\",\"operId\":1,\"operIp\":\"127.0.0.1\",\"operName\":\"系统用户\",\"operTime\":\"2025-11-06 22:47:32\",\"operUrl\":\"/proj_cyq/operlog/clean\",\"operatorType\":1,\"params\":{},\"requestMethod\":\"DELETE\",\"status\":0,\"title\":\"操作日志\"}],\"total\":1}', 0, NULL, '2025-11-06 22:47:33');
INSERT INTO `class_oper_log` VALUES (3, '操作日志', 0, 'com.ruoyi.web.controller.proj_cyq.ClassOperLogController.list()', 'GET', 1, '系统用户', '系统部门', '/proj_cyq/operlog/list', '127.0.0.1', NULL, '{\"params\":{}}', '{\"code\":200,\"msg\":\"查询成功\",\"rows\":[{\"businessType\":0,\"deptName\":\"系统部门\",\"jsonResult\":\"{\\\"code\\\":200,\\\"msg\\\":\\\"查询成功\\\",\\\"rows\\\":[{\\\"businessType\\\":9,\\\"deptName\\\":\\\"系统部门\\\",\\\"jsonResult\\\":\\\"{\\\\\\\"msg\\\\\\\":\\\\\\\"操作成功\\\\\\\",\\\\\\\"code\\\\\\\":200}\\\",\\\"method\\\":\\\"com.ruoyi.web.controller.proj_cyq.ClassOperLogController.clean()\\\",\\\"operId\\\":1,\\\"operIp\\\":\\\"127.0.0.1\\\",\\\"operName\\\":\\\"系统用户\\\",\\\"operTime\\\":\\\"2025-11-06 22:47:32\\\",\\\"operUrl\\\":\\\"/proj_cyq/operlog/clean\\\",\\\"operatorType\\\":1,\\\"params\\\":{},\\\"requestMethod\\\":\\\"DELETE\\\",\\\"status\\\":0,\\\"title\\\":\\\"操作日志\\\"}],\\\"total\\\":1}\",\"method\":\"com.ruoyi.web.controller.proj_cyq.ClassOperLogController.list()\",\"operId\":2,\"operIp\":\"127.0.0.1\",\"operName\":\"系统用户\",\"operParam\":\"{\\\"params\\\":{}}\",\"operTime\":\"2025-11-06 22:47:33\",\"operUrl\":\"/proj_cyq/operlog/list\",\"operatorType\":1,\"params\":{},\"requestMethod\":\"GET\",\"status\":0,\"title\":\"操作日志\"},{\"businessType\":9,\"deptName\":\"系统部门\",\"jsonResult\":\"{\\\"msg\\\":\\\"操作成功\\\",\\\"code\\\":200}\",\"method\":\"com.ruoyi.web.controller.proj_cyq.ClassOperLogController.clean()\",\"operId\":1,\"operIp\":\"127.0.0.1\",\"operName\":\"系统用户\",\"operTime\":\"2025-11-06 22:47:32\",\"operUrl\":\"/proj_cyq/operlog/clean\",\"operatorType\":1,\"params\":{},\"requestMethod\":\"DELETE\",\"status\":0,\"title\":\"操作日志\"}],\"total\":2}', 0, NULL, '2025-11-06 22:50:52');
INSERT INTO `class_oper_log` VALUES (4, '操作日志', 5, 'com.ruoyi.web.controller.proj_cyq.ClassOperLogController.export()', 'POST', 1, '系统用户', '系统部门', '/proj_cyq/operlog/export', '127.0.0.1', NULL, '{\"params\":{}}', NULL, 0, NULL, '2025-11-06 22:50:56');
INSERT INTO `class_oper_log` VALUES (5, '操作日志', 5, 'com.ruoyi.web.controller.proj_cyq.ClassOperLogController.export()', 'POST', 1, '系统用户', '系统部门', '/proj_cyq/operlog/export', '127.0.0.1', NULL, '{\"params\":{}}', NULL, 0, NULL, '2025-11-06 22:53:28');
INSERT INTO `class_oper_log` VALUES (6, '操作日志', 0, 'com.ruoyi.web.controller.proj_cyq.ClassOperLogController.list()', 'GET', 1, '系统用户', '系统部门', '/proj_cyq/operlog/list', '127.0.0.1', NULL, '{\"params\":{}}', '{\"code\":200,\"msg\":\"查询成功\",\"rows\":[{\"businessType\":5,\"deptName\":\"系统部门\",\"method\":\"com.ruoyi.web.controller.proj_cyq.ClassOperLogController.export()\",\"operId\":5,\"operIp\":\"127.0.0.1\",\"operName\":\"系统用户\",\"operParam\":\"{\\\"params\\\":{}}\",\"operTime\":\"2025-11-06 22:53:28\",\"operUrl\":\"/proj_cyq/operlog/export\",\"operatorType\":1,\"params\":{},\"requestMethod\":\"POST\",\"status\":0,\"title\":\"操作日志\"},{\"businessType\":5,\"deptName\":\"系统部门\",\"method\":\"com.ruoyi.web.controller.proj_cyq.ClassOperLogController.export()\",\"operId\":4,\"operIp\":\"127.0.0.1\",\"operName\":\"系统用户\",\"operParam\":\"{\\\"params\\\":{}}\",\"operTime\":\"2025-11-06 22:50:56\",\"operUrl\":\"/proj_cyq/operlog/export\",\"operatorType\":1,\"params\":{},\"requestMethod\":\"POST\",\"status\":0,\"title\":\"操作日志\"},{\"businessType\":0,\"deptName\":\"系统部门\",\"jsonResult\":\"{\\\"code\\\":200,\\\"msg\\\":\\\"查询成功\\\",\\\"rows\\\":[{\\\"businessType\\\":0,\\\"deptName\\\":\\\"系统部门\\\",\\\"jsonResult\\\":\\\"{\\\\\\\"code\\\\\\\":200,\\\\\\\"msg\\\\\\\":\\\\\\\"查询成功\\\\\\\",\\\\\\\"rows\\\\\\\":[{\\\\\\\"businessType\\\\\\\":9,\\\\\\\"deptName\\\\\\\":\\\\\\\"系统部门\\\\\\\",\\\\\\\"jsonResult\\\\\\\":\\\\\\\"{\\\\\\\\\\\\\\\"msg\\\\\\\\\\\\\\\":\\\\\\\\\\\\\\\"操作成功\\\\\\\\\\\\\\\",\\\\\\\\\\\\\\\"code\\\\\\\\\\\\\\\":200}\\\\\\\",\\\\\\\"method\\\\\\\":\\\\\\\"com.ruoyi.web.controller.proj_cyq.ClassOperLogController.clean()\\\\\\\",\\\\\\\"operId\\\\\\\":1,\\\\\\\"operIp\\\\\\\":\\\\\\\"127.0.0.1\\\\\\\",\\\\\\\"operName\\\\\\\":\\\\\\\"系统用户\\\\\\\",\\\\\\\"operTime\\\\\\\":\\\\\\\"2025-11-06 22:47:32\\\\\\\",\\\\\\\"operUrl\\\\\\\":\\\\\\\"/proj_cyq/operlog/clean\\\\\\\",\\\\\\\"operatorType\\\\\\\":1,\\\\\\\"params\\\\\\\":{},\\\\\\\"requestMethod\\\\\\\":\\\\\\\"DELETE\\\\\\\",\\\\\\\"status\\\\\\\":0,\\\\\\\"title\\\\\\\":\\\\\\\"操作日志\\\\\\\"}],\\\\\\\"total\\\\\\\":1}\\\",\\\"method\\\":\\\"com.ruoyi.web.controller.proj_cyq.ClassOperLogController.list()\\\",\\\"operId\\\":2,\\\"operIp\\\":\\\"127.0.0.1\\\",\\\"operName\\\":\\\"系统用户\\\",\\\"operParam\\\":\\\"{\\\\\\\"params\\\\\\\":{}}\\\",\\\"operTime\\\":\\\"2025-11-06 22:47:33\\\",\\\"operUrl\\\":\\\"/proj_cyq/operlog/list\\\",\\\"operatorType\\\":1,\\\"params\\\":{},\\\"requestMethod\\\":\\\"GET\\\",\\\"status\\\":0,\\\"title\\\":\\\"操作日志\\\"},{\\\"businessType\\\":9,\\\"deptName\\\":\\\"系统部门\\\",\\\"jsonResult\\\":\\\"{\\\\\\\"msg\\\\\\\":\\\\\\\"操作成功\\\\\\\",\\\\\\\"code\\\\\\\":200}\\\",\\\"method\\\":\\\"com.ruoyi.web.controller.proj_cyq.ClassOperLogController.cle', 0, NULL, '2025-11-06 22:55:23');
INSERT INTO `class_oper_log` VALUES (7, '操作日志', 5, 'com.ruoyi.web.controller.proj_cyq.ClassOperLogController.export()', 'POST', 1, '系统用户', '系统部门', '/proj_cyq/operlog/export', '127.0.0.1', NULL, '{\"params\":{}}', NULL, 0, NULL, '2025-11-06 22:55:25');
INSERT INTO `class_oper_log` VALUES (8, '操作日志', 0, 'com.ruoyi.web.controller.proj_cyq.ClassOperLogController.list()', 'GET', 1, '系统用户', '系统部门', '/proj_cyq/operlog/list', '127.0.0.1', NULL, '{\"params\":{}}', '{\"code\":200,\"msg\":\"查询成功\",\"rows\":[{\"businessType\":5,\"deptName\":\"系统部门\",\"method\":\"com.ruoyi.web.controller.proj_cyq.ClassOperLogController.export()\",\"operId\":7,\"operIp\":\"127.0.0.1\",\"operName\":\"系统用户\",\"operParam\":\"{\\\"params\\\":{}}\",\"operTime\":\"2025-11-06 22:55:25\",\"operUrl\":\"/proj_cyq/operlog/export\",\"operatorType\":1,\"params\":{},\"requestMethod\":\"POST\",\"status\":0,\"title\":\"操作日志\"},{\"businessType\":0,\"deptName\":\"系统部门\",\"jsonResult\":\"{\\\"code\\\":200,\\\"msg\\\":\\\"查询成功\\\",\\\"rows\\\":[{\\\"businessType\\\":5,\\\"deptName\\\":\\\"系统部门\\\",\\\"method\\\":\\\"com.ruoyi.web.controller.proj_cyq.ClassOperLogController.export()\\\",\\\"operId\\\":5,\\\"operIp\\\":\\\"127.0.0.1\\\",\\\"operName\\\":\\\"系统用户\\\",\\\"operParam\\\":\\\"{\\\\\\\"params\\\\\\\":{}}\\\",\\\"operTime\\\":\\\"2025-11-06 22:53:28\\\",\\\"operUrl\\\":\\\"/proj_cyq/operlog/export\\\",\\\"operatorType\\\":1,\\\"params\\\":{},\\\"requestMethod\\\":\\\"POST\\\",\\\"status\\\":0,\\\"title\\\":\\\"操作日志\\\"},{\\\"businessType\\\":5,\\\"deptName\\\":\\\"系统部门\\\",\\\"method\\\":\\\"com.ruoyi.web.controller.proj_cyq.ClassOperLogController.export()\\\",\\\"operId\\\":4,\\\"operIp\\\":\\\"127.0.0.1\\\",\\\"operName\\\":\\\"系统用户\\\",\\\"operParam\\\":\\\"{\\\\\\\"params\\\\\\\":{}}\\\",\\\"operTime\\\":\\\"2025-11-06 22:50:56\\\",\\\"operUrl\\\":\\\"/proj_cyq/operlog/export\\\",\\\"operatorType\\\":1,\\\"params\\\":{},\\\"requestMethod\\\":\\\"POST\\\",\\\"status\\\":0,\\\"title\\\":\\\"操作日志\\\"},{\\\"businessType\\\":0,\\\"deptName\\\":\\\"系统部门\\\",\\\"jsonResult\\\":\\\"{\\\\\\\"code\\\\\\\":200,\\\\\\\"msg\\\\\\\":\\\\\\\"查询成功\\\\\\\",\\\\\\\"rows\\\\\\\":[{\\\\\\\"businessType\\\\\\\":0,\\\\\\\"deptName\\\\\\\":\\\\\\\"系统部门\\\\\\\",\\\\\\\"jsonResult\\\\\\\":\\\\\\\"{\\\\\\\\\\\\\\\"code\\\\\\\\\\\\\\\":200,\\\\\\\\\\\\\\\"msg\\\\\\\\\\\\\\\":\\\\\\\\\\\\\\\"查询成功\\\\\\\\\\\\\\\",\\\\\\\\\\\\\\\"rows\\\\\\\\\\\\\\\":[{\\\\\\\\\\\\\\\"businessType\\\\\\\\\\\\\\\":9,\\\\\\\\\\\\\\\"deptName\\\\\\\\\\\\\\\":\\\\\\\\\\\\\\\"系统部门\\\\\\\\\\\\\\\",\\\\\\\\\\\\\\\"jsonResult\\\\\\\\\\\\\\\":\\\\\\\\\\\\\\\"{\\\\\\\\\\\\\\\\\\\\\\\\\\\\\\\"msg\\\\\\\\\\\\\\\\\\\\\\\\\\\\\\\":\\\\\\\\\\\\\\\\\\\\\\\\\\\\\\\"操作成功\\\\\\\\\\\\\\\\\\\\\\\\\\\\\\\",\\\\\\\\\\\\\\\\\\\\\\\\\\\\\\\"code\\\\\\\\\\\\\\\\\\\\\\\\\\\\\\\":200}\\\\\\\\\\\\\\\",\\\\\\\\\\\\\\\"method\\\\\\\\\\\\\\\":\\\\\\\\\\\\\\\"com.ruoyi.web.controller.proj_cyq.ClassOperLogController.clean()\\\\\\\\\\\\\\\",\\\\\\\\\\\\\\\"operId\\\\\\\\\\\\\\\":1,\\\\\\\\\\\\\\\"operIp\\\\\\\\\\\\\\\":\\\\\\\\\\\\\\\"127.0.0.1\\\\\\\\\\\\\\\",\\\\\\\\\\\\\\\"operName\\\\\\\\\\\\\\\":\\\\\\\\\\\\\\\"系统用户\\\\\\\\\\\\\\\",\\\\\\\\\\\\\\', 0, NULL, '2025-11-06 22:59:03');
INSERT INTO `class_oper_log` VALUES (9, '操作日志', 5, 'com.ruoyi.web.controller.proj_cyq.ClassOperLogController.export()', 'POST', 1, '系统用户', '系统部门', '/proj_cyq/operlog/export', '127.0.0.1', NULL, '{\"params\":{}}', NULL, 0, NULL, '2025-11-06 22:59:07');
INSERT INTO `class_oper_log` VALUES (10, '操作日志', 5, 'com.ruoyi.web.controller.proj_cyq.ClassOperLogController.export()', 'POST', 1, '系统用户', '系统部门', '/proj_cyq/operlog/export', '127.0.0.1', NULL, '{\"params\":{}}', NULL, 0, NULL, '2025-11-06 23:00:11');
INSERT INTO `class_oper_log` VALUES (11, '操作日志', 0, 'com.ruoyi.web.controller.proj_cyq.ClassOperLogController.list()', 'GET', 1, '系统用户', '系统部门', '/proj_cyq/operlog/list', '127.0.0.1', NULL, '{\"params\":{}}', '{\"code\":200,\"msg\":\"查询成功\",\"rows\":[{\"businessType\":5,\"deptName\":\"系统部门\",\"method\":\"com.ruoyi.web.controller.proj_cyq.ClassOperLogController.export()\",\"operId\":10,\"operIp\":\"127.0.0.1\",\"operName\":\"系统用户\",\"operParam\":\"{\\\"params\\\":{}}\",\"operTime\":\"2025-11-06 23:00:11\",\"operUrl\":\"/proj_cyq/operlog/export\",\"operatorType\":1,\"params\":{},\"requestMethod\":\"POST\",\"status\":0,\"title\":\"操作日志\"},{\"businessType\":5,\"deptName\":\"系统部门\",\"method\":\"com.ruoyi.web.controller.proj_cyq.ClassOperLogController.export()\",\"operId\":9,\"operIp\":\"127.0.0.1\",\"operName\":\"系统用户\",\"operParam\":\"{\\\"params\\\":{}}\",\"operTime\":\"2025-11-06 22:59:07\",\"operUrl\":\"/proj_cyq/operlog/export\",\"operatorType\":1,\"params\":{},\"requestMethod\":\"POST\",\"status\":0,\"title\":\"操作日志\"},{\"businessType\":0,\"deptName\":\"系统部门\",\"jsonResult\":\"{\\\"code\\\":200,\\\"msg\\\":\\\"查询成功\\\",\\\"rows\\\":[{\\\"businessType\\\":5,\\\"deptName\\\":\\\"系统部门\\\",\\\"method\\\":\\\"com.ruoyi.web.controller.proj_cyq.ClassOperLogController.export()\\\",\\\"operId\\\":7,\\\"operIp\\\":\\\"127.0.0.1\\\",\\\"operName\\\":\\\"系统用户\\\",\\\"operParam\\\":\\\"{\\\\\\\"params\\\\\\\":{}}\\\",\\\"operTime\\\":\\\"2025-11-06 22:55:25\\\",\\\"operUrl\\\":\\\"/proj_cyq/operlog/export\\\",\\\"operatorType\\\":1,\\\"params\\\":{},\\\"requestMethod\\\":\\\"POST\\\",\\\"status\\\":0,\\\"title\\\":\\\"操作日志\\\"},{\\\"businessType\\\":0,\\\"deptName\\\":\\\"系统部门\\\",\\\"jsonResult\\\":\\\"{\\\\\\\"code\\\\\\\":200,\\\\\\\"msg\\\\\\\":\\\\\\\"查询成功\\\\\\\",\\\\\\\"rows\\\\\\\":[{\\\\\\\"businessType\\\\\\\":5,\\\\\\\"deptName\\\\\\\":\\\\\\\"系统部门\\\\\\\",\\\\\\\"method\\\\\\\":\\\\\\\"com.ruoyi.web.controller.proj_cyq.ClassOperLogController.export()\\\\\\\",\\\\\\\"operId\\\\\\\":5,\\\\\\\"operIp\\\\\\\":\\\\\\\"127.0.0.1\\\\\\\",\\\\\\\"operName\\\\\\\":\\\\\\\"系统用户\\\\\\\",\\\\\\\"operParam\\\\\\\":\\\\\\\"{\\\\\\\\\\\\\\\"params\\\\\\\\\\\\\\\":{}}\\\\\\\",\\\\\\\"operTime\\\\\\\":\\\\\\\"2025-11-06 22:53:28\\\\\\\",\\\\\\\"operUrl\\\\\\\":\\\\\\\"/proj_cyq/operlog/export\\\\\\\",\\\\\\\"operatorType\\\\\\\":1,\\\\\\\"params\\\\\\\":{},\\\\\\\"requestMethod\\\\\\\":\\\\\\\"POST\\\\\\\",\\\\\\\"status\\\\\\\":0,\\\\\\\"title\\\\\\\":\\\\\\\"操作日志\\\\\\\"},{\\\\\\\"businessType\\\\\\\":5,\\\\\\\"deptName\\\\\\\":\\\\\\\"系统部门\\\\\\\",\\\\\\\"method\\\\\\\":\\\\\\\"com.ruoyi.web.controller.proj_cyq.ClassOperLogController.export()\\\\\\\",\\\\\\\"operId\\\\\\\":4,\\\\\\\"operIp\\\\\\\":\\\\\\\"127.0.0.1\\\\\\', 0, NULL, '2025-11-06 23:00:13');
INSERT INTO `class_oper_log` VALUES (12, '操作日志', 5, 'com.ruoyi.web.controller.proj_cyq.ClassOperLogController.export()', 'POST', 1, '系统用户', '系统部门', '/proj_cyq/operlog/export', '127.0.0.1', NULL, '{\"params\":{}}', NULL, 0, NULL, '2025-11-06 23:00:15');
INSERT INTO `class_oper_log` VALUES (13, '操作日志', 0, 'com.ruoyi.web.controller.proj_cyq.ClassOperLogController.list()', 'GET', 1, '系统用户', '系统部门', '/proj_cyq/operlog/list', '127.0.0.1', NULL, '{\"params\":{\"beginTime\":\"2025-11-06\",\"endTime\":\"2025-12-11\"}}', '{\"code\":200,\"msg\":\"查询成功\",\"rows\":[{\"businessType\":5,\"deptName\":\"系统部门\",\"method\":\"com.ruoyi.web.controller.proj_cyq.ClassOperLogController.export()\",\"operId\":12,\"operIp\":\"127.0.0.1\",\"operName\":\"系统用户\",\"operParam\":\"{\\\"params\\\":{}}\",\"operTime\":\"2025-11-06 23:00:15\",\"operUrl\":\"/proj_cyq/operlog/export\",\"operatorType\":1,\"params\":{},\"requestMethod\":\"POST\",\"status\":0,\"title\":\"操作日志\"},{\"businessType\":0,\"deptName\":\"系统部门\",\"jsonResult\":\"{\\\"code\\\":200,\\\"msg\\\":\\\"查询成功\\\",\\\"rows\\\":[{\\\"businessType\\\":5,\\\"deptName\\\":\\\"系统部门\\\",\\\"method\\\":\\\"com.ruoyi.web.controller.proj_cyq.ClassOperLogController.export()\\\",\\\"operId\\\":10,\\\"operIp\\\":\\\"127.0.0.1\\\",\\\"operName\\\":\\\"系统用户\\\",\\\"operParam\\\":\\\"{\\\\\\\"params\\\\\\\":{}}\\\",\\\"operTime\\\":\\\"2025-11-06 23:00:11\\\",\\\"operUrl\\\":\\\"/proj_cyq/operlog/export\\\",\\\"operatorType\\\":1,\\\"params\\\":{},\\\"requestMethod\\\":\\\"POST\\\",\\\"status\\\":0,\\\"title\\\":\\\"操作日志\\\"},{\\\"businessType\\\":5,\\\"deptName\\\":\\\"系统部门\\\",\\\"method\\\":\\\"com.ruoyi.web.controller.proj_cyq.ClassOperLogController.export()\\\",\\\"operId\\\":9,\\\"operIp\\\":\\\"127.0.0.1\\\",\\\"operName\\\":\\\"系统用户\\\",\\\"operParam\\\":\\\"{\\\\\\\"params\\\\\\\":{}}\\\",\\\"operTime\\\":\\\"2025-11-06 22:59:07\\\",\\\"operUrl\\\":\\\"/proj_cyq/operlog/export\\\",\\\"operatorType\\\":1,\\\"params\\\":{},\\\"requestMethod\\\":\\\"POST\\\",\\\"status\\\":0,\\\"title\\\":\\\"操作日志\\\"},{\\\"businessType\\\":0,\\\"deptName\\\":\\\"系统部门\\\",\\\"jsonResult\\\":\\\"{\\\\\\\"code\\\\\\\":200,\\\\\\\"msg\\\\\\\":\\\\\\\"查询成功\\\\\\\",\\\\\\\"rows\\\\\\\":[{\\\\\\\"businessType\\\\\\\":5,\\\\\\\"deptName\\\\\\\":\\\\\\\"系统部门\\\\\\\",\\\\\\\"method\\\\\\\":\\\\\\\"com.ruoyi.web.controller.proj_cyq.ClassOperLogController.export()\\\\\\\",\\\\\\\"operId\\\\\\\":7,\\\\\\\"operIp\\\\\\\":\\\\\\\"127.0.0.1\\\\\\\",\\\\\\\"operName\\\\\\\":\\\\\\\"系统用户\\\\\\\",\\\\\\\"operParam\\\\\\\":\\\\\\\"{\\\\\\\\\\\\\\\"params\\\\\\\\\\\\\\\":{}}\\\\\\\",\\\\\\\"operTime\\\\\\\":\\\\\\\"2025-11-06 22:55:25\\\\\\\",\\\\\\\"operUrl\\\\\\\":\\\\\\\"/proj_cyq/operlog/export\\\\\\\",\\\\\\\"operatorType\\\\\\\":1,\\\\\\\"params\\\\\\\":{},\\\\\\\"requestMethod\\\\\\\":\\\\\\\"POST\\\\\\\",\\\\\\\"status\\\\\\\":0,\\\\\\\"title\\\\\\\":\\\\\\\"操作日志\\\\\\\"},{\\\\\\\"businessType\\\\\\\":0,\\\\\\\"deptName\\\\\\\":\\\\\\\"系统部门\\\\\\\",\\\\\\\"jsonResult\\\\\\\":\\\\\\\"{\\\\\\\\\\\\\\\"code\\\\\\\\\\\\\\\":200,\\\\\\\\\\\\\\\"msg\\\\\\\\\\\\\\\":\\\\\\\\\\\\\\\"查询成功\\\\\\\\\\', 0, NULL, '2025-11-06 23:02:11');
INSERT INTO `class_oper_log` VALUES (14, '操作日志', 0, 'com.ruoyi.web.controller.proj_cyq.ClassOperLogController.list()', 'GET', 1, '系统用户', '系统部门', '/proj_cyq/operlog/list', '127.0.0.1', NULL, '{\"params\":{}}', '{\"code\":200,\"msg\":\"查询成功\",\"rows\":[{\"businessType\":0,\"deptName\":\"系统部门\",\"jsonResult\":\"{\\\"code\\\":200,\\\"msg\\\":\\\"查询成功\\\",\\\"rows\\\":[{\\\"businessType\\\":5,\\\"deptName\\\":\\\"系统部门\\\",\\\"method\\\":\\\"com.ruoyi.web.controller.proj_cyq.ClassOperLogController.export()\\\",\\\"operId\\\":12,\\\"operIp\\\":\\\"127.0.0.1\\\",\\\"operName\\\":\\\"系统用户\\\",\\\"operParam\\\":\\\"{\\\\\\\"params\\\\\\\":{}}\\\",\\\"operTime\\\":\\\"2025-11-06 23:00:15\\\",\\\"operUrl\\\":\\\"/proj_cyq/operlog/export\\\",\\\"operatorType\\\":1,\\\"params\\\":{},\\\"requestMethod\\\":\\\"POST\\\",\\\"status\\\":0,\\\"title\\\":\\\"操作日志\\\"},{\\\"businessType\\\":0,\\\"deptName\\\":\\\"系统部门\\\",\\\"jsonResult\\\":\\\"{\\\\\\\"code\\\\\\\":200,\\\\\\\"msg\\\\\\\":\\\\\\\"查询成功\\\\\\\",\\\\\\\"rows\\\\\\\":[{\\\\\\\"businessType\\\\\\\":5,\\\\\\\"deptName\\\\\\\":\\\\\\\"系统部门\\\\\\\",\\\\\\\"method\\\\\\\":\\\\\\\"com.ruoyi.web.controller.proj_cyq.ClassOperLogController.export()\\\\\\\",\\\\\\\"operId\\\\\\\":10,\\\\\\\"operIp\\\\\\\":\\\\\\\"127.0.0.1\\\\\\\",\\\\\\\"operName\\\\\\\":\\\\\\\"系统用户\\\\\\\",\\\\\\\"operParam\\\\\\\":\\\\\\\"{\\\\\\\\\\\\\\\"params\\\\\\\\\\\\\\\":{}}\\\\\\\",\\\\\\\"operTime\\\\\\\":\\\\\\\"2025-11-06 23:00:11\\\\\\\",\\\\\\\"operUrl\\\\\\\":\\\\\\\"/proj_cyq/operlog/export\\\\\\\",\\\\\\\"operatorType\\\\\\\":1,\\\\\\\"params\\\\\\\":{},\\\\\\\"requestMethod\\\\\\\":\\\\\\\"POST\\\\\\\",\\\\\\\"status\\\\\\\":0,\\\\\\\"title\\\\\\\":\\\\\\\"操作日志\\\\\\\"},{\\\\\\\"businessType\\\\\\\":5,\\\\\\\"deptName\\\\\\\":\\\\\\\"系统部门\\\\\\\",\\\\\\\"method\\\\\\\":\\\\\\\"com.ruoyi.web.controller.proj_cyq.ClassOperLogController.export()\\\\\\\",\\\\\\\"operId\\\\\\\":9,\\\\\\\"operIp\\\\\\\":\\\\\\\"127.0.0.1\\\\\\\",\\\\\\\"operName\\\\\\\":\\\\\\\"系统用户\\\\\\\",\\\\\\\"operParam\\\\\\\":\\\\\\\"{\\\\\\\\\\\\\\\"params\\\\\\\\\\\\\\\":{}}\\\\\\\",\\\\\\\"operTime\\\\\\\":\\\\\\\"2025-11-06 22:59:07\\\\\\\",\\\\\\\"operUrl\\\\\\\":\\\\\\\"/proj_cyq/operlog/export\\\\\\\",\\\\\\\"operatorType\\\\\\\":1,\\\\\\\"params\\\\\\\":{},\\\\\\\"requestMethod\\\\\\\":\\\\\\\"POST\\\\\\\",\\\\\\\"status\\\\\\\":0,\\\\\\\"title\\\\\\\":\\\\\\\"操作日志\\\\\\\"},{\\\\\\\"businessType\\\\\\\":0,\\\\\\\"deptName\\\\\\\":\\\\\\\"系统部门\\\\\\\",\\\\\\\"jsonResult\\\\\\\":\\\\\\\"{\\\\\\\\\\\\\\\"code\\\\\\\\\\\\\\\":200,\\\\\\\\\\\\\\\"msg\\\\\\\\\\\\\\\":\\\\\\\\\\\\\\\"查询成功\\\\\\\\\\\\\\\",\\\\\\\\\\\\\\\"rows\\\\\\\\\\\\\\\":[{\\\\\\\\\\\\\\\"businessType\\\\\\\\\\\\\\\":5,\\\\\\\\\\\\\\\"deptName\\\\\\\\\\\\\\\":\\\\\\\\\\\\\\\"系统部门\\\\\\\\\\\\\\\",\\\\\\\\\\\\\\\"method\\\\\\\\\\\\\\\":\\\\\\\\\\\\\\\"com.ruoyi.web.controller.proj_cyq.ClassOperLogController.export()\\\\\\\\\\\\\\\",\\\\\\\\\\\\\\\"operId\\\\\\\\\\\\\\\":7,\\\\\\\\\\\\\\\"', 0, NULL, '2025-11-06 23:02:13');
INSERT INTO `class_oper_log` VALUES (15, '登录日志', 0, 'com.ruoyi.web.controller.proj_cyq.ClassLoginLogController.list()', 'GET', 1, '系统用户', '系统部门', '/proj_cyq/loginlog/list', '127.0.0.1', NULL, '{\"params\":{}}', '{\"code\":200,\"msg\":\"查询成功\",\"rows\":[],\"total\":0}', 0, NULL, '2025-11-06 23:03:02');
INSERT INTO `class_oper_log` VALUES (16, '登录日志', 5, 'com.ruoyi.web.controller.proj_cyq.ClassLoginLogController.export()', 'POST', 1, '系统用户', '系统部门', '/proj_cyq/loginlog/export', '127.0.0.1', NULL, '{\"params\":{}}', NULL, 0, NULL, '2025-11-06 23:03:04');
INSERT INTO `class_oper_log` VALUES (17, '登录日志', 0, 'com.ruoyi.web.controller.proj_cyq.ClassLoginLogController.list()', 'GET', 1, '系统用户', '系统部门', '/proj_cyq/loginlog/list', '127.0.0.1', NULL, '{\"params\":{}}', '{\"code\":200,\"msg\":\"查询成功\",\"rows\":[],\"total\":0}', 0, NULL, '2025-11-06 23:04:21');
INSERT INTO `class_oper_log` VALUES (18, '操作日志', 0, 'com.ruoyi.web.controller.proj_cyq.ClassOperLogController.list()', 'GET', 1, '系统用户', '系统部门', '/proj_cyq/operlog/list', '127.0.0.1', NULL, '{\"params\":{}}', '{\"code\":200,\"msg\":\"查询成功\",\"rows\":[{\"businessType\":0,\"deptName\":\"系统部门\",\"jsonResult\":\"{\\\"code\\\":200,\\\"msg\\\":\\\"查询成功\\\",\\\"rows\\\":[],\\\"total\\\":0}\",\"method\":\"com.ruoyi.web.controller.proj_cyq.ClassLoginLogController.list()\",\"operId\":17,\"operIp\":\"127.0.0.1\",\"operName\":\"系统用户\",\"operParam\":\"{\\\"params\\\":{}}\",\"operTime\":\"2025-11-06 23:04:21\",\"operUrl\":\"/proj_cyq/loginlog/list\",\"operatorType\":1,\"params\":{},\"requestMethod\":\"GET\",\"status\":0,\"title\":\"登录日志\"},{\"businessType\":5,\"deptName\":\"系统部门\",\"method\":\"com.ruoyi.web.controller.proj_cyq.ClassLoginLogController.export()\",\"operId\":16,\"operIp\":\"127.0.0.1\",\"operName\":\"系统用户\",\"operParam\":\"{\\\"params\\\":{}}\",\"operTime\":\"2025-11-06 23:03:04\",\"operUrl\":\"/proj_cyq/loginlog/export\",\"operatorType\":1,\"params\":{},\"requestMethod\":\"POST\",\"status\":0,\"title\":\"登录日志\"},{\"businessType\":0,\"deptName\":\"系统部门\",\"jsonResult\":\"{\\\"code\\\":200,\\\"msg\\\":\\\"查询成功\\\",\\\"rows\\\":[],\\\"total\\\":0}\",\"method\":\"com.ruoyi.web.controller.proj_cyq.ClassLoginLogController.list()\",\"operId\":15,\"operIp\":\"127.0.0.1\",\"operName\":\"系统用户\",\"operParam\":\"{\\\"params\\\":{}}\",\"operTime\":\"2025-11-06 23:03:02\",\"operUrl\":\"/proj_cyq/loginlog/list\",\"operatorType\":1,\"params\":{},\"requestMethod\":\"GET\",\"status\":0,\"title\":\"登录日志\"},{\"businessType\":0,\"deptName\":\"系统部门\",\"jsonResult\":\"{\\\"code\\\":200,\\\"msg\\\":\\\"查询成功\\\",\\\"rows\\\":[{\\\"businessType\\\":0,\\\"deptName\\\":\\\"系统部门\\\",\\\"jsonResult\\\":\\\"{\\\\\\\"code\\\\\\\":200,\\\\\\\"msg\\\\\\\":\\\\\\\"查询成功\\\\\\\",\\\\\\\"rows\\\\\\\":[{\\\\\\\"businessType\\\\\\\":5,\\\\\\\"deptName\\\\\\\":\\\\\\\"系统部门\\\\\\\",\\\\\\\"method\\\\\\\":\\\\\\\"com.ruoyi.web.controller.proj_cyq.ClassOperLogController.export()\\\\\\\",\\\\\\\"operId\\\\\\\":12,\\\\\\\"operIp\\\\\\\":\\\\\\\"127.0.0.1\\\\\\\",\\\\\\\"operName\\\\\\\":\\\\\\\"系统用户\\\\\\\",\\\\\\\"operParam\\\\\\\":\\\\\\\"{\\\\\\\\\\\\\\\"params\\\\\\\\\\\\\\\":{}}\\\\\\\",\\\\\\\"operTime\\\\\\\":\\\\\\\"2025-11-06 23:00:15\\\\\\\",\\\\\\\"operUrl\\\\\\\":\\\\\\\"/proj_cyq/operlog/export\\\\\\\",\\\\\\\"operatorType\\\\\\\":1,\\\\\\\"params\\\\\\\":{},\\\\\\\"requestMethod\\\\\\\":\\\\\\\"POST\\\\\\\",\\\\\\\"status\\\\\\\":0,\\\\\\\"title\\\\\\\":\\\\\\\"操作日志\\\\\\\"},{\\\\\\\"businessType\\\\\\\":0,\\\\\\\"deptName\\\\\\\":\\\\\\\"系统部门\\\\\\\",\\\\\\\"jsonResult\\\\\\\":\\\\\\\"{\\\\\\\\\\\\\\\"code\\\\\\\\\\\\\\\":2', 0, NULL, '2025-11-06 23:04:23');
INSERT INTO `class_oper_log` VALUES (19, '操作日志', 5, 'com.ruoyi.web.controller.proj_cyq.ClassOperLogController.export()', 'POST', 1, '系统用户', '系统部门', '/proj_cyq/operlog/export', '127.0.0.1', NULL, '{\"params\":{}}', NULL, 0, NULL, '2025-11-06 23:04:25');
INSERT INTO `class_oper_log` VALUES (20, '操作日志', 0, 'com.ruoyi.web.controller.proj_cyq.ClassOperLogController.list()', 'GET', 1, '系统用户', '系统部门', '/proj_cyq/operlog/list', '127.0.0.1', NULL, '{\"params\":{}}', '{\"code\":200,\"msg\":\"查询成功\",\"rows\":[{\"businessType\":5,\"deptName\":\"系统部门\",\"method\":\"com.ruoyi.web.controller.proj_cyq.ClassOperLogController.export()\",\"operId\":19,\"operIp\":\"127.0.0.1\",\"operName\":\"系统用户\",\"operParam\":\"{\\\"params\\\":{}}\",\"operTime\":\"2025-11-06 23:04:25\",\"operUrl\":\"/proj_cyq/operlog/export\",\"operatorType\":1,\"params\":{},\"requestMethod\":\"POST\",\"status\":0,\"title\":\"操作日志\"},{\"businessType\":0,\"deptName\":\"系统部门\",\"jsonResult\":\"{\\\"code\\\":200,\\\"msg\\\":\\\"查询成功\\\",\\\"rows\\\":[{\\\"businessType\\\":0,\\\"deptName\\\":\\\"系统部门\\\",\\\"jsonResult\\\":\\\"{\\\\\\\"code\\\\\\\":200,\\\\\\\"msg\\\\\\\":\\\\\\\"查询成功\\\\\\\",\\\\\\\"rows\\\\\\\":[],\\\\\\\"total\\\\\\\":0}\\\",\\\"method\\\":\\\"com.ruoyi.web.controller.proj_cyq.ClassLoginLogController.list()\\\",\\\"operId\\\":17,\\\"operIp\\\":\\\"127.0.0.1\\\",\\\"operName\\\":\\\"系统用户\\\",\\\"operParam\\\":\\\"{\\\\\\\"params\\\\\\\":{}}\\\",\\\"operTime\\\":\\\"2025-11-06 23:04:21\\\",\\\"operUrl\\\":\\\"/proj_cyq/loginlog/list\\\",\\\"operatorType\\\":1,\\\"params\\\":{},\\\"requestMethod\\\":\\\"GET\\\",\\\"status\\\":0,\\\"title\\\":\\\"登录日志\\\"},{\\\"businessType\\\":5,\\\"deptName\\\":\\\"系统部门\\\",\\\"method\\\":\\\"com.ruoyi.web.controller.proj_cyq.ClassLoginLogController.export()\\\",\\\"operId\\\":16,\\\"operIp\\\":\\\"127.0.0.1\\\",\\\"operName\\\":\\\"系统用户\\\",\\\"operParam\\\":\\\"{\\\\\\\"params\\\\\\\":{}}\\\",\\\"operTime\\\":\\\"2025-11-06 23:03:04\\\",\\\"operUrl\\\":\\\"/proj_cyq/loginlog/export\\\",\\\"operatorType\\\":1,\\\"params\\\":{},\\\"requestMethod\\\":\\\"POST\\\",\\\"status\\\":0,\\\"title\\\":\\\"登录日志\\\"},{\\\"businessType\\\":0,\\\"deptName\\\":\\\"系统部门\\\",\\\"jsonResult\\\":\\\"{\\\\\\\"code\\\\\\\":200,\\\\\\\"msg\\\\\\\":\\\\\\\"查询成功\\\\\\\",\\\\\\\"rows\\\\\\\":[],\\\\\\\"total\\\\\\\":0}\\\",\\\"method\\\":\\\"com.ruoyi.web.controller.proj_cyq.ClassLoginLogController.list()\\\",\\\"operId\\\":15,\\\"operIp\\\":\\\"127.0.0.1\\\",\\\"operName\\\":\\\"系统用户\\\",\\\"operParam\\\":\\\"{\\\\\\\"params\\\\\\\":{}}\\\",\\\"operTime\\\":\\\"2025-11-06 23:03:02\\\",\\\"operUrl\\\":\\\"/proj_cyq/loginlog/list\\\",\\\"operatorType\\\":1,\\\"params\\\":{},\\\"requestMethod\\\":\\\"GET\\\",\\\"status\\\":0,\\\"title\\\":\\\"登录日志\\\"},{\\\"businessType\\\":0,\\\"deptName\\\":\\\"系统部门\\\",\\\"jsonResult\\\":\\\"{\\\\\\\"code\\\\\\\":200,\\\\\\\"msg\\\\\\\":\\\\\\\"查询成功\\\\\\\",\\\\\\\"rows\\\\\\\":[{\\\\\\\"businessType\\\\\\\":0,\\\\\\\"deptName\\\\\\\":\\\\\\\"系统部门\\\\\\', 0, NULL, '2025-11-06 23:05:11');
INSERT INTO `class_oper_log` VALUES (21, '操作日志', 5, 'com.ruoyi.web.controller.proj_cyq.ClassOperLogController.export()', 'POST', 1, '系统用户', '系统部门', '/proj_cyq/operlog/export', '127.0.0.1', NULL, '{\"params\":{}}', NULL, 0, NULL, '2025-11-06 23:05:14');
INSERT INTO `class_oper_log` VALUES (22, '操作日志', 0, 'com.ruoyi.web.controller.proj_cyq.ClassOperLogController.list()', 'GET', 1, '系统用户', '系统部门', '/proj_cyq/operlog/list', '127.0.0.1', NULL, '{\"params\":{}}', '{\"code\":200,\"msg\":\"查询成功\",\"rows\":[{\"businessType\":5,\"deptName\":\"系统部门\",\"method\":\"com.ruoyi.web.controller.proj_cyq.ClassOperLogController.export()\",\"operId\":21,\"operIp\":\"127.0.0.1\",\"operName\":\"系统用户\",\"operParam\":\"{\\\"params\\\":{}}\",\"operTime\":\"2025-11-06 23:05:14\",\"operUrl\":\"/proj_cyq/operlog/export\",\"operatorType\":1,\"params\":{},\"requestMethod\":\"POST\",\"status\":0,\"title\":\"操作日志\"},{\"businessType\":0,\"deptName\":\"系统部门\",\"jsonResult\":\"{\\\"code\\\":200,\\\"msg\\\":\\\"查询成功\\\",\\\"rows\\\":[{\\\"businessType\\\":5,\\\"deptName\\\":\\\"系统部门\\\",\\\"method\\\":\\\"com.ruoyi.web.controller.proj_cyq.ClassOperLogController.export()\\\",\\\"operId\\\":19,\\\"operIp\\\":\\\"127.0.0.1\\\",\\\"operName\\\":\\\"系统用户\\\",\\\"operParam\\\":\\\"{\\\\\\\"params\\\\\\\":{}}\\\",\\\"operTime\\\":\\\"2025-11-06 23:04:25\\\",\\\"operUrl\\\":\\\"/proj_cyq/operlog/export\\\",\\\"operatorType\\\":1,\\\"params\\\":{},\\\"requestMethod\\\":\\\"POST\\\",\\\"status\\\":0,\\\"title\\\":\\\"操作日志\\\"},{\\\"businessType\\\":0,\\\"deptName\\\":\\\"系统部门\\\",\\\"jsonResult\\\":\\\"{\\\\\\\"code\\\\\\\":200,\\\\\\\"msg\\\\\\\":\\\\\\\"查询成功\\\\\\\",\\\\\\\"rows\\\\\\\":[{\\\\\\\"businessType\\\\\\\":0,\\\\\\\"deptName\\\\\\\":\\\\\\\"系统部门\\\\\\\",\\\\\\\"jsonResult\\\\\\\":\\\\\\\"{\\\\\\\\\\\\\\\"code\\\\\\\\\\\\\\\":200,\\\\\\\\\\\\\\\"msg\\\\\\\\\\\\\\\":\\\\\\\\\\\\\\\"查询成功\\\\\\\\\\\\\\\",\\\\\\\\\\\\\\\"rows\\\\\\\\\\\\\\\":[],\\\\\\\\\\\\\\\"total\\\\\\\\\\\\\\\":0}\\\\\\\",\\\\\\\"method\\\\\\\":\\\\\\\"com.ruoyi.web.controller.proj_cyq.ClassLoginLogController.list()\\\\\\\",\\\\\\\"operId\\\\\\\":17,\\\\\\\"operIp\\\\\\\":\\\\\\\"127.0.0.1\\\\\\\",\\\\\\\"operName\\\\\\\":\\\\\\\"系统用户\\\\\\\",\\\\\\\"operParam\\\\\\\":\\\\\\\"{\\\\\\\\\\\\\\\"params\\\\\\\\\\\\\\\":{}}\\\\\\\",\\\\\\\"operTime\\\\\\\":\\\\\\\"2025-11-06 23:04:21\\\\\\\",\\\\\\\"operUrl\\\\\\\":\\\\\\\"/proj_cyq/loginlog/list\\\\\\\",\\\\\\\"operatorType\\\\\\\":1,\\\\\\\"params\\\\\\\":{},\\\\\\\"requestMethod\\\\\\\":\\\\\\\"GET\\\\\\\",\\\\\\\"status\\\\\\\":0,\\\\\\\"title\\\\\\\":\\\\\\\"登录日志\\\\\\\"},{\\\\\\\"businessType\\\\\\\":5,\\\\\\\"deptName\\\\\\\":\\\\\\\"系统部门\\\\\\\",\\\\\\\"method\\\\\\\":\\\\\\\"com.ruoyi.web.controller.proj_cyq.ClassLoginLogController.export()\\\\\\\",\\\\\\\"operId\\\\\\\":16,\\\\\\\"operIp\\\\\\\":\\\\\\\"127.0.0.1\\\\\\\",\\\\\\\"operName\\\\\\\":\\\\\\\"系统用户\\\\\\\",\\\\\\\"operParam\\\\\\\":\\\\\\\"{\\\\\\\\\\\\\\\"params\\\\\\\\\\\\\\\":{}}\\\\\\\",\\\\\\\"operTime\\\\\\\":\\\\\\\"2025-11-06 23:03:04\\\\\\\",\\\\\\\"operUrl\\\\\\\":\\\\\\\"/proj_cyq/loginlog/export\\\\\\\",\\\\\\\"operatorType\\', 0, NULL, '2025-11-06 23:10:16');
INSERT INTO `class_oper_log` VALUES (23, '操作日志', 5, 'com.ruoyi.web.controller.proj_cyq.ClassOperLogController.export()', 'GET', 1, '系统用户', '系统部门', '/proj_cyq/operlog/export', '127.0.0.1', NULL, '{\"params\":{}}', NULL, 0, NULL, '2025-11-06 23:10:24');
INSERT INTO `class_oper_log` VALUES (24, '登录日志', 0, 'com.ruoyi.web.controller.proj_cyq.ClassLoginLogController.list()', 'GET', 1, '系统用户', '系统部门', '/proj_cyq/loginlog/list', '127.0.0.1', NULL, '{\"params\":{}}', '{\"code\":200,\"msg\":\"查询成功\",\"rows\":[],\"total\":0}', 0, NULL, '2025-11-06 23:11:20');
INSERT INTO `class_oper_log` VALUES (25, '操作日志', 0, 'com.ruoyi.web.controller.proj_cyq.ClassOperLogController.list()', 'GET', 1, '系统用户', '系统部门', '/proj_cyq/operlog/list', '127.0.0.1', NULL, '{\"params\":{}}', '{\"code\":200,\"msg\":\"查询成功\",\"rows\":[{\"businessType\":0,\"deptName\":\"系统部门\",\"jsonResult\":\"{\\\"code\\\":200,\\\"msg\\\":\\\"查询成功\\\",\\\"rows\\\":[],\\\"total\\\":0}\",\"method\":\"com.ruoyi.web.controller.proj_cyq.ClassLoginLogController.list()\",\"operId\":24,\"operIp\":\"127.0.0.1\",\"operName\":\"系统用户\",\"operParam\":\"{\\\"params\\\":{}}\",\"operTime\":\"2025-11-06 23:11:20\",\"operUrl\":\"/proj_cyq/loginlog/list\",\"operatorType\":1,\"params\":{},\"requestMethod\":\"GET\",\"status\":0,\"title\":\"登录日志\"},{\"businessType\":5,\"deptName\":\"系统部门\",\"method\":\"com.ruoyi.web.controller.proj_cyq.ClassOperLogController.export()\",\"operId\":23,\"operIp\":\"127.0.0.1\",\"operName\":\"系统用户\",\"operParam\":\"{\\\"params\\\":{}}\",\"operTime\":\"2025-11-06 23:10:24\",\"operUrl\":\"/proj_cyq/operlog/export\",\"operatorType\":1,\"params\":{},\"requestMethod\":\"GET\",\"status\":0,\"title\":\"操作日志\"},{\"businessType\":0,\"deptName\":\"系统部门\",\"jsonResult\":\"{\\\"code\\\":200,\\\"msg\\\":\\\"查询成功\\\",\\\"rows\\\":[{\\\"businessType\\\":5,\\\"deptName\\\":\\\"系统部门\\\",\\\"method\\\":\\\"com.ruoyi.web.controller.proj_cyq.ClassOperLogController.export()\\\",\\\"operId\\\":21,\\\"operIp\\\":\\\"127.0.0.1\\\",\\\"operName\\\":\\\"系统用户\\\",\\\"operParam\\\":\\\"{\\\\\\\"params\\\\\\\":{}}\\\",\\\"operTime\\\":\\\"2025-11-06 23:05:14\\\",\\\"operUrl\\\":\\\"/proj_cyq/operlog/export\\\",\\\"operatorType\\\":1,\\\"params\\\":{},\\\"requestMethod\\\":\\\"POST\\\",\\\"status\\\":0,\\\"title\\\":\\\"操作日志\\\"},{\\\"businessType\\\":0,\\\"deptName\\\":\\\"系统部门\\\",\\\"jsonResult\\\":\\\"{\\\\\\\"code\\\\\\\":200,\\\\\\\"msg\\\\\\\":\\\\\\\"查询成功\\\\\\\",\\\\\\\"rows\\\\\\\":[{\\\\\\\"businessType\\\\\\\":5,\\\\\\\"deptName\\\\\\\":\\\\\\\"系统部门\\\\\\\",\\\\\\\"method\\\\\\\":\\\\\\\"com.ruoyi.web.controller.proj_cyq.ClassOperLogController.export()\\\\\\\",\\\\\\\"operId\\\\\\\":19,\\\\\\\"operIp\\\\\\\":\\\\\\\"127.0.0.1\\\\\\\",\\\\\\\"operName\\\\\\\":\\\\\\\"系统用户\\\\\\\",\\\\\\\"operParam\\\\\\\":\\\\\\\"{\\\\\\\\\\\\\\\"params\\\\\\\\\\\\\\\":{}}\\\\\\\",\\\\\\\"operTime\\\\\\\":\\\\\\\"2025-11-06 23:04:25\\\\\\\",\\\\\\\"operUrl\\\\\\\":\\\\\\\"/proj_cyq/operlog/export\\\\\\\",\\\\\\\"operatorType\\\\\\\":1,\\\\\\\"params\\\\\\\":{},\\\\\\\"requestMethod\\\\\\\":\\\\\\\"POST\\\\\\\",\\\\\\\"status\\\\\\\":0,\\\\\\\"title\\\\\\\":\\\\\\\"操作日志\\\\\\\"},{\\\\\\\"businessType\\\\\\\":0,\\\\\\\"deptName\\\\\\\":\\\\\\\"系统部门\\\\\\\",\\\\\\\"jsonResult\\\\\\\":\\\\\\\"{\\\\\\\\\\\\\\\"code\\\\\\\\\\\\\\\":200,\\\\\\\\\\\\\\\"msg\\\\\\\\\\\\\\', 0, NULL, '2025-11-06 23:11:23');
INSERT INTO `class_oper_log` VALUES (26, '操作日志', 0, 'com.ruoyi.web.controller.proj_cyq.ClassOperLogController.list()', 'GET', 1, '系统用户', '系统部门', '/proj_cyq/operlog/list', '127.0.0.1', NULL, '{\"params\":{}}', '{\"code\":200,\"msg\":\"查询成功\",\"rows\":[{\"businessType\":0,\"deptName\":\"系统部门\",\"jsonResult\":\"{\\\"code\\\":200,\\\"msg\\\":\\\"查询成功\\\",\\\"rows\\\":[{\\\"businessType\\\":0,\\\"deptName\\\":\\\"系统部门\\\",\\\"jsonResult\\\":\\\"{\\\\\\\"code\\\\\\\":200,\\\\\\\"msg\\\\\\\":\\\\\\\"查询成功\\\\\\\",\\\\\\\"rows\\\\\\\":[],\\\\\\\"total\\\\\\\":0}\\\",\\\"method\\\":\\\"com.ruoyi.web.controller.proj_cyq.ClassLoginLogController.list()\\\",\\\"operId\\\":24,\\\"operIp\\\":\\\"127.0.0.1\\\",\\\"operName\\\":\\\"系统用户\\\",\\\"operParam\\\":\\\"{\\\\\\\"params\\\\\\\":{}}\\\",\\\"operTime\\\":\\\"2025-11-06 23:11:20\\\",\\\"operUrl\\\":\\\"/proj_cyq/loginlog/list\\\",\\\"operatorType\\\":1,\\\"params\\\":{},\\\"requestMethod\\\":\\\"GET\\\",\\\"status\\\":0,\\\"title\\\":\\\"登录日志\\\"},{\\\"businessType\\\":5,\\\"deptName\\\":\\\"系统部门\\\",\\\"method\\\":\\\"com.ruoyi.web.controller.proj_cyq.ClassOperLogController.export()\\\",\\\"operId\\\":23,\\\"operIp\\\":\\\"127.0.0.1\\\",\\\"operName\\\":\\\"系统用户\\\",\\\"operParam\\\":\\\"{\\\\\\\"params\\\\\\\":{}}\\\",\\\"operTime\\\":\\\"2025-11-06 23:10:24\\\",\\\"operUrl\\\":\\\"/proj_cyq/operlog/export\\\",\\\"operatorType\\\":1,\\\"params\\\":{},\\\"requestMethod\\\":\\\"GET\\\",\\\"status\\\":0,\\\"title\\\":\\\"操作日志\\\"},{\\\"businessType\\\":0,\\\"deptName\\\":\\\"系统部门\\\",\\\"jsonResult\\\":\\\"{\\\\\\\"code\\\\\\\":200,\\\\\\\"msg\\\\\\\":\\\\\\\"查询成功\\\\\\\",\\\\\\\"rows\\\\\\\":[{\\\\\\\"businessType\\\\\\\":5,\\\\\\\"deptName\\\\\\\":\\\\\\\"系统部门\\\\\\\",\\\\\\\"method\\\\\\\":\\\\\\\"com.ruoyi.web.controller.proj_cyq.ClassOperLogController.export()\\\\\\\",\\\\\\\"operId\\\\\\\":21,\\\\\\\"operIp\\\\\\\":\\\\\\\"127.0.0.1\\\\\\\",\\\\\\\"operName\\\\\\\":\\\\\\\"系统用户\\\\\\\",\\\\\\\"operParam\\\\\\\":\\\\\\\"{\\\\\\\\\\\\\\\"params\\\\\\\\\\\\\\\":{}}\\\\\\\",\\\\\\\"operTime\\\\\\\":\\\\\\\"2025-11-06 23:05:14\\\\\\\",\\\\\\\"operUrl\\\\\\\":\\\\\\\"/proj_cyq/operlog/export\\\\\\\",\\\\\\\"operatorType\\\\\\\":1,\\\\\\\"params\\\\\\\":{},\\\\\\\"requestMethod\\\\\\\":\\\\\\\"POST\\\\\\\",\\\\\\\"status\\\\\\\":0,\\\\\\\"title\\\\\\\":\\\\\\\"操作日志\\\\\\\"},{\\\\\\\"businessType\\\\\\\":0,\\\\\\\"deptName\\\\\\\":\\\\\\\"系统部门\\\\\\\",\\\\\\\"jsonResult\\\\\\\":\\\\\\\"{\\\\\\\\\\\\\\\"code\\\\\\\\\\\\\\\":200,\\\\\\\\\\\\\\\"msg\\\\\\\\\\\\\\\":\\\\\\\\\\\\\\\"查询成功\\\\\\\\\\\\\\\",\\\\\\\\\\\\\\\"rows\\\\\\\\\\\\\\\":[{\\\\\\\\\\\\\\\"businessType\\\\\\\\\\\\\\\":5,\\\\\\\\\\\\\\\"deptName\\\\\\\\\\\\\\\":\\\\\\\\\\\\\\\"系统部门\\\\\\\\\\\\\\\",\\\\\\\\\\\\\\\"method\\\\\\\\\\\\\\\":\\\\\\\\\\\\\\\"com.ruoyi.web.controller.proj_cyq.ClassOperLogController.export()\\\\\\\\\\\\\\\",\\\\\\\\\\\\\\\"operId\\\\\\\\\\\\\\\":19,\\\\\\\\\\\\\\\"operIp\\', 0, NULL, '2025-11-07 09:54:24');
INSERT INTO `class_oper_log` VALUES (27, '操作日志', 0, 'com.ruoyi.web.controller.proj_cyq.ClassOperLogController.list()', 'GET', 1, '系统用户', '系统部门', '/proj_cyq/operlog/list', '127.0.0.1', NULL, '{\"params\":{},\"title\":\"操作日志\"}', '{\"code\":200,\"msg\":\"查询成功\",\"rows\":[{\"businessType\":0,\"deptName\":\"系统部门\",\"jsonResult\":\"{\\\"code\\\":200,\\\"msg\\\":\\\"查询成功\\\",\\\"rows\\\":[{\\\"businessType\\\":0,\\\"deptName\\\":\\\"系统部门\\\",\\\"jsonResult\\\":\\\"{\\\\\\\"code\\\\\\\":200,\\\\\\\"msg\\\\\\\":\\\\\\\"查询成功\\\\\\\",\\\\\\\"rows\\\\\\\":[{\\\\\\\"businessType\\\\\\\":0,\\\\\\\"deptName\\\\\\\":\\\\\\\"系统部门\\\\\\\",\\\\\\\"jsonResult\\\\\\\":\\\\\\\"{\\\\\\\\\\\\\\\"code\\\\\\\\\\\\\\\":200,\\\\\\\\\\\\\\\"msg\\\\\\\\\\\\\\\":\\\\\\\\\\\\\\\"查询成功\\\\\\\\\\\\\\\",\\\\\\\\\\\\\\\"rows\\\\\\\\\\\\\\\":[],\\\\\\\\\\\\\\\"total\\\\\\\\\\\\\\\":0}\\\\\\\",\\\\\\\"method\\\\\\\":\\\\\\\"com.ruoyi.web.controller.proj_cyq.ClassLoginLogController.list()\\\\\\\",\\\\\\\"operId\\\\\\\":24,\\\\\\\"operIp\\\\\\\":\\\\\\\"127.0.0.1\\\\\\\",\\\\\\\"operName\\\\\\\":\\\\\\\"系统用户\\\\\\\",\\\\\\\"operParam\\\\\\\":\\\\\\\"{\\\\\\\\\\\\\\\"params\\\\\\\\\\\\\\\":{}}\\\\\\\",\\\\\\\"operTime\\\\\\\":\\\\\\\"2025-11-06 23:11:20\\\\\\\",\\\\\\\"operUrl\\\\\\\":\\\\\\\"/proj_cyq/loginlog/list\\\\\\\",\\\\\\\"operatorType\\\\\\\":1,\\\\\\\"params\\\\\\\":{},\\\\\\\"requestMethod\\\\\\\":\\\\\\\"GET\\\\\\\",\\\\\\\"status\\\\\\\":0,\\\\\\\"title\\\\\\\":\\\\\\\"登录日志\\\\\\\"},{\\\\\\\"businessType\\\\\\\":5,\\\\\\\"deptName\\\\\\\":\\\\\\\"系统部门\\\\\\\",\\\\\\\"method\\\\\\\":\\\\\\\"com.ruoyi.web.controller.proj_cyq.ClassOperLogController.export()\\\\\\\",\\\\\\\"operId\\\\\\\":23,\\\\\\\"operIp\\\\\\\":\\\\\\\"127.0.0.1\\\\\\\",\\\\\\\"operName\\\\\\\":\\\\\\\"系统用户\\\\\\\",\\\\\\\"operParam\\\\\\\":\\\\\\\"{\\\\\\\\\\\\\\\"params\\\\\\\\\\\\\\\":{}}\\\\\\\",\\\\\\\"operTime\\\\\\\":\\\\\\\"2025-11-06 23:10:24\\\\\\\",\\\\\\\"operUrl\\\\\\\":\\\\\\\"/proj_cyq/operlog/export\\\\\\\",\\\\\\\"operatorType\\\\\\\":1,\\\\\\\"params\\\\\\\":{},\\\\\\\"requestMethod\\\\\\\":\\\\\\\"GET\\\\\\\",\\\\\\\"status\\\\\\\":0,\\\\\\\"title\\\\\\\":\\\\\\\"操作日志\\\\\\\"},{\\\\\\\"businessType\\\\\\\":0,\\\\\\\"deptName\\\\\\\":\\\\\\\"系统部门\\\\\\\",\\\\\\\"jsonResult\\\\\\\":\\\\\\\"{\\\\\\\\\\\\\\\"code\\\\\\\\\\\\\\\":200,\\\\\\\\\\\\\\\"msg\\\\\\\\\\\\\\\":\\\\\\\\\\\\\\\"查询成功\\\\\\\\\\\\\\\",\\\\\\\\\\\\\\\"rows\\\\\\\\\\\\\\\":[{\\\\\\\\\\\\\\\"businessType\\\\\\\\\\\\\\\":5,\\\\\\\\\\\\\\\"deptName\\\\\\\\\\\\\\\":\\\\\\\\\\\\\\\"系统部门\\\\\\\\\\\\\\\",\\\\\\\\\\\\\\\"method\\\\\\\\\\\\\\\":\\\\\\\\\\\\\\\"com.ruoyi.web.controller.proj_cyq.ClassOperLogController.export()\\\\\\\\\\\\\\\",\\\\\\\\\\\\\\\"operId\\\\\\\\\\\\\\\":21,\\\\\\\\\\\\\\\"operIp\\\\\\\\\\\\\\\":\\\\\\\\\\\\\\\"127.0.0.1\\\\\\\\\\\\\\\",\\\\\\\\\\\\\\\"operName\\\\\\\\\\\\\\\":\\\\\\\\\\\\\\\"系统用户\\\\\\\\\\\\\\\",\\\\\\\\\\\\\\\"operParam\\\\\\\\\\\\\\\":\\\\\\\\\\\\\\\"{\\\\\\\\\\\\\\\\\\\\\\\\\\\\\\\"params\\\\\\\\\\\\\\\\\\\\\\\\\\\\\\\":{}}\\\\\\\\\\\\\\\",\\\\\\\\\\\\\\\"operTime\\\\\\\\\\\\\\\":\\\\\\\\\\\\\\\"2025-11-06 23:05:14\\\\\\\\\\\\\\\",\\\\\\\\\\\\\\\"operUrl\\\\\\', 0, NULL, '2025-11-07 09:57:08');
INSERT INTO `class_oper_log` VALUES (28, '操作日志', 5, 'com.ruoyi.web.controller.proj_cyq.ClassOperLogController.export()', 'GET', 1, '系统用户', '系统部门', '/proj_cyq/operlog/export', '127.0.0.1', NULL, '{\"params\":{}}', NULL, 0, NULL, '2025-11-07 09:57:25');
INSERT INTO `class_oper_log` VALUES (29, '登录日志', 0, 'com.ruoyi.web.controller.proj_cyq.ClassLoginLogController.list()', 'GET', 1, '系统用户', '系统部门', '/proj_cyq/loginlog/list', '127.0.0.1', NULL, '{\"params\":{}}', '{\"code\":200,\"msg\":\"查询成功\",\"rows\":[],\"total\":0}', 0, NULL, '2025-11-07 09:57:54');
INSERT INTO `class_oper_log` VALUES (30, '操作日志', 0, 'com.ruoyi.web.controller.proj_cyq.ClassOperLogController.list()', 'GET', 1, '系统用户', '系统部门', '/proj_cyq/operlog/list', '127.0.0.1', NULL, '{\"params\":{}}', '{\"code\":200,\"msg\":\"查询成功\",\"rows\":[{\"businessType\":0,\"deptName\":\"系统部门\",\"jsonResult\":\"{\\\"code\\\":200,\\\"msg\\\":\\\"查询成功\\\",\\\"rows\\\":[],\\\"total\\\":0}\",\"method\":\"com.ruoyi.web.controller.proj_cyq.ClassLoginLogController.list()\",\"operId\":29,\"operIp\":\"127.0.0.1\",\"operName\":\"系统用户\",\"operParam\":\"{\\\"params\\\":{}}\",\"operTime\":\"2025-11-07 09:57:54\",\"operUrl\":\"/proj_cyq/loginlog/list\",\"operatorType\":1,\"params\":{},\"requestMethod\":\"GET\",\"status\":0,\"title\":\"登录日志\"},{\"businessType\":5,\"deptName\":\"系统部门\",\"method\":\"com.ruoyi.web.controller.proj_cyq.ClassOperLogController.export()\",\"operId\":28,\"operIp\":\"127.0.0.1\",\"operName\":\"系统用户\",\"operParam\":\"{\\\"params\\\":{}}\",\"operTime\":\"2025-11-07 09:57:25\",\"operUrl\":\"/proj_cyq/operlog/export\",\"operatorType\":1,\"params\":{},\"requestMethod\":\"GET\",\"status\":0,\"title\":\"操作日志\"},{\"businessType\":0,\"deptName\":\"系统部门\",\"jsonResult\":\"{\\\"code\\\":200,\\\"msg\\\":\\\"查询成功\\\",\\\"rows\\\":[{\\\"businessType\\\":0,\\\"deptName\\\":\\\"系统部门\\\",\\\"jsonResult\\\":\\\"{\\\\\\\"code\\\\\\\":200,\\\\\\\"msg\\\\\\\":\\\\\\\"查询成功\\\\\\\",\\\\\\\"rows\\\\\\\":[{\\\\\\\"businessType\\\\\\\":0,\\\\\\\"deptName\\\\\\\":\\\\\\\"系统部门\\\\\\\",\\\\\\\"jsonResult\\\\\\\":\\\\\\\"{\\\\\\\\\\\\\\\"code\\\\\\\\\\\\\\\":200,\\\\\\\\\\\\\\\"msg\\\\\\\\\\\\\\\":\\\\\\\\\\\\\\\"查询成功\\\\\\\\\\\\\\\",\\\\\\\\\\\\\\\"rows\\\\\\\\\\\\\\\":[{\\\\\\\\\\\\\\\"businessType\\\\\\\\\\\\\\\":0,\\\\\\\\\\\\\\\"deptName\\\\\\\\\\\\\\\":\\\\\\\\\\\\\\\"系统部门\\\\\\\\\\\\\\\",\\\\\\\\\\\\\\\"jsonResult\\\\\\\\\\\\\\\":\\\\\\\\\\\\\\\"{\\\\\\\\\\\\\\\\\\\\\\\\\\\\\\\"code\\\\\\\\\\\\\\\\\\\\\\\\\\\\\\\":200,\\\\\\\\\\\\\\\\\\\\\\\\\\\\\\\"msg\\\\\\\\\\\\\\\\\\\\\\\\\\\\\\\":\\\\\\\\\\\\\\\\\\\\\\\\\\\\\\\"查询成功\\\\\\\\\\\\\\\\\\\\\\\\\\\\\\\",\\\\\\\\\\\\\\\\\\\\\\\\\\\\\\\"rows\\\\\\\\\\\\\\\\\\\\\\\\\\\\\\\":[],\\\\\\\\\\\\\\\\\\\\\\\\\\\\\\\"total\\\\\\\\\\\\\\\\\\\\\\\\\\\\\\\":0}\\\\\\\\\\\\\\\",\\\\\\\\\\\\\\\"method\\\\\\\\\\\\\\\":\\\\\\\\\\\\\\\"com.ruoyi.web.controller.proj_cyq.ClassLoginLogController.list()\\\\\\\\\\\\\\\",\\\\\\\\\\\\\\\"operId\\\\\\\\\\\\\\\":24,\\\\\\\\\\\\\\\"operIp\\\\\\\\\\\\\\\":\\\\\\\\\\\\\\\"127.0.0.1\\\\\\\\\\\\\\\",\\\\\\\\\\\\\\\"operName\\\\\\\\\\\\\\\":\\\\\\\\\\\\\\\"系统用户\\\\\\\\\\\\\\\",\\\\\\\\\\\\\\\"operParam\\\\\\\\\\\\\\\":\\\\\\\\\\\\\\\"{\\\\\\\\\\\\\\\\\\\\\\\\\\\\\\\"params\\\\\\\\\\\\\\\\\\\\\\\\\\\\\\\":{}}\\\\\\\\\\\\\\\",\\\\\\\\\\\\\\\"operTime\\\\\\\\\\\\\\\":\\\\\\\\\\\\\\\"2025-11-06 23:11:20\\\\\\\\\\\\\\\",\\\\\\\\\\\\\\\"operUrl\\\\\\\\\\\\\\\":\\\\\\\\\\\\\\\"/proj_cyq/loginlog/list\\\\\\\\\\\\\\\",\\\\\\\\\\\\\\\"operatorType\\\\\\\\\\\\\\\":1,\\\\\\\\\\\\\\\"params\\\\\\\\\\\\\\\":{},\\\\\\\\\\\\\\\"requestMethod\\\\\\\\\\\\\\\":\\', 0, NULL, '2025-11-07 10:03:13');
INSERT INTO `class_oper_log` VALUES (31, '操作日志', 0, 'com.ruoyi.web.controller.proj_cyq.ClassOperLogController.list()', 'GET', 1, '系统用户', '系统部门', '/proj_cyq/operlog/list', '127.0.0.1', NULL, '{\"params\":{}}', '{\"code\":200,\"msg\":\"查询成功\",\"rows\":[{\"businessType\":0,\"deptName\":\"系统部门\",\"jsonResult\":\"{\\\"code\\\":200,\\\"msg\\\":\\\"查询成功\\\",\\\"rows\\\":[{\\\"businessType\\\":0,\\\"deptName\\\":\\\"系统部门\\\",\\\"jsonResult\\\":\\\"{\\\\\\\"code\\\\\\\":200,\\\\\\\"msg\\\\\\\":\\\\\\\"查询成功\\\\\\\",\\\\\\\"rows\\\\\\\":[],\\\\\\\"total\\\\\\\":0}\\\",\\\"method\\\":\\\"com.ruoyi.web.controller.proj_cyq.ClassLoginLogController.list()\\\",\\\"operId\\\":29,\\\"operIp\\\":\\\"127.0.0.1\\\",\\\"operName\\\":\\\"系统用户\\\",\\\"operParam\\\":\\\"{\\\\\\\"params\\\\\\\":{}}\\\",\\\"operTime\\\":\\\"2025-11-07 09:57:54\\\",\\\"operUrl\\\":\\\"/proj_cyq/loginlog/list\\\",\\\"operatorType\\\":1,\\\"params\\\":{},\\\"requestMethod\\\":\\\"GET\\\",\\\"status\\\":0,\\\"title\\\":\\\"登录日志\\\"},{\\\"businessType\\\":5,\\\"deptName\\\":\\\"系统部门\\\",\\\"method\\\":\\\"com.ruoyi.web.controller.proj_cyq.ClassOperLogController.export()\\\",\\\"operId\\\":28,\\\"operIp\\\":\\\"127.0.0.1\\\",\\\"operName\\\":\\\"系统用户\\\",\\\"operParam\\\":\\\"{\\\\\\\"params\\\\\\\":{}}\\\",\\\"operTime\\\":\\\"2025-11-07 09:57:25\\\",\\\"operUrl\\\":\\\"/proj_cyq/operlog/export\\\",\\\"operatorType\\\":1,\\\"params\\\":{},\\\"requestMethod\\\":\\\"GET\\\",\\\"status\\\":0,\\\"title\\\":\\\"操作日志\\\"},{\\\"businessType\\\":0,\\\"deptName\\\":\\\"系统部门\\\",\\\"jsonResult\\\":\\\"{\\\\\\\"code\\\\\\\":200,\\\\\\\"msg\\\\\\\":\\\\\\\"查询成功\\\\\\\",\\\\\\\"rows\\\\\\\":[{\\\\\\\"businessType\\\\\\\":0,\\\\\\\"deptName\\\\\\\":\\\\\\\"系统部门\\\\\\\",\\\\\\\"jsonResult\\\\\\\":\\\\\\\"{\\\\\\\\\\\\\\\"code\\\\\\\\\\\\\\\":200,\\\\\\\\\\\\\\\"msg\\\\\\\\\\\\\\\":\\\\\\\\\\\\\\\"查询成功\\\\\\\\\\\\\\\",\\\\\\\\\\\\\\\"rows\\\\\\\\\\\\\\\":[{\\\\\\\\\\\\\\\"businessType\\\\\\\\\\\\\\\":0,\\\\\\\\\\\\\\\"deptName\\\\\\\\\\\\\\\":\\\\\\\\\\\\\\\"系统部门\\\\\\\\\\\\\\\",\\\\\\\\\\\\\\\"jsonResult\\\\\\\\\\\\\\\":\\\\\\\\\\\\\\\"{\\\\\\\\\\\\\\\\\\\\\\\\\\\\\\\"code\\\\\\\\\\\\\\\\\\\\\\\\\\\\\\\":200,\\\\\\\\\\\\\\\\\\\\\\\\\\\\\\\"msg\\\\\\\\\\\\\\\\\\\\\\\\\\\\\\\":\\\\\\\\\\\\\\\\\\\\\\\\\\\\\\\"查询成功\\\\\\\\\\\\\\\\\\\\\\\\\\\\\\\",\\\\\\\\\\\\\\\\\\\\\\\\\\\\\\\"rows\\\\\\\\\\\\\\\\\\\\\\\\\\\\\\\":[{\\\\\\\\\\\\\\\\\\\\\\\\\\\\\\\"businessType\\\\\\\\\\\\\\\\\\\\\\\\\\\\\\\":0,\\\\\\\\\\\\\\\\\\\\\\\\\\\\\\\"deptName\\\\\\\\\\\\\\\\\\\\\\\\\\\\\\\":\\\\\\\\\\\\\\\\\\\\\\\\\\\\\\\"系统部门\\\\\\\\\\\\\\\\\\\\\\\\\\\\\\\",\\\\\\\\\\\\\\\\\\\\\\\\\\\\\\\"jsonResult\\\\\\\\\\\\\\\\\\\\\\\\\\\\\\\":\\\\\\\\\\\\\\\\\\\\\\\\\\\\\\\"{\\\\\\\\\\\\\\\\\\\\\\\\\\\\\\\\\\\\\\\\\\\\\\\\\\\\\\\\\\\\\\\"code\\\\\\\\\\\\\\\\\\\\\\\\\\\\\\\\\\\\\\\\\\\\\\\\\\\\\\\\\\\\\\\":200,\\\\\\\\\\\\\\\\\\\\\\\\\\\\\\\\\\\\\\\\\\\\\\\\\\\\\\\\\\\\\\\"msg\\\\\\\\\\\\\\\\\\\\\\\\\\\\\\\\\\\\\\\\\\\\\\\\\\\\\\\\\\\\\\\":\\\\\\\\\\\\\\\\\\\\\\\\\\\\\\\\\\\\\\\\\\\\\\\\\\\\\\\\\\\\\\\"查询成功\\\\\\\\\\\\\\\\\\\\\\\\\\\\\\\\\\\\\\\\\\\\\\\\\\\\\\\\\\\\\\\",\\\\\\\\\\\\\\\\\\\\\\\\\\\\\\\\\\\\\\\\\\\\\\\\\\\\\\\\\\\\\\\"rows\\\\\\\\\\\\\\\\\\\\\\\\\\\\\\\\\\\\\\', 0, NULL, '2025-11-07 10:03:14');
INSERT INTO `class_oper_log` VALUES (32, '操作日志', 0, 'com.ruoyi.web.controller.proj_cyq.ClassOperLogController.list()', 'GET', 1, '系统用户', '系统部门', '/proj_cyq/operlog/list', '127.0.0.1', NULL, '{\"params\":{}}', '{\"code\":200,\"msg\":\"查询成功\",\"rows\":[{\"businessType\":0,\"deptName\":\"系统部门\",\"jsonResult\":\"{\\\"code\\\":200,\\\"msg\\\":\\\"查询成功\\\",\\\"rows\\\":[{\\\"businessType\\\":0,\\\"deptName\\\":\\\"系统部门\\\",\\\"jsonResult\\\":\\\"{\\\\\\\"code\\\\\\\":200,\\\\\\\"msg\\\\\\\":\\\\\\\"查询成功\\\\\\\",\\\\\\\"rows\\\\\\\":[{\\\\\\\"businessType\\\\\\\":0,\\\\\\\"deptName\\\\\\\":\\\\\\\"系统部门\\\\\\\",\\\\\\\"jsonResult\\\\\\\":\\\\\\\"{\\\\\\\\\\\\\\\"code\\\\\\\\\\\\\\\":200,\\\\\\\\\\\\\\\"msg\\\\\\\\\\\\\\\":\\\\\\\\\\\\\\\"查询成功\\\\\\\\\\\\\\\",\\\\\\\\\\\\\\\"rows\\\\\\\\\\\\\\\":[],\\\\\\\\\\\\\\\"total\\\\\\\\\\\\\\\":0}\\\\\\\",\\\\\\\"method\\\\\\\":\\\\\\\"com.ruoyi.web.controller.proj_cyq.ClassLoginLogController.list()\\\\\\\",\\\\\\\"operId\\\\\\\":29,\\\\\\\"operIp\\\\\\\":\\\\\\\"127.0.0.1\\\\\\\",\\\\\\\"operName\\\\\\\":\\\\\\\"系统用户\\\\\\\",\\\\\\\"operParam\\\\\\\":\\\\\\\"{\\\\\\\\\\\\\\\"params\\\\\\\\\\\\\\\":{}}\\\\\\\",\\\\\\\"operTime\\\\\\\":\\\\\\\"2025-11-07 09:57:54\\\\\\\",\\\\\\\"operUrl\\\\\\\":\\\\\\\"/proj_cyq/loginlog/list\\\\\\\",\\\\\\\"operatorType\\\\\\\":1,\\\\\\\"params\\\\\\\":{},\\\\\\\"requestMethod\\\\\\\":\\\\\\\"GET\\\\\\\",\\\\\\\"status\\\\\\\":0,\\\\\\\"title\\\\\\\":\\\\\\\"登录日志\\\\\\\"},{\\\\\\\"businessType\\\\\\\":5,\\\\\\\"deptName\\\\\\\":\\\\\\\"系统部门\\\\\\\",\\\\\\\"method\\\\\\\":\\\\\\\"com.ruoyi.web.controller.proj_cyq.ClassOperLogController.export()\\\\\\\",\\\\\\\"operId\\\\\\\":28,\\\\\\\"operIp\\\\\\\":\\\\\\\"127.0.0.1\\\\\\\",\\\\\\\"operName\\\\\\\":\\\\\\\"系统用户\\\\\\\",\\\\\\\"operParam\\\\\\\":\\\\\\\"{\\\\\\\\\\\\\\\"params\\\\\\\\\\\\\\\":{}}\\\\\\\",\\\\\\\"operTime\\\\\\\":\\\\\\\"2025-11-07 09:57:25\\\\\\\",\\\\\\\"operUrl\\\\\\\":\\\\\\\"/proj_cyq/operlog/export\\\\\\\",\\\\\\\"operatorType\\\\\\\":1,\\\\\\\"params\\\\\\\":{},\\\\\\\"requestMethod\\\\\\\":\\\\\\\"GET\\\\\\\",\\\\\\\"status\\\\\\\":0,\\\\\\\"title\\\\\\\":\\\\\\\"操作日志\\\\\\\"},{\\\\\\\"businessType\\\\\\\":0,\\\\\\\"deptName\\\\\\\":\\\\\\\"系统部门\\\\\\\",\\\\\\\"jsonResult\\\\\\\":\\\\\\\"{\\\\\\\\\\\\\\\"code\\\\\\\\\\\\\\\":200,\\\\\\\\\\\\\\\"msg\\\\\\\\\\\\\\\":\\\\\\\\\\\\\\\"查询成功\\\\\\\\\\\\\\\",\\\\\\\\\\\\\\\"rows\\\\\\\\\\\\\\\":[{\\\\\\\\\\\\\\\"businessType\\\\\\\\\\\\\\\":0,\\\\\\\\\\\\\\\"deptName\\\\\\\\\\\\\\\":\\\\\\\\\\\\\\\"系统部门\\\\\\\\\\\\\\\",\\\\\\\\\\\\\\\"jsonResult\\\\\\\\\\\\\\\":\\\\\\\\\\\\\\\"{\\\\\\\\\\\\\\\\\\\\\\\\\\\\\\\"code\\\\\\\\\\\\\\\\\\\\\\\\\\\\\\\":200,\\\\\\\\\\\\\\\\\\\\\\\\\\\\\\\"msg\\\\\\\\\\\\\\\\\\\\\\\\\\\\\\\":\\\\\\\\\\\\\\\\\\\\\\\\\\\\\\\"查询成功\\\\\\\\\\\\\\\\\\\\\\\\\\\\\\\",\\\\\\\\\\\\\\\\\\\\\\\\\\\\\\\"rows\\\\\\\\\\\\\\\\\\\\\\\\\\\\\\\":[{\\\\\\\\\\\\\\\\\\\\\\\\\\\\\\\"businessType\\\\\\\\\\\\\\\\\\\\\\\\\\\\\\\":0,\\\\\\\\\\\\\\\\\\\\\\\\\\\\\\\"deptName\\\\\\\\\\\\\\\\\\\\\\\\\\\\\\\":\\\\\\\\\\\\\\\\\\\\\\\\\\\\\\\"系统部门\\\\\\\\\\\\\\\\\\\\\\\\\\\\\\\",\\\\\\\\\\\\\\\\\\\\\\\\\\\\\\\"jsonResult\\\\\\\\\\\\\\\\\\\\\\\\\\\\\\\":\\\\\\\\\\\\\\\\\\\\\\\\\\\\\\\"{\\\\\\\\\\\\\\\\\\\\\\\\\\\\\\\\\\', 0, NULL, '2025-11-07 10:19:39');
INSERT INTO `class_oper_log` VALUES (33, '操作日志', 0, 'com.ruoyi.web.controller.proj_cyq.ClassOperLogController.list()', 'GET', 1, '系统用户', '系统部门', '/proj_cyq/operlog/list', '127.0.0.1', NULL, '{\"params\":{}}', '{\"code\":200,\"msg\":\"查询成功\",\"rows\":[{\"businessType\":0,\"deptName\":\"系统部门\",\"jsonResult\":\"{\\\"code\\\":200,\\\"msg\\\":\\\"查询成功\\\",\\\"rows\\\":[{\\\"businessType\\\":0,\\\"deptName\\\":\\\"系统部门\\\",\\\"jsonResult\\\":\\\"{\\\\\\\"code\\\\\\\":200,\\\\\\\"msg\\\\\\\":\\\\\\\"查询成功\\\\\\\",\\\\\\\"rows\\\\\\\":[{\\\\\\\"businessType\\\\\\\":0,\\\\\\\"deptName\\\\\\\":\\\\\\\"系统部门\\\\\\\",\\\\\\\"jsonResult\\\\\\\":\\\\\\\"{\\\\\\\\\\\\\\\"code\\\\\\\\\\\\\\\":200,\\\\\\\\\\\\\\\"msg\\\\\\\\\\\\\\\":\\\\\\\\\\\\\\\"查询成功\\\\\\\\\\\\\\\",\\\\\\\\\\\\\\\"rows\\\\\\\\\\\\\\\":[{\\\\\\\\\\\\\\\"businessType\\\\\\\\\\\\\\\":0,\\\\\\\\\\\\\\\"deptName\\\\\\\\\\\\\\\":\\\\\\\\\\\\\\\"系统部门\\\\\\\\\\\\\\\",\\\\\\\\\\\\\\\"jsonResult\\\\\\\\\\\\\\\":\\\\\\\\\\\\\\\"{\\\\\\\\\\\\\\\\\\\\\\\\\\\\\\\"code\\\\\\\\\\\\\\\\\\\\\\\\\\\\\\\":200,\\\\\\\\\\\\\\\\\\\\\\\\\\\\\\\"msg\\\\\\\\\\\\\\\\\\\\\\\\\\\\\\\":\\\\\\\\\\\\\\\\\\\\\\\\\\\\\\\"查询成功\\\\\\\\\\\\\\\\\\\\\\\\\\\\\\\",\\\\\\\\\\\\\\\\\\\\\\\\\\\\\\\"rows\\\\\\\\\\\\\\\\\\\\\\\\\\\\\\\":[],\\\\\\\\\\\\\\\\\\\\\\\\\\\\\\\"total\\\\\\\\\\\\\\\\\\\\\\\\\\\\\\\":0}\\\\\\\\\\\\\\\",\\\\\\\\\\\\\\\"method\\\\\\\\\\\\\\\":\\\\\\\\\\\\\\\"com.ruoyi.web.controller.proj_cyq.ClassLoginLogController.list()\\\\\\\\\\\\\\\",\\\\\\\\\\\\\\\"operId\\\\\\\\\\\\\\\":29,\\\\\\\\\\\\\\\"operIp\\\\\\\\\\\\\\\":\\\\\\\\\\\\\\\"127.0.0.1\\\\\\\\\\\\\\\",\\\\\\\\\\\\\\\"operName\\\\\\\\\\\\\\\":\\\\\\\\\\\\\\\"系统用户\\\\\\\\\\\\\\\",\\\\\\\\\\\\\\\"operParam\\\\\\\\\\\\\\\":\\\\\\\\\\\\\\\"{\\\\\\\\\\\\\\\\\\\\\\\\\\\\\\\"params\\\\\\\\\\\\\\\\\\\\\\\\\\\\\\\":{}}\\\\\\\\\\\\\\\",\\\\\\\\\\\\\\\"operTime\\\\\\\\\\\\\\\":\\\\\\\\\\\\\\\"2025-11-07 09:57:54\\\\\\\\\\\\\\\",\\\\\\\\\\\\\\\"operUrl\\\\\\\\\\\\\\\":\\\\\\\\\\\\\\\"/proj_cyq/loginlog/list\\\\\\\\\\\\\\\",\\\\\\\\\\\\\\\"operatorType\\\\\\\\\\\\\\\":1,\\\\\\\\\\\\\\\"params\\\\\\\\\\\\\\\":{},\\\\\\\\\\\\\\\"requestMethod\\\\\\\\\\\\\\\":\\\\\\\\\\\\\\\"GET\\\\\\\\\\\\\\\",\\\\\\\\\\\\\\\"status\\\\\\\\\\\\\\\":0,\\\\\\\\\\\\\\\"title\\\\\\\\\\\\\\\":\\\\\\\\\\\\\\\"登录日志\\\\\\\\\\\\\\\"},{\\\\\\\\\\\\\\\"businessType\\\\\\\\\\\\\\\":5,\\\\\\\\\\\\\\\"deptName\\\\\\\\\\\\\\\":\\\\\\\\\\\\\\\"系统部门\\\\\\\\\\\\\\\",\\\\\\\\\\\\\\\"method\\\\\\\\\\\\\\\":\\\\\\\\\\\\\\\"com.ruoyi.web.controller.proj_cyq.ClassOperLogController.export()\\\\\\\\\\\\\\\",\\\\\\\\\\\\\\\"operId\\\\\\\\\\\\\\\":28,\\\\\\\\\\\\\\\"operIp\\\\\\\\\\\\\\\":\\\\\\\\\\\\\\\"127.0.0.1\\\\\\\\\\\\\\\",\\\\\\\\\\\\\\\"operName\\\\\\\\\\\\\\\":\\\\\\\\\\\\\\\"系统用户\\\\\\\\\\\\\\\",\\\\\\\\\\\\\\\"operParam\\\\\\\\\\\\\\\":\\\\\\\\\\\\\\\"{\\\\\\\\\\\\\\\\\\\\\\\\\\\\\\\"params\\\\\\\\\\\\\\\\\\\\\\\\\\\\\\\":{}}\\\\\\\\\\\\\\\",\\\\\\\\\\\\\\\"operTime\\\\\\\\\\\\\\\":\\\\\\\\\\\\\\\"2025-11-07 09:57:25\\\\\\\\\\\\\\\",\\\\\\\\\\\\\\\"operUrl\\\\\\\\\\\\\\\":\\\\\\\\\\\\\\\"/proj_cyq/operlog/export\\\\\\\\\\\\\\\",\\\\\\\\\\\\\\\"operatorType\\\\\\\\\\\\\\\":1,\\\\\\\\\\\\\\\"params\\\\\\\\\\\\\\\":{},\\\\\\\\\\\\\\\"requestMethod\\\\\\\\\\\\\\\":\\\\\\\\\\\\\\\"GET\\\\\\\\\\\\\\\",\\\\\\\\\\\\\\\"status\\\\\\\\\\\\\\\":0,\\\\\\\\\\\\\\\"title\\\\\\\\', 0, NULL, '2025-11-07 10:29:30');
INSERT INTO `class_oper_log` VALUES (34, '操作日志', 0, 'com.ruoyi.web.controller.proj_cyq.ClassOperLogController.list()', 'GET', 1, '系统用户', '系统部门', '/proj_cyq/operlog/list', '127.0.0.1', NULL, '{\"params\":{}}', '{\"code\":200,\"msg\":\"查询成功\",\"rows\":[{\"businessType\":0,\"deptName\":\"系统部门\",\"jsonResult\":\"{\\\"code\\\":200,\\\"msg\\\":\\\"查询成功\\\",\\\"rows\\\":[{\\\"businessType\\\":0,\\\"deptName\\\":\\\"系统部门\\\",\\\"jsonResult\\\":\\\"{\\\\\\\"code\\\\\\\":200,\\\\\\\"msg\\\\\\\":\\\\\\\"查询成功\\\\\\\",\\\\\\\"rows\\\\\\\":[{\\\\\\\"businessType\\\\\\\":0,\\\\\\\"deptName\\\\\\\":\\\\\\\"系统部门\\\\\\\",\\\\\\\"jsonResult\\\\\\\":\\\\\\\"{\\\\\\\\\\\\\\\"code\\\\\\\\\\\\\\\":200,\\\\\\\\\\\\\\\"msg\\\\\\\\\\\\\\\":\\\\\\\\\\\\\\\"查询成功\\\\\\\\\\\\\\\",\\\\\\\\\\\\\\\"rows\\\\\\\\\\\\\\\":[{\\\\\\\\\\\\\\\"businessType\\\\\\\\\\\\\\\":0,\\\\\\\\\\\\\\\"deptName\\\\\\\\\\\\\\\":\\\\\\\\\\\\\\\"系统部门\\\\\\\\\\\\\\\",\\\\\\\\\\\\\\\"jsonResult\\\\\\\\\\\\\\\":\\\\\\\\\\\\\\\"{\\\\\\\\\\\\\\\\\\\\\\\\\\\\\\\"code\\\\\\\\\\\\\\\\\\\\\\\\\\\\\\\":200,\\\\\\\\\\\\\\\\\\\\\\\\\\\\\\\"msg\\\\\\\\\\\\\\\\\\\\\\\\\\\\\\\":\\\\\\\\\\\\\\\\\\\\\\\\\\\\\\\"查询成功\\\\\\\\\\\\\\\\\\\\\\\\\\\\\\\",\\\\\\\\\\\\\\\\\\\\\\\\\\\\\\\"rows\\\\\\\\\\\\\\\\\\\\\\\\\\\\\\\":[{\\\\\\\\\\\\\\\\\\\\\\\\\\\\\\\"businessType\\\\\\\\\\\\\\\\\\\\\\\\\\\\\\\":0,\\\\\\\\\\\\\\\\\\\\\\\\\\\\\\\"deptName\\\\\\\\\\\\\\\\\\\\\\\\\\\\\\\":\\\\\\\\\\\\\\\\\\\\\\\\\\\\\\\"系统部门\\\\\\\\\\\\\\\\\\\\\\\\\\\\\\\",\\\\\\\\\\\\\\\\\\\\\\\\\\\\\\\"jsonResult\\\\\\\\\\\\\\\\\\\\\\\\\\\\\\\":\\\\\\\\\\\\\\\\\\\\\\\\\\\\\\\"{\\\\\\\\\\\\\\\\\\\\\\\\\\\\\\\\\\\\\\\\\\\\\\\\\\\\\\\\\\\\\\\"code\\\\\\\\\\\\\\\\\\\\\\\\\\\\\\\\\\\\\\\\\\\\\\\\\\\\\\\\\\\\\\\":200,\\\\\\\\\\\\\\\\\\\\\\\\\\\\\\\\\\\\\\\\\\\\\\\\\\\\\\\\\\\\\\\"msg\\\\\\\\\\\\\\\\\\\\\\\\\\\\\\\\\\\\\\\\\\\\\\\\\\\\\\\\\\\\\\\":\\\\\\\\\\\\\\\\\\\\\\\\\\\\\\\\\\\\\\\\\\\\\\\\\\\\\\\\\\\\\\\"查询成功\\\\\\\\\\\\\\\\\\\\\\\\\\\\\\\\\\\\\\\\\\\\\\\\\\\\\\\\\\\\\\\",\\\\\\\\\\\\\\\\\\\\\\\\\\\\\\\\\\\\\\\\\\\\\\\\\\\\\\\\\\\\\\\"rows\\\\\\\\\\\\\\\\\\\\\\\\\\\\\\\\\\\\\\\\\\\\\\\\\\\\\\\\\\\\\\\":[],\\\\\\\\\\\\\\\\\\\\\\\\\\\\\\\\\\\\\\\\\\\\\\\\\\\\\\\\\\\\\\\"total\\\\\\\\\\\\\\\\\\\\\\\\\\\\\\\\\\\\\\\\\\\\\\\\\\\\\\\\\\\\\\\":0}\\\\\\\\\\\\\\\\\\\\\\\\\\\\\\\",\\\\\\\\\\\\\\\\\\\\\\\\\\\\\\\"method\\\\\\\\\\\\\\\\\\\\\\\\\\\\\\\":\\\\\\\\\\\\\\\\\\\\\\\\\\\\\\\"com.ruoyi.web.controller.proj_cyq.ClassLoginLogController.list()\\\\\\\\\\\\\\\\\\\\\\\\\\\\\\\",\\\\\\\\\\\\\\\\\\\\\\\\\\\\\\\"operId\\\\\\\\\\\\\\\\\\\\\\\\\\\\\\\":29,\\\\\\\\\\\\\\\\\\\\\\\\\\\\\\\"operIp\\\\\\\\\\\\\\\\\\\\\\\\\\\\\\\":\\\\\\\\\\\\\\\\\\\\\\\\\\\\\\\"127.0.0.1\\\\\\\\\\\\\\\\\\\\\\\\\\\\\\\",\\\\\\\\\\\\\\\\\\\\\\\\\\\\\\\"operName\\\\\\\\\\\\\\\\\\\\\\\\\\\\\\\":\\\\\\\\\\\\\\\\\\\\\\\\\\\\\\\"系统用户\\\\\\\\\\\\\\\\\\\\\\\\\\\\\\\",\\\\\\\\\\\\\\\\\\\\\\\\\\\\\\\"operParam\\\\\\\\\\\\\\\\\\\\\\\\\\\\\\\":\\\\\\\\\\\\\\\\\\\\\\\\\\\\\\\"{\\\\\\\\\\\\\\\\\\\\\\\\\\\\\\\\\\\\\\\\\\\\\\\\\\\\\\\\\\\\\\\"params\\\\\\\\\\\\\\\\\\\\\\\\\\\\\\\\\\\\\\\\\\\\\\\\\\\\\\\\\\\\\\\":{}}\\\\\\\\\\\\\\\\\\\\\\\\\\\\\\\",\\\\\\\\\\\\\\\\\\\\\\\\\\\\\\\"operTime\\\\\\\\\\\\\\\\\\\\\\\\\\\\\\\":\\\\\\\\\\\\\\\\\\\\\\\\\\\\\\\"2025-11-07 09:57:54\\\\\\\\\\\\\\\\\\\\\\\\\\\\\\\",\\\\\\\\\\\\\\\\\\\\\\\\\\\\\\\"operUrl\\\\\\\\\\\\\\\\\\\\\\\\\\\\\\\":\\\\\\\\\\\\\\\\\\\\\\\\\\\\\\\"/proj_cyq/loginlog/list\\\\\\\\\\\\\\\\\\\\\\\\\\\\\\\",\\\\\\\\\\\\\\\\\\\\\\\\\\\\\\\"operatorType\\\\\\\\\\\\\\\\\\\\\\\\\\\\\\\":1,\\\\\\\\\\\\\\\\\\\\\\\\\\\\\\\"params\\\\\\\\\\\\\\\\\\\\\\\\\\\\\\\":{},\\\\\\\\\\\\', 0, NULL, '2025-11-07 11:13:35');
INSERT INTO `class_oper_log` VALUES (35, '登录日志', 0, 'com.ruoyi.web.controller.proj_cyq.ClassLoginLogController.list()', 'GET', 1, '系统用户', '系统部门', '/proj_cyq/loginlog/list', '127.0.0.1', NULL, '{\"params\":{}}', '{\"code\":200,\"msg\":\"查询成功\",\"rows\":[],\"total\":0}', 0, NULL, '2025-11-07 11:14:31');
INSERT INTO `class_oper_log` VALUES (36, '操作日志', 0, 'com.ruoyi.web.controller.proj_cyq.ClassOperLogController.list()', 'GET', 1, '系统用户', '系统部门', '/proj_cyq/operlog/list', '127.0.0.1', NULL, '{\"params\":{}}', '{\"code\":200,\"msg\":\"查询成功\",\"rows\":[{\"businessType\":0,\"deptName\":\"系统部门\",\"jsonResult\":\"{\\\"code\\\":200,\\\"msg\\\":\\\"查询成功\\\",\\\"rows\\\":[],\\\"total\\\":0}\",\"method\":\"com.ruoyi.web.controller.proj_cyq.ClassLoginLogController.list()\",\"operId\":35,\"operIp\":\"127.0.0.1\",\"operName\":\"系统用户\",\"operParam\":\"{\\\"params\\\":{}}\",\"operTime\":\"2025-11-07 11:14:31\",\"operUrl\":\"/proj_cyq/loginlog/list\",\"operatorType\":1,\"params\":{},\"requestMethod\":\"GET\",\"status\":0,\"title\":\"登录日志\"},{\"businessType\":0,\"deptName\":\"系统部门\",\"jsonResult\":\"{\\\"code\\\":200,\\\"msg\\\":\\\"查询成功\\\",\\\"rows\\\":[{\\\"businessType\\\":0,\\\"deptName\\\":\\\"系统部门\\\",\\\"jsonResult\\\":\\\"{\\\\\\\"code\\\\\\\":200,\\\\\\\"msg\\\\\\\":\\\\\\\"查询成功\\\\\\\",\\\\\\\"rows\\\\\\\":[{\\\\\\\"businessType\\\\\\\":0,\\\\\\\"deptName\\\\\\\":\\\\\\\"系统部门\\\\\\\",\\\\\\\"jsonResult\\\\\\\":\\\\\\\"{\\\\\\\\\\\\\\\"code\\\\\\\\\\\\\\\":200,\\\\\\\\\\\\\\\"msg\\\\\\\\\\\\\\\":\\\\\\\\\\\\\\\"查询成功\\\\\\\\\\\\\\\",\\\\\\\\\\\\\\\"rows\\\\\\\\\\\\\\\":[{\\\\\\\\\\\\\\\"businessType\\\\\\\\\\\\\\\":0,\\\\\\\\\\\\\\\"deptName\\\\\\\\\\\\\\\":\\\\\\\\\\\\\\\"系统部门\\\\\\\\\\\\\\\",\\\\\\\\\\\\\\\"jsonResult\\\\\\\\\\\\\\\":\\\\\\\\\\\\\\\"{\\\\\\\\\\\\\\\\\\\\\\\\\\\\\\\"code\\\\\\\\\\\\\\\\\\\\\\\\\\\\\\\":200,\\\\\\\\\\\\\\\\\\\\\\\\\\\\\\\"msg\\\\\\\\\\\\\\\\\\\\\\\\\\\\\\\":\\\\\\\\\\\\\\\\\\\\\\\\\\\\\\\"查询成功\\\\\\\\\\\\\\\\\\\\\\\\\\\\\\\",\\\\\\\\\\\\\\\\\\\\\\\\\\\\\\\"rows\\\\\\\\\\\\\\\\\\\\\\\\\\\\\\\":[{\\\\\\\\\\\\\\\\\\\\\\\\\\\\\\\"businessType\\\\\\\\\\\\\\\\\\\\\\\\\\\\\\\":0,\\\\\\\\\\\\\\\\\\\\\\\\\\\\\\\"deptName\\\\\\\\\\\\\\\\\\\\\\\\\\\\\\\":\\\\\\\\\\\\\\\\\\\\\\\\\\\\\\\"系统部门\\\\\\\\\\\\\\\\\\\\\\\\\\\\\\\",\\\\\\\\\\\\\\\\\\\\\\\\\\\\\\\"jsonResult\\\\\\\\\\\\\\\\\\\\\\\\\\\\\\\":\\\\\\\\\\\\\\\\\\\\\\\\\\\\\\\"{\\\\\\\\\\\\\\\\\\\\\\\\\\\\\\\\\\\\\\\\\\\\\\\\\\\\\\\\\\\\\\\"code\\\\\\\\\\\\\\\\\\\\\\\\\\\\\\\\\\\\\\\\\\\\\\\\\\\\\\\\\\\\\\\":200,\\\\\\\\\\\\\\\\\\\\\\\\\\\\\\\\\\\\\\\\\\\\\\\\\\\\\\\\\\\\\\\"msg\\\\\\\\\\\\\\\\\\\\\\\\\\\\\\\\\\\\\\\\\\\\\\\\\\\\\\\\\\\\\\\":\\\\\\\\\\\\\\\\\\\\\\\\\\\\\\\\\\\\\\\\\\\\\\\\\\\\\\\\\\\\\\\"查询成功\\\\\\\\\\\\\\\\\\\\\\\\\\\\\\\\\\\\\\\\\\\\\\\\\\\\\\\\\\\\\\\",\\\\\\\\\\\\\\\\\\\\\\\\\\\\\\\\\\\\\\\\\\\\\\\\\\\\\\\\\\\\\\\"rows\\\\\\\\\\\\\\\\\\\\\\\\\\\\\\\\\\\\\\\\\\\\\\\\\\\\\\\\\\\\\\\":[{\\\\\\\\\\\\\\\\\\\\\\\\\\\\\\\\\\\\\\\\\\\\\\\\\\\\\\\\\\\\\\\"businessType\\\\\\\\\\\\\\\\\\\\\\\\\\\\\\\\\\\\\\\\\\\\\\\\\\\\\\\\\\\\\\\":0,\\\\\\\\\\\\\\\\\\\\\\\\\\\\\\\\\\\\\\\\\\\\\\\\\\\\\\\\\\\\\\\"deptName\\\\\\\\\\\\\\\\\\\\\\\\\\\\\\\\\\\\\\\\\\\\\\\\\\\\\\\\\\\\\\\":\\\\\\\\\\\\\\\\\\\\\\\\\\\\\\\\\\\\\\\\\\\\\\\\\\\\\\\\\\\\\\\"系统部门\\\\\\\\\\\\\\\\\\\\\\\\\\\\\\\\\\\\\\\\\\\\\\\\\\\\\\\\\\\\\\\",\\\\\\\\\\\\\\\\\\\\\\\\\\\\\\\\\\\\\\\\\\\\\\\\\\\\\\\\\\\\\\\"jsonResult\\\\\\\\\\\\\\\\\\\\\\\\\\\\\\\\\\\\\\\\\\\\\\\\\\\\\\\\\\\\\\\":\\\\\\\\\\\\\\\\\\\\\\\\\\\\\\\\\\\\\\\\\\\\\\\\\\\\\\\\\\\\\\\"{\\\\\\\\\\\\\\\\\\\\\\\\\\\\\\\\\\\\\\\\\\\\\\\\\\\\\\\\\\\\\\\\\\\\\\\\\\\\\\\\\\\\\\\\\\\\\\\\\\\\\\\\\\\\\\\\\\\\\\\\\\\\\\\"code\\\\\\\\\\\\\\\\\\\\\\\\\\\\\\\\\\\\\\\\\\\\\\\\\\\\\\\\\\\\\\\\\\\\\\\\\\\\\\\\\\\\\\\\\\\\\\\\\\\\\\\\\\', 0, NULL, '2025-11-07 11:14:35');
INSERT INTO `class_oper_log` VALUES (37, '操作日志', 0, 'com.ruoyi.web.controller.proj_cyq.ClassOperLogController.list()', 'GET', 1, '系统用户', '系统部门', '/proj_cyq/operlog/list', '127.0.0.1', NULL, '{\"params\":{},\"title\":\"登录日志\"}', '{\"code\":200,\"msg\":\"查询成功\",\"rows\":[{\"businessType\":0,\"deptName\":\"系统部门\",\"jsonResult\":\"{\\\"code\\\":200,\\\"msg\\\":\\\"查询成功\\\",\\\"rows\\\":[],\\\"total\\\":0}\",\"method\":\"com.ruoyi.web.controller.proj_cyq.ClassLoginLogController.list()\",\"operId\":35,\"operIp\":\"127.0.0.1\",\"operName\":\"系统用户\",\"operParam\":\"{\\\"params\\\":{}}\",\"operTime\":\"2025-11-07 11:14:31\",\"operUrl\":\"/proj_cyq/loginlog/list\",\"operatorType\":1,\"params\":{},\"requestMethod\":\"GET\",\"status\":0,\"title\":\"登录日志\"},{\"businessType\":0,\"deptName\":\"系统部门\",\"jsonResult\":\"{\\\"code\\\":200,\\\"msg\\\":\\\"查询成功\\\",\\\"rows\\\":[],\\\"total\\\":0}\",\"method\":\"com.ruoyi.web.controller.proj_cyq.ClassLoginLogController.list()\",\"operId\":29,\"operIp\":\"127.0.0.1\",\"operName\":\"系统用户\",\"operParam\":\"{\\\"params\\\":{}}\",\"operTime\":\"2025-11-07 09:57:54\",\"operUrl\":\"/proj_cyq/loginlog/list\",\"operatorType\":1,\"params\":{},\"requestMethod\":\"GET\",\"status\":0,\"title\":\"登录日志\"},{\"businessType\":0,\"deptName\":\"系统部门\",\"jsonResult\":\"{\\\"code\\\":200,\\\"msg\\\":\\\"查询成功\\\",\\\"rows\\\":[],\\\"total\\\":0}\",\"method\":\"com.ruoyi.web.controller.proj_cyq.ClassLoginLogController.list()\",\"operId\":24,\"operIp\":\"127.0.0.1\",\"operName\":\"系统用户\",\"operParam\":\"{\\\"params\\\":{}}\",\"operTime\":\"2025-11-06 23:11:20\",\"operUrl\":\"/proj_cyq/loginlog/list\",\"operatorType\":1,\"params\":{},\"requestMethod\":\"GET\",\"status\":0,\"title\":\"登录日志\"},{\"businessType\":0,\"deptName\":\"系统部门\",\"jsonResult\":\"{\\\"code\\\":200,\\\"msg\\\":\\\"查询成功\\\",\\\"rows\\\":[],\\\"total\\\":0}\",\"method\":\"com.ruoyi.web.controller.proj_cyq.ClassLoginLogController.list()\",\"operId\":17,\"operIp\":\"127.0.0.1\",\"operName\":\"系统用户\",\"operParam\":\"{\\\"params\\\":{}}\",\"operTime\":\"2025-11-06 23:04:21\",\"operUrl\":\"/proj_cyq/loginlog/list\",\"operatorType\":1,\"params\":{},\"requestMethod\":\"GET\",\"status\":0,\"title\":\"登录日志\"},{\"businessType\":5,\"deptName\":\"系统部门\",\"method\":\"com.ruoyi.web.controller.proj_cyq.ClassLoginLogController.export()\",\"operId\":16,\"operIp\":\"127.0.0.1\",\"operName\":\"系统用户\",\"operParam\":\"{\\\"params\\\":{}}\",\"operTime\":\"2025-11-06 23:03:04\",\"operUrl\":\"/proj_cyq/loginlog/export\",\"operatorType\":1,\"params\":{},\"requestMethod\":\"POST\",\"stat', 0, NULL, '2025-11-07 11:14:50');
INSERT INTO `class_oper_log` VALUES (38, '操作日志', 0, 'com.ruoyi.web.controller.proj_cyq.ClassOperLogController.list()', 'GET', 1, '系统用户', '系统部门', '/proj_cyq/operlog/list', '127.0.0.1', NULL, '{\"params\":{}}', '{\"code\":200,\"msg\":\"查询成功\",\"rows\":[{\"businessType\":0,\"deptName\":\"系统部门\",\"jsonResult\":\"{\\\"code\\\":200,\\\"msg\\\":\\\"查询成功\\\",\\\"rows\\\":[{\\\"businessType\\\":0,\\\"deptName\\\":\\\"系统部门\\\",\\\"jsonResult\\\":\\\"{\\\\\\\"code\\\\\\\":200,\\\\\\\"msg\\\\\\\":\\\\\\\"查询成功\\\\\\\",\\\\\\\"rows\\\\\\\":[],\\\\\\\"total\\\\\\\":0}\\\",\\\"method\\\":\\\"com.ruoyi.web.controller.proj_cyq.ClassLoginLogController.list()\\\",\\\"operId\\\":35,\\\"operIp\\\":\\\"127.0.0.1\\\",\\\"operName\\\":\\\"系统用户\\\",\\\"operParam\\\":\\\"{\\\\\\\"params\\\\\\\":{}}\\\",\\\"operTime\\\":\\\"2025-11-07 11:14:31\\\",\\\"operUrl\\\":\\\"/proj_cyq/loginlog/list\\\",\\\"operatorType\\\":1,\\\"params\\\":{},\\\"requestMethod\\\":\\\"GET\\\",\\\"status\\\":0,\\\"title\\\":\\\"登录日志\\\"},{\\\"businessType\\\":0,\\\"deptName\\\":\\\"系统部门\\\",\\\"jsonResult\\\":\\\"{\\\\\\\"code\\\\\\\":200,\\\\\\\"msg\\\\\\\":\\\\\\\"查询成功\\\\\\\",\\\\\\\"rows\\\\\\\":[],\\\\\\\"total\\\\\\\":0}\\\",\\\"method\\\":\\\"com.ruoyi.web.controller.proj_cyq.ClassLoginLogController.list()\\\",\\\"operId\\\":29,\\\"operIp\\\":\\\"127.0.0.1\\\",\\\"operName\\\":\\\"系统用户\\\",\\\"operParam\\\":\\\"{\\\\\\\"params\\\\\\\":{}}\\\",\\\"operTime\\\":\\\"2025-11-07 09:57:54\\\",\\\"operUrl\\\":\\\"/proj_cyq/loginlog/list\\\",\\\"operatorType\\\":1,\\\"params\\\":{},\\\"requestMethod\\\":\\\"GET\\\",\\\"status\\\":0,\\\"title\\\":\\\"登录日志\\\"},{\\\"businessType\\\":0,\\\"deptName\\\":\\\"系统部门\\\",\\\"jsonResult\\\":\\\"{\\\\\\\"code\\\\\\\":200,\\\\\\\"msg\\\\\\\":\\\\\\\"查询成功\\\\\\\",\\\\\\\"rows\\\\\\\":[],\\\\\\\"total\\\\\\\":0}\\\",\\\"method\\\":\\\"com.ruoyi.web.controller.proj_cyq.ClassLoginLogController.list()\\\",\\\"operId\\\":24,\\\"operIp\\\":\\\"127.0.0.1\\\",\\\"operName\\\":\\\"系统用户\\\",\\\"operParam\\\":\\\"{\\\\\\\"params\\\\\\\":{}}\\\",\\\"operTime\\\":\\\"2025-11-06 23:11:20\\\",\\\"operUrl\\\":\\\"/proj_cyq/loginlog/list\\\",\\\"operatorType\\\":1,\\\"params\\\":{},\\\"requestMethod\\\":\\\"GET\\\",\\\"status\\\":0,\\\"title\\\":\\\"登录日志\\\"},{\\\"businessType\\\":0,\\\"deptName\\\":\\\"系统部门\\\",\\\"jsonResult\\\":\\\"{\\\\\\\"code\\\\\\\":200,\\\\\\\"msg\\\\\\\":\\\\\\\"查询成功\\\\\\\",\\\\\\\"rows\\\\\\\":[],\\\\\\\"total\\\\\\\":0}\\\",\\\"method\\\":\\\"com.ruoyi.web.controller.proj_cyq.ClassLoginLogController.list()\\\",\\\"operId\\\":17,\\\"operIp\\\":\\\"127.0.0.1\\\",\\\"operName\\\":\\\"系统用户\\\",\\\"operParam\\\":\\\"{\\\\\\\"params\\\\\\\":{}}\\\",\\\"operTime\\\":\\\"2025-11-06 23:04:21\\\",\\\"operUrl\\\":\\\"/proj_cyq/loginlog/list\\\",\\\"operatorType\\\":1,\\\"params\\', 0, NULL, '2025-11-07 11:14:51');
INSERT INTO `class_oper_log` VALUES (39, '操作日志', 5, 'com.ruoyi.web.controller.proj_cyq.ClassOperLogController.export()', 'GET', 1, '系统用户', '系统部门', '/proj_cyq/operlog/export', '127.0.0.1', NULL, '{\"params\":{}}', NULL, 0, NULL, '2025-11-07 11:14:56');
INSERT INTO `class_oper_log` VALUES (40, '操作日志', 0, 'com.ruoyi.web.controller.proj_cyq.ClassOperLogController.list()', 'GET', 1, '系统用户', '系统部门', '/proj_cyq/operlog/list', '127.0.0.1', NULL, '{\"params\":{}}', '{\"code\":200,\"msg\":\"查询成功\",\"rows\":[{\"businessType\":5,\"deptName\":\"系统部门\",\"method\":\"com.ruoyi.web.controller.proj_cyq.ClassOperLogController.export()\",\"operId\":39,\"operIp\":\"127.0.0.1\",\"operName\":\"系统用户\",\"operParam\":\"{\\\"params\\\":{}}\",\"operTime\":\"2025-11-07 11:14:56\",\"operUrl\":\"/proj_cyq/operlog/export\",\"operatorType\":1,\"params\":{},\"requestMethod\":\"GET\",\"status\":0,\"title\":\"操作日志\"},{\"businessType\":0,\"deptName\":\"系统部门\",\"jsonResult\":\"{\\\"code\\\":200,\\\"msg\\\":\\\"查询成功\\\",\\\"rows\\\":[{\\\"businessType\\\":0,\\\"deptName\\\":\\\"系统部门\\\",\\\"jsonResult\\\":\\\"{\\\\\\\"code\\\\\\\":200,\\\\\\\"msg\\\\\\\":\\\\\\\"查询成功\\\\\\\",\\\\\\\"rows\\\\\\\":[{\\\\\\\"businessType\\\\\\\":0,\\\\\\\"deptName\\\\\\\":\\\\\\\"系统部门\\\\\\\",\\\\\\\"jsonResult\\\\\\\":\\\\\\\"{\\\\\\\\\\\\\\\"code\\\\\\\\\\\\\\\":200,\\\\\\\\\\\\\\\"msg\\\\\\\\\\\\\\\":\\\\\\\\\\\\\\\"查询成功\\\\\\\\\\\\\\\",\\\\\\\\\\\\\\\"rows\\\\\\\\\\\\\\\":[],\\\\\\\\\\\\\\\"total\\\\\\\\\\\\\\\":0}\\\\\\\",\\\\\\\"method\\\\\\\":\\\\\\\"com.ruoyi.web.controller.proj_cyq.ClassLoginLogController.list()\\\\\\\",\\\\\\\"operId\\\\\\\":35,\\\\\\\"operIp\\\\\\\":\\\\\\\"127.0.0.1\\\\\\\",\\\\\\\"operName\\\\\\\":\\\\\\\"系统用户\\\\\\\",\\\\\\\"operParam\\\\\\\":\\\\\\\"{\\\\\\\\\\\\\\\"params\\\\\\\\\\\\\\\":{}}\\\\\\\",\\\\\\\"operTime\\\\\\\":\\\\\\\"2025-11-07 11:14:31\\\\\\\",\\\\\\\"operUrl\\\\\\\":\\\\\\\"/proj_cyq/loginlog/list\\\\\\\",\\\\\\\"operatorType\\\\\\\":1,\\\\\\\"params\\\\\\\":{},\\\\\\\"requestMethod\\\\\\\":\\\\\\\"GET\\\\\\\",\\\\\\\"status\\\\\\\":0,\\\\\\\"title\\\\\\\":\\\\\\\"登录日志\\\\\\\"},{\\\\\\\"businessType\\\\\\\":0,\\\\\\\"deptName\\\\\\\":\\\\\\\"系统部门\\\\\\\",\\\\\\\"jsonResult\\\\\\\":\\\\\\\"{\\\\\\\\\\\\\\\"code\\\\\\\\\\\\\\\":200,\\\\\\\\\\\\\\\"msg\\\\\\\\\\\\\\\":\\\\\\\\\\\\\\\"查询成功\\\\\\\\\\\\\\\",\\\\\\\\\\\\\\\"rows\\\\\\\\\\\\\\\":[],\\\\\\\\\\\\\\\"total\\\\\\\\\\\\\\\":0}\\\\\\\",\\\\\\\"method\\\\\\\":\\\\\\\"com.ruoyi.web.controller.proj_cyq.ClassLoginLogController.list()\\\\\\\",\\\\\\\"operId\\\\\\\":29,\\\\\\\"operIp\\\\\\\":\\\\\\\"127.0.0.1\\\\\\\",\\\\\\\"operName\\\\\\\":\\\\\\\"系统用户\\\\\\\",\\\\\\\"operParam\\\\\\\":\\\\\\\"{\\\\\\\\\\\\\\\"params\\\\\\\\\\\\\\\":{}}\\\\\\\",\\\\\\\"operTime\\\\\\\":\\\\\\\"2025-11-07 09:57:54\\\\\\\",\\\\\\\"operUrl\\\\\\\":\\\\\\\"/proj_cyq/loginlog/list\\\\\\\",\\\\\\\"operatorType\\\\\\\":1,\\\\\\\"params\\\\\\\":{},\\\\\\\"requestMethod\\\\\\\":\\\\\\\"GET\\\\\\\",\\\\\\\"status\\\\\\\":0,\\\\\\\"title\\\\\\\":\\\\\\\"登录日志\\\\\\\"},{\\\\\\\"businessType\\\\\\\":0,\\\\\\\"deptName\\\\\\\":\\\\\\\"系统部门\\\\\\\",\\\\\\\"jsonResult\\\\\\\":\\\\\\\"{\\\\\\\\\\\\\\\"code\\\\\\\\\\\\\\\":200,\\\\\\\\\\\\\\\"msg\\\\\\\\\\\\\\\":\\\\\\\\\\\\\\\"查询成功\\\\\\\\\\\\\\\",\\\\\\\\\\\\\\\"', 0, NULL, '2025-11-11 19:39:39');
INSERT INTO `class_oper_log` VALUES (41, '登录日志', 0, 'com.ruoyi.web.controller.proj_cyq.ClassLoginLogController.list()', 'GET', 1, '系统用户', '系统部门', '/proj_cyq/loginlog/list', '127.0.0.1', NULL, '{\"params\":{}}', '{\"code\":200,\"msg\":\"查询成功\",\"rows\":[],\"total\":0}', 0, NULL, '2025-11-11 19:39:52');
INSERT INTO `class_oper_log` VALUES (42, '操作日志', 0, 'com.ruoyi.web.controller.proj_cyq.ClassOperLogController.list()', 'GET', 1, '系统用户', '系统部门', '/proj_cyq/operlog/list', '127.0.0.1', NULL, '{\"params\":{}}', '{\"code\":200,\"msg\":\"查询成功\",\"rows\":[{\"businessType\":0,\"deptName\":\"系统部门\",\"jsonResult\":\"{\\\"code\\\":200,\\\"msg\\\":\\\"查询成功\\\",\\\"rows\\\":[],\\\"total\\\":0}\",\"method\":\"com.ruoyi.web.controller.proj_cyq.ClassLoginLogController.list()\",\"operId\":41,\"operIp\":\"127.0.0.1\",\"operName\":\"系统用户\",\"operParam\":\"{\\\"params\\\":{}}\",\"operTime\":\"2025-11-11 19:39:52\",\"operUrl\":\"/proj_cyq/loginlog/list\",\"operatorType\":1,\"params\":{},\"requestMethod\":\"GET\",\"status\":0,\"title\":\"登录日志\"},{\"businessType\":0,\"deptName\":\"系统部门\",\"jsonResult\":\"{\\\"code\\\":200,\\\"msg\\\":\\\"查询成功\\\",\\\"rows\\\":[{\\\"businessType\\\":5,\\\"deptName\\\":\\\"系统部门\\\",\\\"method\\\":\\\"com.ruoyi.web.controller.proj_cyq.ClassOperLogController.export()\\\",\\\"operId\\\":39,\\\"operIp\\\":\\\"127.0.0.1\\\",\\\"operName\\\":\\\"系统用户\\\",\\\"operParam\\\":\\\"{\\\\\\\"params\\\\\\\":{}}\\\",\\\"operTime\\\":\\\"2025-11-07 11:14:56\\\",\\\"operUrl\\\":\\\"/proj_cyq/operlog/export\\\",\\\"operatorType\\\":1,\\\"params\\\":{},\\\"requestMethod\\\":\\\"GET\\\",\\\"status\\\":0,\\\"title\\\":\\\"操作日志\\\"},{\\\"businessType\\\":0,\\\"deptName\\\":\\\"系统部门\\\",\\\"jsonResult\\\":\\\"{\\\\\\\"code\\\\\\\":200,\\\\\\\"msg\\\\\\\":\\\\\\\"查询成功\\\\\\\",\\\\\\\"rows\\\\\\\":[{\\\\\\\"businessType\\\\\\\":0,\\\\\\\"deptName\\\\\\\":\\\\\\\"系统部门\\\\\\\",\\\\\\\"jsonResult\\\\\\\":\\\\\\\"{\\\\\\\\\\\\\\\"code\\\\\\\\\\\\\\\":200,\\\\\\\\\\\\\\\"msg\\\\\\\\\\\\\\\":\\\\\\\\\\\\\\\"查询成功\\\\\\\\\\\\\\\",\\\\\\\\\\\\\\\"rows\\\\\\\\\\\\\\\":[{\\\\\\\\\\\\\\\"businessType\\\\\\\\\\\\\\\":0,\\\\\\\\\\\\\\\"deptName\\\\\\\\\\\\\\\":\\\\\\\\\\\\\\\"系统部门\\\\\\\\\\\\\\\",\\\\\\\\\\\\\\\"jsonResult\\\\\\\\\\\\\\\":\\\\\\\\\\\\\\\"{\\\\\\\\\\\\\\\\\\\\\\\\\\\\\\\"code\\\\\\\\\\\\\\\\\\\\\\\\\\\\\\\":200,\\\\\\\\\\\\\\\\\\\\\\\\\\\\\\\"msg\\\\\\\\\\\\\\\\\\\\\\\\\\\\\\\":\\\\\\\\\\\\\\\\\\\\\\\\\\\\\\\"查询成功\\\\\\\\\\\\\\\\\\\\\\\\\\\\\\\",\\\\\\\\\\\\\\\\\\\\\\\\\\\\\\\"rows\\\\\\\\\\\\\\\\\\\\\\\\\\\\\\\":[],\\\\\\\\\\\\\\\\\\\\\\\\\\\\\\\"total\\\\\\\\\\\\\\\\\\\\\\\\\\\\\\\":0}\\\\\\\\\\\\\\\",\\\\\\\\\\\\\\\"method\\\\\\\\\\\\\\\":\\\\\\\\\\\\\\\"com.ruoyi.web.controller.proj_cyq.ClassLoginLogController.list()\\\\\\\\\\\\\\\",\\\\\\\\\\\\\\\"operId\\\\\\\\\\\\\\\":35,\\\\\\\\\\\\\\\"operIp\\\\\\\\\\\\\\\":\\\\\\\\\\\\\\\"127.0.0.1\\\\\\\\\\\\\\\",\\\\\\\\\\\\\\\"operName\\\\\\\\\\\\\\\":\\\\\\\\\\\\\\\"系统用户\\\\\\\\\\\\\\\",\\\\\\\\\\\\\\\"operParam\\\\\\\\\\\\\\\":\\\\\\\\\\\\\\\"{\\\\\\\\\\\\\\\\\\\\\\\\\\\\\\\"params\\\\\\\\\\\\\\\\\\\\\\\\\\\\\\\":{}}\\\\\\\\\\\\\\\",\\\\\\\\\\\\\\\"operTime\\\\\\\\\\\\\\\":\\\\\\\\\\\\\\\"2025-11-07 11:14:31\\\\\\\\\\\\\\\",\\\\\\\\\\\\\\\"operUrl\\\\\\\\\\\\\\\":\\\\\\\\\\\\\\\"/proj_cyq/loginlog/list\\\\\\\\\\\\\\\",\\\\\\\\\\\\\\\"operatorType\\\\\\\\\\\\\\\":1,\\\\\\\\\\\\\\', 0, NULL, '2025-11-11 19:39:58');
INSERT INTO `class_oper_log` VALUES (43, '操作日志', 0, 'com.ruoyi.web.controller.proj_cyq.ClassOperLogController.list()', 'GET', 1, '系统用户', '系统部门', '/proj_cyq/operlog/list', '127.0.0.1', NULL, '{\"params\":{}}', '{\"code\":200,\"msg\":\"查询成功\",\"rows\":[{\"businessType\":0,\"deptName\":\"系统部门\",\"jsonResult\":\"{\\\"code\\\":200,\\\"msg\\\":\\\"查询成功\\\",\\\"rows\\\":[{\\\"businessType\\\":0,\\\"deptName\\\":\\\"系统部门\\\",\\\"jsonResult\\\":\\\"{\\\\\\\"code\\\\\\\":200,\\\\\\\"msg\\\\\\\":\\\\\\\"查询成功\\\\\\\",\\\\\\\"rows\\\\\\\":[],\\\\\\\"total\\\\\\\":0}\\\",\\\"method\\\":\\\"com.ruoyi.web.controller.proj_cyq.ClassLoginLogController.list()\\\",\\\"operId\\\":41,\\\"operIp\\\":\\\"127.0.0.1\\\",\\\"operName\\\":\\\"系统用户\\\",\\\"operParam\\\":\\\"{\\\\\\\"params\\\\\\\":{}}\\\",\\\"operTime\\\":\\\"2025-11-11 19:39:52\\\",\\\"operUrl\\\":\\\"/proj_cyq/loginlog/list\\\",\\\"operatorType\\\":1,\\\"params\\\":{},\\\"requestMethod\\\":\\\"GET\\\",\\\"status\\\":0,\\\"title\\\":\\\"登录日志\\\"},{\\\"businessType\\\":0,\\\"deptName\\\":\\\"系统部门\\\",\\\"jsonResult\\\":\\\"{\\\\\\\"code\\\\\\\":200,\\\\\\\"msg\\\\\\\":\\\\\\\"查询成功\\\\\\\",\\\\\\\"rows\\\\\\\":[{\\\\\\\"businessType\\\\\\\":5,\\\\\\\"deptName\\\\\\\":\\\\\\\"系统部门\\\\\\\",\\\\\\\"method\\\\\\\":\\\\\\\"com.ruoyi.web.controller.proj_cyq.ClassOperLogController.export()\\\\\\\",\\\\\\\"operId\\\\\\\":39,\\\\\\\"operIp\\\\\\\":\\\\\\\"127.0.0.1\\\\\\\",\\\\\\\"operName\\\\\\\":\\\\\\\"系统用户\\\\\\\",\\\\\\\"operParam\\\\\\\":\\\\\\\"{\\\\\\\\\\\\\\\"params\\\\\\\\\\\\\\\":{}}\\\\\\\",\\\\\\\"operTime\\\\\\\":\\\\\\\"2025-11-07 11:14:56\\\\\\\",\\\\\\\"operUrl\\\\\\\":\\\\\\\"/proj_cyq/operlog/export\\\\\\\",\\\\\\\"operatorType\\\\\\\":1,\\\\\\\"params\\\\\\\":{},\\\\\\\"requestMethod\\\\\\\":\\\\\\\"GET\\\\\\\",\\\\\\\"status\\\\\\\":0,\\\\\\\"title\\\\\\\":\\\\\\\"操作日志\\\\\\\"},{\\\\\\\"businessType\\\\\\\":0,\\\\\\\"deptName\\\\\\\":\\\\\\\"系统部门\\\\\\\",\\\\\\\"jsonResult\\\\\\\":\\\\\\\"{\\\\\\\\\\\\\\\"code\\\\\\\\\\\\\\\":200,\\\\\\\\\\\\\\\"msg\\\\\\\\\\\\\\\":\\\\\\\\\\\\\\\"查询成功\\\\\\\\\\\\\\\",\\\\\\\\\\\\\\\"rows\\\\\\\\\\\\\\\":[{\\\\\\\\\\\\\\\"businessType\\\\\\\\\\\\\\\":0,\\\\\\\\\\\\\\\"deptName\\\\\\\\\\\\\\\":\\\\\\\\\\\\\\\"系统部门\\\\\\\\\\\\\\\",\\\\\\\\\\\\\\\"jsonResult\\\\\\\\\\\\\\\":\\\\\\\\\\\\\\\"{\\\\\\\\\\\\\\\\\\\\\\\\\\\\\\\"code\\\\\\\\\\\\\\\\\\\\\\\\\\\\\\\":200,\\\\\\\\\\\\\\\\\\\\\\\\\\\\\\\"msg\\\\\\\\\\\\\\\\\\\\\\\\\\\\\\\":\\\\\\\\\\\\\\\\\\\\\\\\\\\\\\\"查询成功\\\\\\\\\\\\\\\\\\\\\\\\\\\\\\\",\\\\\\\\\\\\\\\\\\\\\\\\\\\\\\\"rows\\\\\\\\\\\\\\\\\\\\\\\\\\\\\\\":[{\\\\\\\\\\\\\\\\\\\\\\\\\\\\\\\"businessType\\\\\\\\\\\\\\\\\\\\\\\\\\\\\\\":0,\\\\\\\\\\\\\\\\\\\\\\\\\\\\\\\"deptName\\\\\\\\\\\\\\\\\\\\\\\\\\\\\\\":\\\\\\\\\\\\\\\\\\\\\\\\\\\\\\\"系统部门\\\\\\\\\\\\\\\\\\\\\\\\\\\\\\\",\\\\\\\\\\\\\\\\\\\\\\\\\\\\\\\"jsonResult\\\\\\\\\\\\\\\\\\\\\\\\\\\\\\\":\\\\\\\\\\\\\\\\\\\\\\\\\\\\\\\"{\\\\\\\\\\\\\\\\\\\\\\\\\\\\\\\\\\\\\\\\\\\\\\\\\\\\\\\\\\\\\\\"code\\\\\\\\\\\\\\\\\\\\\\\\\\\\\\\\\\\\\\\\\\\\\\\\\\\\\\\\\\\\\\\":200,\\\\\\\\\\\\\\\\\\\\\\\\\\\\\\\\\\\\\\\\\\\\\\\\\\\\\\\\\\\\\\\"msg\\\\\\\\\\\\\\\\\\\\\\\\\\\\\\\\\\\\\\\\\\\\\\\\\\\\\\\\\\\\\\\":\\\\\\\\\\\\\\\\\\\\\\\\\\\\\\\\\\\\\\\\\\\\\\\\', 0, NULL, '2025-11-11 19:41:32');
INSERT INTO `class_oper_log` VALUES (44, '操作日志', 5, 'com.ruoyi.web.controller.proj_cyq.ClassOperLogController.export()', 'GET', 1, '系统用户', '系统部门', '/proj_cyq/operlog/export', '127.0.0.1', NULL, '{\"params\":{}}', NULL, 0, NULL, '2025-11-11 19:41:38');
INSERT INTO `class_oper_log` VALUES (45, '操作日志', 0, 'com.ruoyi.web.controller.proj_cyq.ClassOperLogController.list()', 'GET', 1, '系统用户', '系统部门', '/proj_cyq/operlog/list', '127.0.0.1', NULL, '{\"params\":{}}', '{\"code\":200,\"msg\":\"查询成功\",\"rows\":[{\"businessType\":5,\"deptName\":\"系统部门\",\"method\":\"com.ruoyi.web.controller.proj_cyq.ClassOperLogController.export()\",\"operId\":44,\"operIp\":\"127.0.0.1\",\"operName\":\"系统用户\",\"operParam\":\"{\\\"params\\\":{}}\",\"operTime\":\"2025-11-11 19:41:38\",\"operUrl\":\"/proj_cyq/operlog/export\",\"operatorType\":1,\"params\":{},\"requestMethod\":\"GET\",\"status\":0,\"title\":\"操作日志\"},{\"businessType\":0,\"deptName\":\"系统部门\",\"jsonResult\":\"{\\\"code\\\":200,\\\"msg\\\":\\\"查询成功\\\",\\\"rows\\\":[{\\\"businessType\\\":0,\\\"deptName\\\":\\\"系统部门\\\",\\\"jsonResult\\\":\\\"{\\\\\\\"code\\\\\\\":200,\\\\\\\"msg\\\\\\\":\\\\\\\"查询成功\\\\\\\",\\\\\\\"rows\\\\\\\":[{\\\\\\\"businessType\\\\\\\":0,\\\\\\\"deptName\\\\\\\":\\\\\\\"系统部门\\\\\\\",\\\\\\\"jsonResult\\\\\\\":\\\\\\\"{\\\\\\\\\\\\\\\"code\\\\\\\\\\\\\\\":200,\\\\\\\\\\\\\\\"msg\\\\\\\\\\\\\\\":\\\\\\\\\\\\\\\"查询成功\\\\\\\\\\\\\\\",\\\\\\\\\\\\\\\"rows\\\\\\\\\\\\\\\":[],\\\\\\\\\\\\\\\"total\\\\\\\\\\\\\\\":0}\\\\\\\",\\\\\\\"method\\\\\\\":\\\\\\\"com.ruoyi.web.controller.proj_cyq.ClassLoginLogController.list()\\\\\\\",\\\\\\\"operId\\\\\\\":41,\\\\\\\"operIp\\\\\\\":\\\\\\\"127.0.0.1\\\\\\\",\\\\\\\"operName\\\\\\\":\\\\\\\"系统用户\\\\\\\",\\\\\\\"operParam\\\\\\\":\\\\\\\"{\\\\\\\\\\\\\\\"params\\\\\\\\\\\\\\\":{}}\\\\\\\",\\\\\\\"operTime\\\\\\\":\\\\\\\"2025-11-11 19:39:52\\\\\\\",\\\\\\\"operUrl\\\\\\\":\\\\\\\"/proj_cyq/loginlog/list\\\\\\\",\\\\\\\"operatorType\\\\\\\":1,\\\\\\\"params\\\\\\\":{},\\\\\\\"requestMethod\\\\\\\":\\\\\\\"GET\\\\\\\",\\\\\\\"status\\\\\\\":0,\\\\\\\"title\\\\\\\":\\\\\\\"登录日志\\\\\\\"},{\\\\\\\"businessType\\\\\\\":0,\\\\\\\"deptName\\\\\\\":\\\\\\\"系统部门\\\\\\\",\\\\\\\"jsonResult\\\\\\\":\\\\\\\"{\\\\\\\\\\\\\\\"code\\\\\\\\\\\\\\\":200,\\\\\\\\\\\\\\\"msg\\\\\\\\\\\\\\\":\\\\\\\\\\\\\\\"查询成功\\\\\\\\\\\\\\\",\\\\\\\\\\\\\\\"rows\\\\\\\\\\\\\\\":[{\\\\\\\\\\\\\\\"businessType\\\\\\\\\\\\\\\":5,\\\\\\\\\\\\\\\"deptName\\\\\\\\\\\\\\\":\\\\\\\\\\\\\\\"系统部门\\\\\\\\\\\\\\\",\\\\\\\\\\\\\\\"method\\\\\\\\\\\\\\\":\\\\\\\\\\\\\\\"com.ruoyi.web.controller.proj_cyq.ClassOperLogController.export()\\\\\\\\\\\\\\\",\\\\\\\\\\\\\\\"operId\\\\\\\\\\\\\\\":39,\\\\\\\\\\\\\\\"operIp\\\\\\\\\\\\\\\":\\\\\\\\\\\\\\\"127.0.0.1\\\\\\\\\\\\\\\",\\\\\\\\\\\\\\\"operName\\\\\\\\\\\\\\\":\\\\\\\\\\\\\\\"系统用户\\\\\\\\\\\\\\\",\\\\\\\\\\\\\\\"operParam\\\\\\\\\\\\\\\":\\\\\\\\\\\\\\\"{\\\\\\\\\\\\\\\\\\\\\\\\\\\\\\\"params\\\\\\\\\\\\\\\\\\\\\\\\\\\\\\\":{}}\\\\\\\\\\\\\\\",\\\\\\\\\\\\\\\"operTime\\\\\\\\\\\\\\\":\\\\\\\\\\\\\\\"2025-11-07 11:14:56\\\\\\\\\\\\\\\",\\\\\\\\\\\\\\\"operUrl\\\\\\\\\\\\\\\":\\\\\\\\\\\\\\\"/proj_cyq/operlog/export\\\\\\\\\\\\\\\",\\\\\\\\\\\\\\\"operatorType\\\\\\\\\\\\\\\":1,\\\\\\\\\\\\\\\"params\\\\\\\\\\\\\\\":{},\\\\\\\\\\\\\\\"requestMethod\\\\\\\\\\\\\\\":\\\\\\\\\\\\\\\"GET\\\\\\\\\\', 0, NULL, '2025-11-11 19:41:40');
INSERT INTO `class_oper_log` VALUES (46, '操作日志', 0, 'com.ruoyi.web.controller.proj_cyq.ClassOperLogController.list()', 'GET', 1, '系统用户', '系统部门', '/proj_cyq/operlog/list', '127.0.0.1', NULL, '{\"params\":{},\"title\":\"操作日志\"}', '{\"code\":200,\"msg\":\"查询成功\",\"rows\":[{\"businessType\":0,\"deptName\":\"系统部门\",\"jsonResult\":\"{\\\"code\\\":200,\\\"msg\\\":\\\"查询成功\\\",\\\"rows\\\":[{\\\"businessType\\\":5,\\\"deptName\\\":\\\"系统部门\\\",\\\"method\\\":\\\"com.ruoyi.web.controller.proj_cyq.ClassOperLogController.export()\\\",\\\"operId\\\":44,\\\"operIp\\\":\\\"127.0.0.1\\\",\\\"operName\\\":\\\"系统用户\\\",\\\"operParam\\\":\\\"{\\\\\\\"params\\\\\\\":{}}\\\",\\\"operTime\\\":\\\"2025-11-11 19:41:38\\\",\\\"operUrl\\\":\\\"/proj_cyq/operlog/export\\\",\\\"operatorType\\\":1,\\\"params\\\":{},\\\"requestMethod\\\":\\\"GET\\\",\\\"status\\\":0,\\\"title\\\":\\\"操作日志\\\"},{\\\"businessType\\\":0,\\\"deptName\\\":\\\"系统部门\\\",\\\"jsonResult\\\":\\\"{\\\\\\\"code\\\\\\\":200,\\\\\\\"msg\\\\\\\":\\\\\\\"查询成功\\\\\\\",\\\\\\\"rows\\\\\\\":[{\\\\\\\"businessType\\\\\\\":0,\\\\\\\"deptName\\\\\\\":\\\\\\\"系统部门\\\\\\\",\\\\\\\"jsonResult\\\\\\\":\\\\\\\"{\\\\\\\\\\\\\\\"code\\\\\\\\\\\\\\\":200,\\\\\\\\\\\\\\\"msg\\\\\\\\\\\\\\\":\\\\\\\\\\\\\\\"查询成功\\\\\\\\\\\\\\\",\\\\\\\\\\\\\\\"rows\\\\\\\\\\\\\\\":[{\\\\\\\\\\\\\\\"businessType\\\\\\\\\\\\\\\":0,\\\\\\\\\\\\\\\"deptName\\\\\\\\\\\\\\\":\\\\\\\\\\\\\\\"系统部门\\\\\\\\\\\\\\\",\\\\\\\\\\\\\\\"jsonResult\\\\\\\\\\\\\\\":\\\\\\\\\\\\\\\"{\\\\\\\\\\\\\\\\\\\\\\\\\\\\\\\"code\\\\\\\\\\\\\\\\\\\\\\\\\\\\\\\":200,\\\\\\\\\\\\\\\\\\\\\\\\\\\\\\\"msg\\\\\\\\\\\\\\\\\\\\\\\\\\\\\\\":\\\\\\\\\\\\\\\\\\\\\\\\\\\\\\\"查询成功\\\\\\\\\\\\\\\\\\\\\\\\\\\\\\\",\\\\\\\\\\\\\\\\\\\\\\\\\\\\\\\"rows\\\\\\\\\\\\\\\\\\\\\\\\\\\\\\\":[],\\\\\\\\\\\\\\\\\\\\\\\\\\\\\\\"total\\\\\\\\\\\\\\\\\\\\\\\\\\\\\\\":0}\\\\\\\\\\\\\\\",\\\\\\\\\\\\\\\"method\\\\\\\\\\\\\\\":\\\\\\\\\\\\\\\"com.ruoyi.web.controller.proj_cyq.ClassLoginLogController.list()\\\\\\\\\\\\\\\",\\\\\\\\\\\\\\\"operId\\\\\\\\\\\\\\\":41,\\\\\\\\\\\\\\\"operIp\\\\\\\\\\\\\\\":\\\\\\\\\\\\\\\"127.0.0.1\\\\\\\\\\\\\\\",\\\\\\\\\\\\\\\"operName\\\\\\\\\\\\\\\":\\\\\\\\\\\\\\\"系统用户\\\\\\\\\\\\\\\",\\\\\\\\\\\\\\\"operParam\\\\\\\\\\\\\\\":\\\\\\\\\\\\\\\"{\\\\\\\\\\\\\\\\\\\\\\\\\\\\\\\"params\\\\\\\\\\\\\\\\\\\\\\\\\\\\\\\":{}}\\\\\\\\\\\\\\\",\\\\\\\\\\\\\\\"operTime\\\\\\\\\\\\\\\":\\\\\\\\\\\\\\\"2025-11-11 19:39:52\\\\\\\\\\\\\\\",\\\\\\\\\\\\\\\"operUrl\\\\\\\\\\\\\\\":\\\\\\\\\\\\\\\"/proj_cyq/loginlog/list\\\\\\\\\\\\\\\",\\\\\\\\\\\\\\\"operatorType\\\\\\\\\\\\\\\":1,\\\\\\\\\\\\\\\"params\\\\\\\\\\\\\\\":{},\\\\\\\\\\\\\\\"requestMethod\\\\\\\\\\\\\\\":\\\\\\\\\\\\\\\"GET\\\\\\\\\\\\\\\",\\\\\\\\\\\\\\\"status\\\\\\\\\\\\\\\":0,\\\\\\\\\\\\\\\"title\\\\\\\\\\\\\\\":\\\\\\\\\\\\\\\"登录日志\\\\\\\\\\\\\\\"},{\\\\\\\\\\\\\\\"businessType\\\\\\\\\\\\\\\":0,\\\\\\\\\\\\\\\"deptName\\\\\\\\\\\\\\\":\\\\\\\\\\\\\\\"系统部门\\\\\\\\\\\\\\\",\\\\\\\\\\\\\\\"jsonResult\\\\\\\\\\\\\\\":\\\\\\\\\\\\\\\"{\\\\\\\\\\\\\\\\\\\\\\\\\\\\\\\"code\\\\\\\\\\\\\\\\\\\\\\\\\\\\\\\":200,\\\\\\\\\\\\\\\\\\\\\\\\\\\\\\\"msg\\\\\\\\\\\\\\\\\\\\\\\\\\\\\\\":\\\\\\\\\\\\\\\\\\\\\\\\\\\\\\\"查询成功\\\\\\\\\\\\\\\\\\\\\\\\\\\\\\\",\\\\\\\\\\\\\\\\\\\\\\\\\\\\\\\"rows\\\\\\\\\\\\\\\\\\\\\\\\\\\\\\\":[{\\\\\\\\\\\\', 0, NULL, '2025-11-11 19:49:59');
INSERT INTO `class_oper_log` VALUES (48, '操作日志', 0, 'com.ruoyi.web.controller.proj_cyq.ClassOperLogController.list()', 'GET', 1, '系统用户', '系统部门', '/proj_cyq/operlog/list', '127.0.0.1', NULL, '{\"params\":{}}', '{\"code\":200,\"msg\":\"查询成功\",\"rows\":[{\"businessType\":0,\"deptName\":\"系统部门\",\"jsonResult\":\"{\\\"code\\\":200,\\\"msg\\\":\\\"查询成功\\\",\\\"rows\\\":[{\\\"businessType\\\":0,\\\"deptName\\\":\\\"系统部门\\\",\\\"jsonResult\\\":\\\"{\\\\\\\"code\\\\\\\":200,\\\\\\\"msg\\\\\\\":\\\\\\\"查询成功\\\\\\\",\\\\\\\"rows\\\\\\\":[{\\\\\\\"businessType\\\\\\\":0,\\\\\\\"deptName\\\\\\\":\\\\\\\"系统部门\\\\\\\",\\\\\\\"jsonResult\\\\\\\":\\\\\\\"{\\\\\\\\\\\\\\\"code\\\\\\\\\\\\\\\":200,\\\\\\\\\\\\\\\"msg\\\\\\\\\\\\\\\":\\\\\\\\\\\\\\\"查询成功\\\\\\\\\\\\\\\",\\\\\\\\\\\\\\\"rows\\\\\\\\\\\\\\\":[{\\\\\\\\\\\\\\\"businessType\\\\\\\\\\\\\\\":5,\\\\\\\\\\\\\\\"deptName\\\\\\\\\\\\\\\":\\\\\\\\\\\\\\\"系统部门\\\\\\\\\\\\\\\",\\\\\\\\\\\\\\\"method\\\\\\\\\\\\\\\":\\\\\\\\\\\\\\\"com.ruoyi.web.controller.proj_cyq.ClassOperLogController.export()\\\\\\\\\\\\\\\",\\\\\\\\\\\\\\\"operId\\\\\\\\\\\\\\\":44,\\\\\\\\\\\\\\\"operIp\\\\\\\\\\\\\\\":\\\\\\\\\\\\\\\"127.0.0.1\\\\\\\\\\\\\\\",\\\\\\\\\\\\\\\"operName\\\\\\\\\\\\\\\":\\\\\\\\\\\\\\\"系统用户\\\\\\\\\\\\\\\",\\\\\\\\\\\\\\\"operParam\\\\\\\\\\\\\\\":\\\\\\\\\\\\\\\"{\\\\\\\\\\\\\\\\\\\\\\\\\\\\\\\"params\\\\\\\\\\\\\\\\\\\\\\\\\\\\\\\":{}}\\\\\\\\\\\\\\\",\\\\\\\\\\\\\\\"operTime\\\\\\\\\\\\\\\":\\\\\\\\\\\\\\\"2025-11-11 19:41:38\\\\\\\\\\\\\\\",\\\\\\\\\\\\\\\"operUrl\\\\\\\\\\\\\\\":\\\\\\\\\\\\\\\"/proj_cyq/operlog/export\\\\\\\\\\\\\\\",\\\\\\\\\\\\\\\"operatorType\\\\\\\\\\\\\\\":1,\\\\\\\\\\\\\\\"params\\\\\\\\\\\\\\\":{},\\\\\\\\\\\\\\\"requestMethod\\\\\\\\\\\\\\\":\\\\\\\\\\\\\\\"GET\\\\\\\\\\\\\\\",\\\\\\\\\\\\\\\"status\\\\\\\\\\\\\\\":0,\\\\\\\\\\\\\\\"title\\\\\\\\\\\\\\\":\\\\\\\\\\\\\\\"操作日志\\\\\\\\\\\\\\\"},{\\\\\\\\\\\\\\\"businessType\\\\\\\\\\\\\\\":0,\\\\\\\\\\\\\\\"deptName\\\\\\\\\\\\\\\":\\\\\\\\\\\\\\\"系统部门\\\\\\\\\\\\\\\",\\\\\\\\\\\\\\\"jsonResult\\\\\\\\\\\\\\\":\\\\\\\\\\\\\\\"{\\\\\\\\\\\\\\\\\\\\\\\\\\\\\\\"code\\\\\\\\\\\\\\\\\\\\\\\\\\\\\\\":200,\\\\\\\\\\\\\\\\\\\\\\\\\\\\\\\"msg\\\\\\\\\\\\\\\\\\\\\\\\\\\\\\\":\\\\\\\\\\\\\\\\\\\\\\\\\\\\\\\"查询成功\\\\\\\\\\\\\\\\\\\\\\\\\\\\\\\",\\\\\\\\\\\\\\\\\\\\\\\\\\\\\\\"rows\\\\\\\\\\\\\\\\\\\\\\\\\\\\\\\":[{\\\\\\\\\\\\\\\\\\\\\\\\\\\\\\\"businessType\\\\\\\\\\\\\\\\\\\\\\\\\\\\\\\":0,\\\\\\\\\\\\\\\\\\\\\\\\\\\\\\\"deptName\\\\\\\\\\\\\\\\\\\\\\\\\\\\\\\":\\\\\\\\\\\\\\\\\\\\\\\\\\\\\\\"系统部门\\\\\\\\\\\\\\\\\\\\\\\\\\\\\\\",\\\\\\\\\\\\\\\\\\\\\\\\\\\\\\\"jsonResult\\\\\\\\\\\\\\\\\\\\\\\\\\\\\\\":\\\\\\\\\\\\\\\\\\\\\\\\\\\\\\\"{\\\\\\\\\\\\\\\\\\\\\\\\\\\\\\\\\\\\\\\\\\\\\\\\\\\\\\\\\\\\\\\"code\\\\\\\\\\\\\\\\\\\\\\\\\\\\\\\\\\\\\\\\\\\\\\\\\\\\\\\\\\\\\\\":200,\\\\\\\\\\\\\\\\\\\\\\\\\\\\\\\\\\\\\\\\\\\\\\\\\\\\\\\\\\\\\\\"msg\\\\\\\\\\\\\\\\\\\\\\\\\\\\\\\\\\\\\\\\\\\\\\\\\\\\\\\\\\\\\\\":\\\\\\\\\\\\\\\\\\\\\\\\\\\\\\\\\\\\\\\\\\\\\\\\\\\\\\\\\\\\\\\"查询成功\\\\\\\\\\\\\\\\\\\\\\\\\\\\\\\\\\\\\\\\\\\\\\\\\\\\\\\\\\\\\\\",\\\\\\\\\\\\\\\\\\\\\\\\\\\\\\\\\\\\\\\\\\\\\\\\\\\\\\\\\\\\\\\"rows\\\\\\\\\\\\\\\\\\\\\\\\\\\\\\\\\\\\\\\\\\\\\\\\\\\\\\\\\\\\\\\":[{\\\\\\\\\\\\\\\\\\\\\\\\\\\\\\\\\\\\\\\\\\\\\\\\\\\\\\\\\\\\\\\"businessType\\\\\\\\\\\\\\\\\\\\\\\\\\\\\\\\\\\\\\\\\\\\\\\\\\\\\\\\\\\\\\\":0,\\\\\\\\\\\\\\\\\\\\\\\\\\\\\\\\\\\\\\\\\\\\\\\\\\\\\\\\\\\\\\\"deptName\\\\\\\\\\\\\\\\\\\\\\\\\\\\\\\\\\\\\\\\\\\\\\\\\\\\\\\\\\\\\\\":\\\\\\\\\\\\\\\\\\\\\\\\\\\\\\\\\\', 0, NULL, '2025-11-11 19:50:03');
INSERT INTO `class_oper_log` VALUES (49, '操作日志', 3, 'com.ruoyi.web.controller.proj_cyq.ClassOperLogController.remove()', 'DELETE', 1, '系统用户', '系统部门', '/proj_cyq/operlog/47', '127.0.0.1', NULL, '[47]', '{\"msg\":\"操作成功\",\"code\":200}', 0, NULL, '2025-11-11 19:50:16');
INSERT INTO `class_oper_log` VALUES (50, '操作日志', 0, 'com.ruoyi.web.controller.proj_cyq.ClassOperLogController.list()', 'GET', 1, '系统用户', '系统部门', '/proj_cyq/operlog/list', '127.0.0.1', NULL, '{\"params\":{}}', '{\"code\":200,\"msg\":\"查询成功\",\"rows\":[{\"businessType\":3,\"deptName\":\"系统部门\",\"jsonResult\":\"{\\\"msg\\\":\\\"操作成功\\\",\\\"code\\\":200}\",\"method\":\"com.ruoyi.web.controller.proj_cyq.ClassOperLogController.remove()\",\"operId\":49,\"operIp\":\"127.0.0.1\",\"operName\":\"系统用户\",\"operParam\":\"[47]\",\"operTime\":\"2025-11-11 19:50:16\",\"operUrl\":\"/proj_cyq/operlog/47\",\"operatorType\":1,\"params\":{},\"requestMethod\":\"DELETE\",\"status\":0,\"title\":\"操作日志\"},{\"businessType\":0,\"deptName\":\"系统部门\",\"jsonResult\":\"{\\\"code\\\":200,\\\"msg\\\":\\\"查询成功\\\",\\\"rows\\\":[{\\\"businessType\\\":0,\\\"deptName\\\":\\\"系统部门\\\",\\\"jsonResult\\\":\\\"{\\\\\\\"code\\\\\\\":200,\\\\\\\"msg\\\\\\\":\\\\\\\"查询成功\\\\\\\",\\\\\\\"rows\\\\\\\":[{\\\\\\\"businessType\\\\\\\":0,\\\\\\\"deptName\\\\\\\":\\\\\\\"系统部门\\\\\\\",\\\\\\\"jsonResult\\\\\\\":\\\\\\\"{\\\\\\\\\\\\\\\"code\\\\\\\\\\\\\\\":200,\\\\\\\\\\\\\\\"msg\\\\\\\\\\\\\\\":\\\\\\\\\\\\\\\"查询成功\\\\\\\\\\\\\\\",\\\\\\\\\\\\\\\"rows\\\\\\\\\\\\\\\":[{\\\\\\\\\\\\\\\"businessType\\\\\\\\\\\\\\\":0,\\\\\\\\\\\\\\\"deptName\\\\\\\\\\\\\\\":\\\\\\\\\\\\\\\"系统部门\\\\\\\\\\\\\\\",\\\\\\\\\\\\\\\"jsonResult\\\\\\\\\\\\\\\":\\\\\\\\\\\\\\\"{\\\\\\\\\\\\\\\\\\\\\\\\\\\\\\\"code\\\\\\\\\\\\\\\\\\\\\\\\\\\\\\\":200,\\\\\\\\\\\\\\\\\\\\\\\\\\\\\\\"msg\\\\\\\\\\\\\\\\\\\\\\\\\\\\\\\":\\\\\\\\\\\\\\\\\\\\\\\\\\\\\\\"查询成功\\\\\\\\\\\\\\\\\\\\\\\\\\\\\\\",\\\\\\\\\\\\\\\\\\\\\\\\\\\\\\\"rows\\\\\\\\\\\\\\\\\\\\\\\\\\\\\\\":[{\\\\\\\\\\\\\\\\\\\\\\\\\\\\\\\"businessType\\\\\\\\\\\\\\\\\\\\\\\\\\\\\\\":5,\\\\\\\\\\\\\\\\\\\\\\\\\\\\\\\"deptName\\\\\\\\\\\\\\\\\\\\\\\\\\\\\\\":\\\\\\\\\\\\\\\\\\\\\\\\\\\\\\\"系统部门\\\\\\\\\\\\\\\\\\\\\\\\\\\\\\\",\\\\\\\\\\\\\\\\\\\\\\\\\\\\\\\"method\\\\\\\\\\\\\\\\\\\\\\\\\\\\\\\":\\\\\\\\\\\\\\\\\\\\\\\\\\\\\\\"com.ruoyi.web.controller.proj_cyq.ClassOperLogController.export()\\\\\\\\\\\\\\\\\\\\\\\\\\\\\\\",\\\\\\\\\\\\\\\\\\\\\\\\\\\\\\\"operId\\\\\\\\\\\\\\\\\\\\\\\\\\\\\\\":44,\\\\\\\\\\\\\\\\\\\\\\\\\\\\\\\"operIp\\\\\\\\\\\\\\\\\\\\\\\\\\\\\\\":\\\\\\\\\\\\\\\\\\\\\\\\\\\\\\\"127.0.0.1\\\\\\\\\\\\\\\\\\\\\\\\\\\\\\\",\\\\\\\\\\\\\\\\\\\\\\\\\\\\\\\"operName\\\\\\\\\\\\\\\\\\\\\\\\\\\\\\\":\\\\\\\\\\\\\\\\\\\\\\\\\\\\\\\"系统用户\\\\\\\\\\\\\\\\\\\\\\\\\\\\\\\",\\\\\\\\\\\\\\\\\\\\\\\\\\\\\\\"operParam\\\\\\\\\\\\\\\\\\\\\\\\\\\\\\\":\\\\\\\\\\\\\\\\\\\\\\\\\\\\\\\"{\\\\\\\\\\\\\\\\\\\\\\\\\\\\\\\\\\\\\\\\\\\\\\\\\\\\\\\\\\\\\\\"params\\\\\\\\\\\\\\\\\\\\\\\\\\\\\\\\\\\\\\\\\\\\\\\\\\\\\\\\\\\\\\\":{}}\\\\\\\\\\\\\\\\\\\\\\\\\\\\\\\",\\\\\\\\\\\\\\\\\\\\\\\\\\\\\\\"operTime\\\\\\\\\\\\\\\\\\\\\\\\\\\\\\\":\\\\\\\\\\\\\\\\\\\\\\\\\\\\\\\"2025-11-11 19:41:38\\\\\\\\\\\\\\\\\\\\\\\\\\\\\\\",\\\\\\\\\\\\\\\\\\\\\\\\\\\\\\\"operUrl\\\\\\\\\\\\\\\\\\\\\\\\\\\\\\\":\\\\\\\\\\\\\\\\\\\\\\\\\\\\\\\"/proj_cyq/operlog/export\\\\\\\\\\\\\\\\\\\\\\\\\\\\\\\",\\\\\\\\\\\\\\\\\\\\\\\\\\\\\\\"operatorType\\\\\\\\\\\\\\\\\\\\\\\\\\\\\\\":1,\\\\\\\\\\\\\\\\\\\\\\\\\\\\\\\"params\\\\\\\\\\\\\\\\\\\\\\\\\\\\\\\":{},\\\\\\\\\\\\\\\\\\\\\\\\\\\\\\\"requestMethod\\\\\\\\\\\\\\\\\\\\\\\\\\\\\\\":\\\\\\\\\\\\\\\\\\\\\\\\', 0, NULL, '2025-11-11 19:50:16');
INSERT INTO `class_oper_log` VALUES (51, '登录日志', 0, 'com.ruoyi.web.controller.proj_cyq.ClassLoginLogController.list()', 'GET', 1, '系统用户', '系统部门', '/proj_cyq/loginlog/list', '127.0.0.1', NULL, '{\"params\":{}}', '{\"code\":200,\"msg\":\"查询成功\",\"rows\":[],\"total\":0}', 0, NULL, '2025-11-12 01:10:37');
INSERT INTO `class_oper_log` VALUES (52, '登录日志', 0, 'com.ruoyi.web.controller.proj_cyq.ClassLoginLogController.list()', 'GET', 1, '系统用户', '系统部门', '/proj_cyq/loginlog/list', '127.0.0.1', NULL, '{\"params\":{}}', '{\"code\":200,\"msg\":\"查询成功\",\"rows\":[],\"total\":0}', 0, NULL, '2025-11-12 01:24:46');
INSERT INTO `class_oper_log` VALUES (53, '操作日志', 0, 'com.ruoyi.web.controller.proj_cyq.ClassOperLogController.list()', 'GET', 1, '系统用户', '系统部门', '/proj_cyq/operlog/list', '127.0.0.1', NULL, '{\"params\":{}}', '{\"code\":200,\"msg\":\"查询成功\",\"rows\":[{\"businessType\":0,\"deptName\":\"系统部门\",\"jsonResult\":\"{\\\"code\\\":200,\\\"msg\\\":\\\"查询成功\\\",\\\"rows\\\":[],\\\"total\\\":0}\",\"method\":\"com.ruoyi.web.controller.proj_cyq.ClassLoginLogController.list()\",\"operId\":52,\"operIp\":\"127.0.0.1\",\"operName\":\"系统用户\",\"operParam\":\"{\\\"params\\\":{}}\",\"operTime\":\"2025-11-12 01:24:46\",\"operUrl\":\"/proj_cyq/loginlog/list\",\"operatorType\":1,\"params\":{},\"requestMethod\":\"GET\",\"status\":0,\"title\":\"登录日志\"},{\"businessType\":0,\"deptName\":\"系统部门\",\"jsonResult\":\"{\\\"code\\\":200,\\\"msg\\\":\\\"查询成功\\\",\\\"rows\\\":[],\\\"total\\\":0}\",\"method\":\"com.ruoyi.web.controller.proj_cyq.ClassLoginLogController.list()\",\"operId\":51,\"operIp\":\"127.0.0.1\",\"operName\":\"系统用户\",\"operParam\":\"{\\\"params\\\":{}}\",\"operTime\":\"2025-11-12 01:10:37\",\"operUrl\":\"/proj_cyq/loginlog/list\",\"operatorType\":1,\"params\":{},\"requestMethod\":\"GET\",\"status\":0,\"title\":\"登录日志\"},{\"businessType\":0,\"deptName\":\"系统部门\",\"jsonResult\":\"{\\\"code\\\":200,\\\"msg\\\":\\\"查询成功\\\",\\\"rows\\\":[{\\\"businessType\\\":3,\\\"deptName\\\":\\\"系统部门\\\",\\\"jsonResult\\\":\\\"{\\\\\\\"msg\\\\\\\":\\\\\\\"操作成功\\\\\\\",\\\\\\\"code\\\\\\\":200}\\\",\\\"method\\\":\\\"com.ruoyi.web.controller.proj_cyq.ClassOperLogController.remove()\\\",\\\"operId\\\":49,\\\"operIp\\\":\\\"127.0.0.1\\\",\\\"operName\\\":\\\"系统用户\\\",\\\"operParam\\\":\\\"[47]\\\",\\\"operTime\\\":\\\"2025-11-11 19:50:16\\\",\\\"operUrl\\\":\\\"/proj_cyq/operlog/47\\\",\\\"operatorType\\\":1,\\\"params\\\":{},\\\"requestMethod\\\":\\\"DELETE\\\",\\\"status\\\":0,\\\"title\\\":\\\"操作日志\\\"},{\\\"businessType\\\":0,\\\"deptName\\\":\\\"系统部门\\\",\\\"jsonResult\\\":\\\"{\\\\\\\"code\\\\\\\":200,\\\\\\\"msg\\\\\\\":\\\\\\\"查询成功\\\\\\\",\\\\\\\"rows\\\\\\\":[{\\\\\\\"businessType\\\\\\\":0,\\\\\\\"deptName\\\\\\\":\\\\\\\"系统部门\\\\\\\",\\\\\\\"jsonResult\\\\\\\":\\\\\\\"{\\\\\\\\\\\\\\\"code\\\\\\\\\\\\\\\":200,\\\\\\\\\\\\\\\"msg\\\\\\\\\\\\\\\":\\\\\\\\\\\\\\\"查询成功\\\\\\\\\\\\\\\",\\\\\\\\\\\\\\\"rows\\\\\\\\\\\\\\\":[{\\\\\\\\\\\\\\\"businessType\\\\\\\\\\\\\\\":0,\\\\\\\\\\\\\\\"deptName\\\\\\\\\\\\\\\":\\\\\\\\\\\\\\\"系统部门\\\\\\\\\\\\\\\",\\\\\\\\\\\\\\\"jsonResult\\\\\\\\\\\\\\\":\\\\\\\\\\\\\\\"{\\\\\\\\\\\\\\\\\\\\\\\\\\\\\\\"code\\\\\\\\\\\\\\\\\\\\\\\\\\\\\\\":200,\\\\\\\\\\\\\\\\\\\\\\\\\\\\\\\"msg\\\\\\\\\\\\\\\\\\\\\\\\\\\\\\\":\\\\\\\\\\\\\\\\\\\\\\\\\\\\\\\"查询成功\\\\\\\\\\\\\\\\\\\\\\\\\\\\\\\",\\\\\\\\\\\\\\\\\\\\\\\\\\\\\\\"rows\\\\\\\\\\\\\\\\\\\\\\\\\\\\\\\":[{\\\\\\\\\\\\\\\\\\\\\\\\\\\\\\\"businessType\\\\\\\\\\\\\\\\\\\\\\\\\\\\\\\":0,\\\\\\\\\\\\\\\\\\\\\\\\\\\\\\\"dep', 0, NULL, '2025-11-12 15:10:10');
INSERT INTO `class_oper_log` VALUES (54, '登录日志', 0, 'com.ruoyi.web.controller.proj_cyq.ClassLoginLogController.list()', 'GET', 1, '系统用户', '系统部门', '/proj_cyq/loginlog/list', '127.0.0.1', NULL, '{\"params\":{}}', '{\"code\":200,\"msg\":\"查询成功\",\"rows\":[],\"total\":0}', 0, NULL, '2025-11-12 15:10:12');
INSERT INTO `class_oper_log` VALUES (55, '操作日志', 0, 'com.ruoyi.web.controller.proj_cyq.ClassOperLogController.list()', 'GET', 1, '系统用户', '系统部门', '/proj_cyq/operlog/list', '127.0.0.1', NULL, '{\"params\":{}}', '{\"code\":200,\"msg\":\"查询成功\",\"rows\":[{\"businessType\":0,\"deptName\":\"系统部门\",\"jsonResult\":\"{\\\"code\\\":200,\\\"msg\\\":\\\"查询成功\\\",\\\"rows\\\":[],\\\"total\\\":0}\",\"method\":\"com.ruoyi.web.controller.proj_cyq.ClassLoginLogController.list()\",\"operId\":54,\"operIp\":\"127.0.0.1\",\"operName\":\"系统用户\",\"operParam\":\"{\\\"params\\\":{}}\",\"operTime\":\"2025-11-12 15:10:12\",\"operUrl\":\"/proj_cyq/loginlog/list\",\"operatorType\":1,\"params\":{},\"requestMethod\":\"GET\",\"status\":0,\"title\":\"登录日志\"},{\"businessType\":0,\"deptName\":\"系统部门\",\"jsonResult\":\"{\\\"code\\\":200,\\\"msg\\\":\\\"查询成功\\\",\\\"rows\\\":[{\\\"businessType\\\":0,\\\"deptName\\\":\\\"系统部门\\\",\\\"jsonResult\\\":\\\"{\\\\\\\"code\\\\\\\":200,\\\\\\\"msg\\\\\\\":\\\\\\\"查询成功\\\\\\\",\\\\\\\"rows\\\\\\\":[],\\\\\\\"total\\\\\\\":0}\\\",\\\"method\\\":\\\"com.ruoyi.web.controller.proj_cyq.ClassLoginLogController.list()\\\",\\\"operId\\\":52,\\\"operIp\\\":\\\"127.0.0.1\\\",\\\"operName\\\":\\\"系统用户\\\",\\\"operParam\\\":\\\"{\\\\\\\"params\\\\\\\":{}}\\\",\\\"operTime\\\":\\\"2025-11-12 01:24:46\\\",\\\"operUrl\\\":\\\"/proj_cyq/loginlog/list\\\",\\\"operatorType\\\":1,\\\"params\\\":{},\\\"requestMethod\\\":\\\"GET\\\",\\\"status\\\":0,\\\"title\\\":\\\"登录日志\\\"},{\\\"businessType\\\":0,\\\"deptName\\\":\\\"系统部门\\\",\\\"jsonResult\\\":\\\"{\\\\\\\"code\\\\\\\":200,\\\\\\\"msg\\\\\\\":\\\\\\\"查询成功\\\\\\\",\\\\\\\"rows\\\\\\\":[],\\\\\\\"total\\\\\\\":0}\\\",\\\"method\\\":\\\"com.ruoyi.web.controller.proj_cyq.ClassLoginLogController.list()\\\",\\\"operId\\\":51,\\\"operIp\\\":\\\"127.0.0.1\\\",\\\"operName\\\":\\\"系统用户\\\",\\\"operParam\\\":\\\"{\\\\\\\"params\\\\\\\":{}}\\\",\\\"operTime\\\":\\\"2025-11-12 01:10:37\\\",\\\"operUrl\\\":\\\"/proj_cyq/loginlog/list\\\",\\\"operatorType\\\":1,\\\"params\\\":{},\\\"requestMethod\\\":\\\"GET\\\",\\\"status\\\":0,\\\"title\\\":\\\"登录日志\\\"},{\\\"businessType\\\":0,\\\"deptName\\\":\\\"系统部门\\\",\\\"jsonResult\\\":\\\"{\\\\\\\"code\\\\\\\":200,\\\\\\\"msg\\\\\\\":\\\\\\\"查询成功\\\\\\\",\\\\\\\"rows\\\\\\\":[{\\\\\\\"businessType\\\\\\\":3,\\\\\\\"deptName\\\\\\\":\\\\\\\"系统部门\\\\\\\",\\\\\\\"jsonResult\\\\\\\":\\\\\\\"{\\\\\\\\\\\\\\\"msg\\\\\\\\\\\\\\\":\\\\\\\\\\\\\\\"操作成功\\\\\\\\\\\\\\\",\\\\\\\\\\\\\\\"code\\\\\\\\\\\\\\\":200}\\\\\\\",\\\\\\\"method\\\\\\\":\\\\\\\"com.ruoyi.web.controller.proj_cyq.ClassOperLogController.remove()\\\\\\\",\\\\\\\"operId\\\\\\\":49,\\\\\\\"operIp\\\\\\\":\\\\\\\"127.0.0.1\\\\\\\",\\\\\\\"operName\\\\\\\":\\\\\\\"系统用户\\\\\\\",\\\\\\\"operParam\\\\\\\":\\\\\\\"[47]\\\\\\\",\\\\\\\"operTime\\\\\\\":\\\\\\\"2025-11-', 0, NULL, '2025-11-12 15:51:07');
INSERT INTO `class_oper_log` VALUES (56, '登录日志', 0, 'com.ruoyi.web.controller.proj_cyq.ClassLoginLogController.list()', 'GET', 1, '系统用户', '系统部门', '/proj_cyq/loginlog/list', '127.0.0.1', NULL, '{\"params\":{}}', '{\"code\":200,\"msg\":\"查询成功\",\"rows\":[],\"total\":0}', 0, NULL, '2025-11-12 15:51:09');
INSERT INTO `class_oper_log` VALUES (57, '操作日志', 0, 'com.ruoyi.web.controller.proj_cyq.ClassOperLogController.list()', 'GET', 1, '系统用户', '系统部门', '/proj_cyq/operlog/list', '127.0.0.1', NULL, '{\"params\":{}}', '{\"code\":200,\"msg\":\"查询成功\",\"rows\":[{\"businessType\":0,\"deptName\":\"系统部门\",\"jsonResult\":\"{\\\"code\\\":200,\\\"msg\\\":\\\"查询成功\\\",\\\"rows\\\":[],\\\"total\\\":0}\",\"method\":\"com.ruoyi.web.controller.proj_cyq.ClassLoginLogController.list()\",\"operId\":56,\"operIp\":\"127.0.0.1\",\"operName\":\"系统用户\",\"operParam\":\"{\\\"params\\\":{}}\",\"operTime\":\"2025-11-12 15:51:09\",\"operUrl\":\"/proj_cyq/loginlog/list\",\"operatorType\":1,\"params\":{},\"requestMethod\":\"GET\",\"status\":0,\"title\":\"登录日志\"},{\"businessType\":0,\"deptName\":\"系统部门\",\"jsonResult\":\"{\\\"code\\\":200,\\\"msg\\\":\\\"查询成功\\\",\\\"rows\\\":[{\\\"businessType\\\":0,\\\"deptName\\\":\\\"系统部门\\\",\\\"jsonResult\\\":\\\"{\\\\\\\"code\\\\\\\":200,\\\\\\\"msg\\\\\\\":\\\\\\\"查询成功\\\\\\\",\\\\\\\"rows\\\\\\\":[],\\\\\\\"total\\\\\\\":0}\\\",\\\"method\\\":\\\"com.ruoyi.web.controller.proj_cyq.ClassLoginLogController.list()\\\",\\\"operId\\\":54,\\\"operIp\\\":\\\"127.0.0.1\\\",\\\"operName\\\":\\\"系统用户\\\",\\\"operParam\\\":\\\"{\\\\\\\"params\\\\\\\":{}}\\\",\\\"operTime\\\":\\\"2025-11-12 15:10:12\\\",\\\"operUrl\\\":\\\"/proj_cyq/loginlog/list\\\",\\\"operatorType\\\":1,\\\"params\\\":{},\\\"requestMethod\\\":\\\"GET\\\",\\\"status\\\":0,\\\"title\\\":\\\"登录日志\\\"},{\\\"businessType\\\":0,\\\"deptName\\\":\\\"系统部门\\\",\\\"jsonResult\\\":\\\"{\\\\\\\"code\\\\\\\":200,\\\\\\\"msg\\\\\\\":\\\\\\\"查询成功\\\\\\\",\\\\\\\"rows\\\\\\\":[{\\\\\\\"businessType\\\\\\\":0,\\\\\\\"deptName\\\\\\\":\\\\\\\"系统部门\\\\\\\",\\\\\\\"jsonResult\\\\\\\":\\\\\\\"{\\\\\\\\\\\\\\\"code\\\\\\\\\\\\\\\":200,\\\\\\\\\\\\\\\"msg\\\\\\\\\\\\\\\":\\\\\\\\\\\\\\\"查询成功\\\\\\\\\\\\\\\",\\\\\\\\\\\\\\\"rows\\\\\\\\\\\\\\\":[],\\\\\\\\\\\\\\\"total\\\\\\\\\\\\\\\":0}\\\\\\\",\\\\\\\"method\\\\\\\":\\\\\\\"com.ruoyi.web.controller.proj_cyq.ClassLoginLogController.list()\\\\\\\",\\\\\\\"operId\\\\\\\":52,\\\\\\\"operIp\\\\\\\":\\\\\\\"127.0.0.1\\\\\\\",\\\\\\\"operName\\\\\\\":\\\\\\\"系统用户\\\\\\\",\\\\\\\"operParam\\\\\\\":\\\\\\\"{\\\\\\\\\\\\\\\"params\\\\\\\\\\\\\\\":{}}\\\\\\\",\\\\\\\"operTime\\\\\\\":\\\\\\\"2025-11-12 01:24:46\\\\\\\",\\\\\\\"operUrl\\\\\\\":\\\\\\\"/proj_cyq/loginlog/list\\\\\\\",\\\\\\\"operatorType\\\\\\\":1,\\\\\\\"params\\\\\\\":{},\\\\\\\"requestMethod\\\\\\\":\\\\\\\"GET\\\\\\\",\\\\\\\"status\\\\\\\":0,\\\\\\\"title\\\\\\\":\\\\\\\"登录日志\\\\\\\"},{\\\\\\\"businessType\\\\\\\":0,\\\\\\\"deptName\\\\\\\":\\\\\\\"系统部门\\\\\\\",\\\\\\\"jsonResult\\\\\\\":\\\\\\\"{\\\\\\\\\\\\\\\"code\\\\\\\\\\\\\\\":200,\\\\\\\\\\\\\\\"msg\\\\\\\\\\\\\\\":\\\\\\\\\\\\\\\"查询成功\\\\\\\\\\\\\\\",\\\\\\\\\\\\\\\"rows\\\\\\\\\\\\\\\":[],\\\\\\\\\\\\\\\"total\\\\\\\\\\\\\\\":0}\\\\\\\",\\\\\\\"method\\\\\\\":\\\\\\\"com.ruoyi.web.c', 0, NULL, '2025-11-12 15:52:26');
INSERT INTO `class_oper_log` VALUES (58, '登录日志', 0, 'com.ruoyi.web.controller.proj_cyq.ClassLoginLogController.list()', 'GET', 1, '系统用户', '系统部门', '/proj_cyq/loginlog/list', '127.0.0.1', NULL, '{\"params\":{}}', '{\"code\":200,\"msg\":\"查询成功\",\"rows\":[],\"total\":0}', 0, NULL, '2025-11-12 15:52:27');
INSERT INTO `class_oper_log` VALUES (59, '登录日志', 0, 'com.ruoyi.web.controller.proj_cyq.ClassLoginLogController.list()', 'GET', 1, '系统用户', '系统部门', '/proj_cyq/loginlog/list', '127.0.0.1', NULL, '{\"params\":{}}', '{\"code\":200,\"msg\":\"查询成功\",\"rows\":[],\"total\":0}', 0, NULL, '2025-11-12 16:32:08');
INSERT INTO `class_oper_log` VALUES (60, '操作日志', 0, 'com.ruoyi.web.controller.proj_cyq.ClassOperLogController.list()', 'GET', 1, '系统用户', '系统部门', '/proj_cyq/operlog/list', '127.0.0.1', NULL, '{\"params\":{}}', '{\"code\":200,\"msg\":\"查询成功\",\"rows\":[{\"businessType\":0,\"deptName\":\"系统部门\",\"jsonResult\":\"{\\\"code\\\":200,\\\"msg\\\":\\\"查询成功\\\",\\\"rows\\\":[],\\\"total\\\":0}\",\"method\":\"com.ruoyi.web.controller.proj_cyq.ClassLoginLogController.list()\",\"operId\":59,\"operIp\":\"127.0.0.1\",\"operName\":\"系统用户\",\"operParam\":\"{\\\"params\\\":{}}\",\"operTime\":\"2025-11-12 16:32:08\",\"operUrl\":\"/proj_cyq/loginlog/list\",\"operatorType\":1,\"params\":{},\"requestMethod\":\"GET\",\"status\":0,\"title\":\"登录日志\"},{\"businessType\":0,\"deptName\":\"系统部门\",\"jsonResult\":\"{\\\"code\\\":200,\\\"msg\\\":\\\"查询成功\\\",\\\"rows\\\":[],\\\"total\\\":0}\",\"method\":\"com.ruoyi.web.controller.proj_cyq.ClassLoginLogController.list()\",\"operId\":58,\"operIp\":\"127.0.0.1\",\"operName\":\"系统用户\",\"operParam\":\"{\\\"params\\\":{}}\",\"operTime\":\"2025-11-12 15:52:27\",\"operUrl\":\"/proj_cyq/loginlog/list\",\"operatorType\":1,\"params\":{},\"requestMethod\":\"GET\",\"status\":0,\"title\":\"登录日志\"},{\"businessType\":0,\"deptName\":\"系统部门\",\"jsonResult\":\"{\\\"code\\\":200,\\\"msg\\\":\\\"查询成功\\\",\\\"rows\\\":[{\\\"businessType\\\":0,\\\"deptName\\\":\\\"系统部门\\\",\\\"jsonResult\\\":\\\"{\\\\\\\"code\\\\\\\":200,\\\\\\\"msg\\\\\\\":\\\\\\\"查询成功\\\\\\\",\\\\\\\"rows\\\\\\\":[],\\\\\\\"total\\\\\\\":0}\\\",\\\"method\\\":\\\"com.ruoyi.web.controller.proj_cyq.ClassLoginLogController.list()\\\",\\\"operId\\\":56,\\\"operIp\\\":\\\"127.0.0.1\\\",\\\"operName\\\":\\\"系统用户\\\",\\\"operParam\\\":\\\"{\\\\\\\"params\\\\\\\":{}}\\\",\\\"operTime\\\":\\\"2025-11-12 15:51:09\\\",\\\"operUrl\\\":\\\"/proj_cyq/loginlog/list\\\",\\\"operatorType\\\":1,\\\"params\\\":{},\\\"requestMethod\\\":\\\"GET\\\",\\\"status\\\":0,\\\"title\\\":\\\"登录日志\\\"},{\\\"businessType\\\":0,\\\"deptName\\\":\\\"系统部门\\\",\\\"jsonResult\\\":\\\"{\\\\\\\"code\\\\\\\":200,\\\\\\\"msg\\\\\\\":\\\\\\\"查询成功\\\\\\\",\\\\\\\"rows\\\\\\\":[{\\\\\\\"businessType\\\\\\\":0,\\\\\\\"deptName\\\\\\\":\\\\\\\"系统部门\\\\\\\",\\\\\\\"jsonResult\\\\\\\":\\\\\\\"{\\\\\\\\\\\\\\\"code\\\\\\\\\\\\\\\":200,\\\\\\\\\\\\\\\"msg\\\\\\\\\\\\\\\":\\\\\\\\\\\\\\\"查询成功\\\\\\\\\\\\\\\",\\\\\\\\\\\\\\\"rows\\\\\\\\\\\\\\\":[],\\\\\\\\\\\\\\\"total\\\\\\\\\\\\\\\":0}\\\\\\\",\\\\\\\"method\\\\\\\":\\\\\\\"com.ruoyi.web.controller.proj_cyq.ClassLoginLogController.list()\\\\\\\",\\\\\\\"operId\\\\\\\":54,\\\\\\\"operIp\\\\\\\":\\\\\\\"127.0.0.1\\\\\\\",\\\\\\\"operName\\\\\\\":\\\\\\\"系统用户\\\\\\\",\\\\\\\"operParam\\\\\\\":\\\\\\\"{\\\\\\\\\\\\\\\"params\\\\\\\\\\\\\\\":{}}\\\\\\\",\\\\\\\"operTime\\\\\\\":\\\\\\\"2025-11-12 1', 0, NULL, '2025-11-12 16:32:10');
INSERT INTO `class_oper_log` VALUES (61, '登录日志', 0, 'com.ruoyi.web.controller.proj_cyq.ClassLoginLogController.list()', 'GET', 1, '系统用户', '系统部门', '/proj_cyq/loginlog/list', '127.0.0.1', NULL, '{\"params\":{}}', '{\"code\":200,\"msg\":\"查询成功\",\"rows\":[],\"total\":0}', 0, NULL, '2025-11-12 16:32:16');
INSERT INTO `class_oper_log` VALUES (62, '登录日志', 0, 'com.ruoyi.web.controller.proj_cyq.ClassLoginLogController.list()', 'GET', 1, '系统用户', '系统部门', '/proj_cyq/loginlog/list', '127.0.0.1', NULL, '{\"params\":{}}', '{\"code\":200,\"msg\":\"查询成功\",\"rows\":[],\"total\":0}', 0, NULL, '2025-11-12 16:32:17');
INSERT INTO `class_oper_log` VALUES (63, '登录日志', 0, 'com.ruoyi.web.controller.proj_cyq.ClassLoginLogController.list()', 'GET', 1, '系统用户', '系统部门', '/proj_cyq/loginlog/list', '127.0.0.1', NULL, '{\"params\":{}}', '{\"code\":200,\"msg\":\"查询成功\",\"rows\":[],\"total\":0}', 0, NULL, '2025-11-12 16:32:17');
INSERT INTO `class_oper_log` VALUES (64, '登录日志', 0, 'com.ruoyi.web.controller.proj_cyq.ClassLoginLogController.list()', 'GET', 1, '系统用户', '系统部门', '/proj_cyq/loginlog/list', '127.0.0.1', NULL, '{\"params\":{}}', '{\"code\":200,\"msg\":\"查询成功\",\"rows\":[],\"total\":0}', 0, NULL, '2025-11-12 16:32:17');
INSERT INTO `class_oper_log` VALUES (65, '登录日志', 0, 'com.ruoyi.web.controller.proj_cyq.ClassLoginLogController.list()', 'GET', 1, '系统用户', '系统部门', '/proj_cyq/loginlog/list', '127.0.0.1', NULL, '{\"params\":{}}', '{\"code\":200,\"msg\":\"查询成功\",\"rows\":[],\"total\":0}', 0, NULL, '2025-11-12 16:32:18');
INSERT INTO `class_oper_log` VALUES (66, '登录日志', 0, 'com.ruoyi.web.controller.proj_cyq.ClassLoginLogController.list()', 'GET', 1, '系统用户', '系统部门', '/proj_cyq/loginlog/list', '127.0.0.1', NULL, '{\"params\":{}}', '{\"code\":200,\"msg\":\"查询成功\",\"rows\":[],\"total\":0}', 0, NULL, '2025-11-12 16:32:18');
INSERT INTO `class_oper_log` VALUES (67, '登录日志', 0, 'com.ruoyi.web.controller.proj_cyq.ClassLoginLogController.list()', 'GET', 1, '系统用户', '系统部门', '/proj_cyq/loginlog/list', '127.0.0.1', NULL, '{\"params\":{}}', '{\"code\":200,\"msg\":\"查询成功\",\"rows\":[],\"total\":0}', 0, NULL, '2025-11-12 16:32:19');
INSERT INTO `class_oper_log` VALUES (68, '登录日志', 0, 'com.ruoyi.web.controller.proj_cyq.ClassLoginLogController.list()', 'GET', 1, '系统用户', '系统部门', '/proj_cyq/loginlog/list', '127.0.0.1', NULL, '{\"params\":{}}', '{\"code\":200,\"msg\":\"查询成功\",\"rows\":[],\"total\":0}', 0, NULL, '2025-11-12 16:35:11');
INSERT INTO `class_oper_log` VALUES (69, '操作日志', 0, 'com.ruoyi.web.controller.proj_cyq.ClassOperLogController.list()', 'GET', 1, '系统用户', '系统部门', '/proj_cyq/operlog/list', '127.0.0.1', NULL, '{\"params\":{}}', '{\"code\":200,\"msg\":\"查询成功\",\"rows\":[{\"businessType\":0,\"deptName\":\"系统部门\",\"jsonResult\":\"{\\\"code\\\":200,\\\"msg\\\":\\\"查询成功\\\",\\\"rows\\\":[],\\\"total\\\":0}\",\"method\":\"com.ruoyi.web.controller.proj_cyq.ClassLoginLogController.list()\",\"operId\":68,\"operIp\":\"127.0.0.1\",\"operName\":\"系统用户\",\"operParam\":\"{\\\"params\\\":{}}\",\"operTime\":\"2025-11-12 16:35:11\",\"operUrl\":\"/proj_cyq/loginlog/list\",\"operatorType\":1,\"params\":{},\"requestMethod\":\"GET\",\"status\":0,\"title\":\"登录日志\"},{\"businessType\":0,\"deptName\":\"系统部门\",\"jsonResult\":\"{\\\"code\\\":200,\\\"msg\\\":\\\"查询成功\\\",\\\"rows\\\":[],\\\"total\\\":0}\",\"method\":\"com.ruoyi.web.controller.proj_cyq.ClassLoginLogController.list()\",\"operId\":67,\"operIp\":\"127.0.0.1\",\"operName\":\"系统用户\",\"operParam\":\"{\\\"params\\\":{}}\",\"operTime\":\"2025-11-12 16:32:19\",\"operUrl\":\"/proj_cyq/loginlog/list\",\"operatorType\":1,\"params\":{},\"requestMethod\":\"GET\",\"status\":0,\"title\":\"登录日志\"},{\"businessType\":0,\"deptName\":\"系统部门\",\"jsonResult\":\"{\\\"code\\\":200,\\\"msg\\\":\\\"查询成功\\\",\\\"rows\\\":[],\\\"total\\\":0}\",\"method\":\"com.ruoyi.web.controller.proj_cyq.ClassLoginLogController.list()\",\"operId\":66,\"operIp\":\"127.0.0.1\",\"operName\":\"系统用户\",\"operParam\":\"{\\\"params\\\":{}}\",\"operTime\":\"2025-11-12 16:32:18\",\"operUrl\":\"/proj_cyq/loginlog/list\",\"operatorType\":1,\"params\":{},\"requestMethod\":\"GET\",\"status\":0,\"title\":\"登录日志\"},{\"businessType\":0,\"deptName\":\"系统部门\",\"jsonResult\":\"{\\\"code\\\":200,\\\"msg\\\":\\\"查询成功\\\",\\\"rows\\\":[],\\\"total\\\":0}\",\"method\":\"com.ruoyi.web.controller.proj_cyq.ClassLoginLogController.list()\",\"operId\":65,\"operIp\":\"127.0.0.1\",\"operName\":\"系统用户\",\"operParam\":\"{\\\"params\\\":{}}\",\"operTime\":\"2025-11-12 16:32:18\",\"operUrl\":\"/proj_cyq/loginlog/list\",\"operatorType\":1,\"params\":{},\"requestMethod\":\"GET\",\"status\":0,\"title\":\"登录日志\"},{\"businessType\":0,\"deptName\":\"系统部门\",\"jsonResult\":\"{\\\"code\\\":200,\\\"msg\\\":\\\"查询成功\\\",\\\"rows\\\":[],\\\"total\\\":0}\",\"method\":\"com.ruoyi.web.controller.proj_cyq.ClassLoginLogController.list()\",\"operId\":64,\"operIp\":\"127.0.0.1\",\"operName\":\"系统用户\",\"operParam\":\"{\\\"params\\\":{}}\",\"operTime\":\"2025-11-12 16:32:17\",\"operUrl\":\"/proj_cyq/login', 0, NULL, '2025-11-12 16:35:13');
INSERT INTO `class_oper_log` VALUES (70, '操作日志', 0, 'com.ruoyi.web.controller.proj_cyq.ClassOperLogController.list()', 'GET', 1, '系统用户', '系统部门', '/proj_cyq/operlog/list', '127.0.0.1', NULL, '{\"params\":{}}', '{\"code\":200,\"msg\":\"查询成功\",\"rows\":[{\"businessType\":0,\"deptName\":\"系统部门\",\"jsonResult\":\"{\\\"code\\\":200,\\\"msg\\\":\\\"查询成功\\\",\\\"rows\\\":[{\\\"businessType\\\":0,\\\"deptName\\\":\\\"系统部门\\\",\\\"jsonResult\\\":\\\"{\\\\\\\"code\\\\\\\":200,\\\\\\\"msg\\\\\\\":\\\\\\\"查询成功\\\\\\\",\\\\\\\"rows\\\\\\\":[],\\\\\\\"total\\\\\\\":0}\\\",\\\"method\\\":\\\"com.ruoyi.web.controller.proj_cyq.ClassLoginLogController.list()\\\",\\\"operId\\\":68,\\\"operIp\\\":\\\"127.0.0.1\\\",\\\"operName\\\":\\\"系统用户\\\",\\\"operParam\\\":\\\"{\\\\\\\"params\\\\\\\":{}}\\\",\\\"operTime\\\":\\\"2025-11-12 16:35:11\\\",\\\"operUrl\\\":\\\"/proj_cyq/loginlog/list\\\",\\\"operatorType\\\":1,\\\"params\\\":{},\\\"requestMethod\\\":\\\"GET\\\",\\\"status\\\":0,\\\"title\\\":\\\"登录日志\\\"},{\\\"businessType\\\":0,\\\"deptName\\\":\\\"系统部门\\\",\\\"jsonResult\\\":\\\"{\\\\\\\"code\\\\\\\":200,\\\\\\\"msg\\\\\\\":\\\\\\\"查询成功\\\\\\\",\\\\\\\"rows\\\\\\\":[],\\\\\\\"total\\\\\\\":0}\\\",\\\"method\\\":\\\"com.ruoyi.web.controller.proj_cyq.ClassLoginLogController.list()\\\",\\\"operId\\\":67,\\\"operIp\\\":\\\"127.0.0.1\\\",\\\"operName\\\":\\\"系统用户\\\",\\\"operParam\\\":\\\"{\\\\\\\"params\\\\\\\":{}}\\\",\\\"operTime\\\":\\\"2025-11-12 16:32:19\\\",\\\"operUrl\\\":\\\"/proj_cyq/loginlog/list\\\",\\\"operatorType\\\":1,\\\"params\\\":{},\\\"requestMethod\\\":\\\"GET\\\",\\\"status\\\":0,\\\"title\\\":\\\"登录日志\\\"},{\\\"businessType\\\":0,\\\"deptName\\\":\\\"系统部门\\\",\\\"jsonResult\\\":\\\"{\\\\\\\"code\\\\\\\":200,\\\\\\\"msg\\\\\\\":\\\\\\\"查询成功\\\\\\\",\\\\\\\"rows\\\\\\\":[],\\\\\\\"total\\\\\\\":0}\\\",\\\"method\\\":\\\"com.ruoyi.web.controller.proj_cyq.ClassLoginLogController.list()\\\",\\\"operId\\\":66,\\\"operIp\\\":\\\"127.0.0.1\\\",\\\"operName\\\":\\\"系统用户\\\",\\\"operParam\\\":\\\"{\\\\\\\"params\\\\\\\":{}}\\\",\\\"operTime\\\":\\\"2025-11-12 16:32:18\\\",\\\"operUrl\\\":\\\"/proj_cyq/loginlog/list\\\",\\\"operatorType\\\":1,\\\"params\\\":{},\\\"requestMethod\\\":\\\"GET\\\",\\\"status\\\":0,\\\"title\\\":\\\"登录日志\\\"},{\\\"businessType\\\":0,\\\"deptName\\\":\\\"系统部门\\\",\\\"jsonResult\\\":\\\"{\\\\\\\"code\\\\\\\":200,\\\\\\\"msg\\\\\\\":\\\\\\\"查询成功\\\\\\\",\\\\\\\"rows\\\\\\\":[],\\\\\\\"total\\\\\\\":0}\\\",\\\"method\\\":\\\"com.ruoyi.web.controller.proj_cyq.ClassLoginLogController.list()\\\",\\\"operId\\\":65,\\\"operIp\\\":\\\"127.0.0.1\\\",\\\"operName\\\":\\\"系统用户\\\",\\\"operParam\\\":\\\"{\\\\\\\"params\\\\\\\":{}}\\\",\\\"operTime\\\":\\\"2025-11-12 16:32:18\\\",\\\"operUrl\\\":\\\"/proj_cyq/loginlog/list\\\",\\\"operatorType\\\":1,\\\"params\\', 0, NULL, '2025-11-12 17:01:57');
INSERT INTO `class_oper_log` VALUES (71, '登录日志', 0, 'com.ruoyi.web.controller.proj_cyq.ClassLoginLogController.list()', 'GET', 1, '系统用户', '系统部门', '/proj_cyq/loginlog/list', '127.0.0.1', NULL, '{\"params\":{}}', '{\"code\":200,\"msg\":\"查询成功\",\"rows\":[],\"total\":0}', 0, NULL, '2025-11-12 17:01:59');
INSERT INTO `class_oper_log` VALUES (72, '登录日志', 0, 'com.ruoyi.web.controller.proj_cyq.ClassLoginLogController.list()', 'GET', 1, '系统用户', '系统部门', '/proj_cyq/loginlog/list', '127.0.0.1', NULL, '{\"params\":{}}', '{\"code\":200,\"msg\":\"查询成功\",\"rows\":[],\"total\":0}', 0, NULL, '2025-11-12 17:02:01');
INSERT INTO `class_oper_log` VALUES (73, '操作日志', 0, 'com.ruoyi.web.controller.proj_cyq.ClassOperLogController.list()', 'GET', 1, '系统用户', '系统部门', '/proj_cyq/operlog/list', '127.0.0.1', NULL, '{\"params\":{}}', '{\"code\":200,\"msg\":\"查询成功\",\"rows\":[{\"businessType\":0,\"deptName\":\"系统部门\",\"jsonResult\":\"{\\\"code\\\":200,\\\"msg\\\":\\\"查询成功\\\",\\\"rows\\\":[],\\\"total\\\":0}\",\"method\":\"com.ruoyi.web.controller.proj_cyq.ClassLoginLogController.list()\",\"operId\":72,\"operIp\":\"127.0.0.1\",\"operName\":\"系统用户\",\"operParam\":\"{\\\"params\\\":{}}\",\"operTime\":\"2025-11-12 17:02:01\",\"operUrl\":\"/proj_cyq/loginlog/list\",\"operatorType\":1,\"params\":{},\"requestMethod\":\"GET\",\"status\":0,\"title\":\"登录日志\"},{\"businessType\":0,\"deptName\":\"系统部门\",\"jsonResult\":\"{\\\"code\\\":200,\\\"msg\\\":\\\"查询成功\\\",\\\"rows\\\":[],\\\"total\\\":0}\",\"method\":\"com.ruoyi.web.controller.proj_cyq.ClassLoginLogController.list()\",\"operId\":71,\"operIp\":\"127.0.0.1\",\"operName\":\"系统用户\",\"operParam\":\"{\\\"params\\\":{}}\",\"operTime\":\"2025-11-12 17:01:59\",\"operUrl\":\"/proj_cyq/loginlog/list\",\"operatorType\":1,\"params\":{},\"requestMethod\":\"GET\",\"status\":0,\"title\":\"登录日志\"},{\"businessType\":0,\"deptName\":\"系统部门\",\"jsonResult\":\"{\\\"code\\\":200,\\\"msg\\\":\\\"查询成功\\\",\\\"rows\\\":[{\\\"businessType\\\":0,\\\"deptName\\\":\\\"系统部门\\\",\\\"jsonResult\\\":\\\"{\\\\\\\"code\\\\\\\":200,\\\\\\\"msg\\\\\\\":\\\\\\\"查询成功\\\\\\\",\\\\\\\"rows\\\\\\\":[{\\\\\\\"businessType\\\\\\\":0,\\\\\\\"deptName\\\\\\\":\\\\\\\"系统部门\\\\\\\",\\\\\\\"jsonResult\\\\\\\":\\\\\\\"{\\\\\\\\\\\\\\\"code\\\\\\\\\\\\\\\":200,\\\\\\\\\\\\\\\"msg\\\\\\\\\\\\\\\":\\\\\\\\\\\\\\\"查询成功\\\\\\\\\\\\\\\",\\\\\\\\\\\\\\\"rows\\\\\\\\\\\\\\\":[],\\\\\\\\\\\\\\\"total\\\\\\\\\\\\\\\":0}\\\\\\\",\\\\\\\"method\\\\\\\":\\\\\\\"com.ruoyi.web.controller.proj_cyq.ClassLoginLogController.list()\\\\\\\",\\\\\\\"operId\\\\\\\":68,\\\\\\\"operIp\\\\\\\":\\\\\\\"127.0.0.1\\\\\\\",\\\\\\\"operName\\\\\\\":\\\\\\\"系统用户\\\\\\\",\\\\\\\"operParam\\\\\\\":\\\\\\\"{\\\\\\\\\\\\\\\"params\\\\\\\\\\\\\\\":{}}\\\\\\\",\\\\\\\"operTime\\\\\\\":\\\\\\\"2025-11-12 16:35:11\\\\\\\",\\\\\\\"operUrl\\\\\\\":\\\\\\\"/proj_cyq/loginlog/list\\\\\\\",\\\\\\\"operatorType\\\\\\\":1,\\\\\\\"params\\\\\\\":{},\\\\\\\"requestMethod\\\\\\\":\\\\\\\"GET\\\\\\\",\\\\\\\"status\\\\\\\":0,\\\\\\\"title\\\\\\\":\\\\\\\"登录日志\\\\\\\"},{\\\\\\\"businessType\\\\\\\":0,\\\\\\\"deptName\\\\\\\":\\\\\\\"系统部门\\\\\\\",\\\\\\\"jsonResult\\\\\\\":\\\\\\\"{\\\\\\\\\\\\\\\"code\\\\\\\\\\\\\\\":200,\\\\\\\\\\\\\\\"msg\\\\\\\\\\\\\\\":\\\\\\\\\\\\\\\"查询成功\\\\\\\\\\\\\\\",\\\\\\\\\\\\\\\"rows\\\\\\\\\\\\\\\":[],\\\\\\\\\\\\\\\"total\\\\\\\\\\\\\\\":0}\\\\\\\",\\\\\\\"method\\\\\\\":\\\\\\\"com.ruoyi.web.controller.proj_cyq.ClassLoginLogController.list()\\\\\\\",\\\\\\\"operId\\\\\\\":67,\\\\', 0, NULL, '2025-11-12 17:02:29');
INSERT INTO `class_oper_log` VALUES (74, '登录日志', 0, 'com.ruoyi.web.controller.proj_cyq.ClassLoginLogController.list()', 'GET', 1, '系统用户', '系统部门', '/proj_cyq/loginlog/list', '127.0.0.1', NULL, '{\"params\":{}}', '{\"code\":200,\"msg\":\"查询成功\",\"rows\":[],\"total\":0}', 0, NULL, '2025-11-12 17:02:31');
INSERT INTO `class_oper_log` VALUES (75, '登录日志', 0, 'com.ruoyi.web.controller.proj_cyq.ClassLoginLogController.list()', 'GET', 1, '系统用户', '系统部门', '/proj_cyq/loginlog/list', '127.0.0.1', NULL, '{\"params\":{}}', '{\"code\":200,\"msg\":\"查询成功\",\"rows\":[],\"total\":0}', 0, NULL, '2025-11-12 17:02:39');
INSERT INTO `class_oper_log` VALUES (76, '登录日志', 0, 'com.ruoyi.web.controller.proj_cyq.ClassLoginLogController.list()', 'GET', 1, '系统用户', '系统部门', '/proj_cyq/loginlog/list', '127.0.0.1', NULL, '{\"params\":{}}', '{\"code\":200,\"msg\":\"查询成功\",\"rows\":[],\"total\":0}', 0, NULL, '2025-11-12 17:02:39');
INSERT INTO `class_oper_log` VALUES (77, '登录日志', 0, 'com.ruoyi.web.controller.proj_cyq.ClassLoginLogController.list()', 'GET', 1, '系统用户', '系统部门', '/proj_cyq/loginlog/list', '127.0.0.1', NULL, '{\"params\":{}}', '{\"code\":200,\"msg\":\"查询成功\",\"rows\":[],\"total\":0}', 0, NULL, '2025-11-12 17:02:39');
INSERT INTO `class_oper_log` VALUES (78, '登录日志', 0, 'com.ruoyi.web.controller.proj_cyq.ClassLoginLogController.list()', 'GET', 1, '系统用户', '系统部门', '/proj_cyq/loginlog/list', '127.0.0.1', NULL, '{\"params\":{}}', '{\"code\":200,\"msg\":\"查询成功\",\"rows\":[],\"total\":0}', 0, NULL, '2025-11-12 17:11:56');
INSERT INTO `class_oper_log` VALUES (79, '登录日志', 0, 'com.ruoyi.web.controller.proj_cyq.ClassLoginLogController.list()', 'GET', 1, '系统用户', '系统部门', '/proj_cyq/loginlog/list', '127.0.0.1', NULL, '{\"params\":{}}', '{\"code\":200,\"msg\":\"查询成功\",\"rows\":[],\"total\":0}', 0, NULL, '2025-11-12 17:12:32');
INSERT INTO `class_oper_log` VALUES (80, '操作日志', 0, 'com.ruoyi.web.controller.proj_cyq.ClassOperLogController.list()', 'GET', 1, '系统用户', '系统部门', '/proj_cyq/operlog/list', '127.0.0.1', NULL, '{\"params\":{}}', '{\"code\":200,\"msg\":\"查询成功\",\"rows\":[{\"businessType\":0,\"deptName\":\"系统部门\",\"jsonResult\":\"{\\\"code\\\":200,\\\"msg\\\":\\\"查询成功\\\",\\\"rows\\\":[],\\\"total\\\":0}\",\"method\":\"com.ruoyi.web.controller.proj_cyq.ClassLoginLogController.list()\",\"operId\":79,\"operIp\":\"127.0.0.1\",\"operName\":\"系统用户\",\"operParam\":\"{\\\"params\\\":{}}\",\"operTime\":\"2025-11-12 17:12:32\",\"operUrl\":\"/proj_cyq/loginlog/list\",\"operatorType\":1,\"params\":{},\"requestMethod\":\"GET\",\"status\":0,\"title\":\"登录日志\"},{\"businessType\":0,\"deptName\":\"系统部门\",\"jsonResult\":\"{\\\"code\\\":200,\\\"msg\\\":\\\"查询成功\\\",\\\"rows\\\":[],\\\"total\\\":0}\",\"method\":\"com.ruoyi.web.controller.proj_cyq.ClassLoginLogController.list()\",\"operId\":78,\"operIp\":\"127.0.0.1\",\"operName\":\"系统用户\",\"operParam\":\"{\\\"params\\\":{}}\",\"operTime\":\"2025-11-12 17:11:56\",\"operUrl\":\"/proj_cyq/loginlog/list\",\"operatorType\":1,\"params\":{},\"requestMethod\":\"GET\",\"status\":0,\"title\":\"登录日志\"},{\"businessType\":0,\"deptName\":\"系统部门\",\"jsonResult\":\"{\\\"code\\\":200,\\\"msg\\\":\\\"查询成功\\\",\\\"rows\\\":[],\\\"total\\\":0}\",\"method\":\"com.ruoyi.web.controller.proj_cyq.ClassLoginLogController.list()\",\"operId\":77,\"operIp\":\"127.0.0.1\",\"operName\":\"系统用户\",\"operParam\":\"{\\\"params\\\":{}}\",\"operTime\":\"2025-11-12 17:02:39\",\"operUrl\":\"/proj_cyq/loginlog/list\",\"operatorType\":1,\"params\":{},\"requestMethod\":\"GET\",\"status\":0,\"title\":\"登录日志\"},{\"businessType\":0,\"deptName\":\"系统部门\",\"jsonResult\":\"{\\\"code\\\":200,\\\"msg\\\":\\\"查询成功\\\",\\\"rows\\\":[],\\\"total\\\":0}\",\"method\":\"com.ruoyi.web.controller.proj_cyq.ClassLoginLogController.list()\",\"operId\":76,\"operIp\":\"127.0.0.1\",\"operName\":\"系统用户\",\"operParam\":\"{\\\"params\\\":{}}\",\"operTime\":\"2025-11-12 17:02:39\",\"operUrl\":\"/proj_cyq/loginlog/list\",\"operatorType\":1,\"params\":{},\"requestMethod\":\"GET\",\"status\":0,\"title\":\"登录日志\"},{\"businessType\":0,\"deptName\":\"系统部门\",\"jsonResult\":\"{\\\"code\\\":200,\\\"msg\\\":\\\"查询成功\\\",\\\"rows\\\":[],\\\"total\\\":0}\",\"method\":\"com.ruoyi.web.controller.proj_cyq.ClassLoginLogController.list()\",\"operId\":75,\"operIp\":\"127.0.0.1\",\"operName\":\"系统用户\",\"operParam\":\"{\\\"params\\\":{}}\",\"operTime\":\"2025-11-12 17:02:39\",\"operUrl\":\"/proj_cyq/login', 0, NULL, '2025-11-12 17:12:36');
INSERT INTO `class_oper_log` VALUES (81, '登录日志', 0, 'com.ruoyi.web.controller.proj_cyq.ClassLoginLogController.list()', 'GET', 1, '系统用户', '系统部门', '/proj_cyq/loginlog/list', '127.0.0.1', NULL, '{\"params\":{}}', '{\"code\":200,\"msg\":\"查询成功\",\"rows\":[],\"total\":0}', 0, NULL, '2025-11-12 17:17:05');
INSERT INTO `class_oper_log` VALUES (82, '登录日志', 0, 'com.ruoyi.web.controller.proj_cyq.ClassLoginLogController.list()', 'GET', 1, '系统用户', '系统部门', '/proj_cyq/loginlog/list', '127.0.0.1', NULL, '{\"params\":{}}', '{\"code\":200,\"msg\":\"查询成功\",\"rows\":[{\"browser\":\"Unknown\",\"ipaddr\":\"未知\",\"loginId\":1,\"loginLocation\":\"未知\",\"loginTime\":\"2025-11-12 17:17:27\",\"msg\":\"登录成功\",\"os\":\"Unknown\",\"params\":{},\"status\":0,\"userName\":\"teacher_zhang\"}],\"total\":1}', 0, NULL, '2025-11-12 17:17:32');
INSERT INTO `class_oper_log` VALUES (83, '登录日志', 0, 'com.ruoyi.web.controller.proj_cyq.ClassLoginLogController.list()', 'GET', 1, '系统用户', '系统部门', '/proj_cyq/loginlog/list', '127.0.0.1', NULL, '{\"params\":{}}', '{\"code\":200,\"msg\":\"查询成功\",\"rows\":[{\"browser\":\"Unknown\",\"ipaddr\":\"未知\",\"loginId\":2,\"loginLocation\":\"未知\",\"loginTime\":\"2025-11-12 17:18:07\",\"msg\":\"登录成功\",\"os\":\"Unknown\",\"params\":{},\"status\":0,\"userName\":\"admin\"},{\"browser\":\"Unknown\",\"ipaddr\":\"未知\",\"loginId\":1,\"loginLocation\":\"未知\",\"loginTime\":\"2025-11-12 17:17:27\",\"msg\":\"登录成功\",\"os\":\"Unknown\",\"params\":{},\"status\":0,\"userName\":\"teacher_zhang\"}],\"total\":2}', 0, NULL, '2025-11-12 17:18:15');
INSERT INTO `class_oper_log` VALUES (84, '登录日志', 0, 'com.ruoyi.web.controller.proj_cyq.ClassLoginLogController.list()', 'GET', 1, '系统用户', '系统部门', '/proj_cyq/loginlog/list', '127.0.0.1', NULL, '{\"params\":{}}', '{\"code\":200,\"msg\":\"查询成功\",\"rows\":[{\"browser\":\"Unknown\",\"ipaddr\":\"未知\",\"loginId\":2,\"loginLocation\":\"未知\",\"loginTime\":\"2025-11-12 17:18:07\",\"msg\":\"登录成功\",\"os\":\"Unknown\",\"params\":{},\"status\":0,\"userName\":\"admin\"},{\"browser\":\"Unknown\",\"ipaddr\":\"未知\",\"loginId\":1,\"loginLocation\":\"未知\",\"loginTime\":\"2025-11-12 17:17:27\",\"msg\":\"登录成功\",\"os\":\"Unknown\",\"params\":{},\"status\":0,\"userName\":\"teacher_zhang\"}],\"total\":2}', 0, NULL, '2025-11-12 17:36:15');
INSERT INTO `class_oper_log` VALUES (85, '登录日志', 0, 'com.ruoyi.web.controller.proj_cyq.ClassLoginLogController.list()', 'GET', 1, '系统用户', '系统部门', '/proj_cyq/loginlog/list', '127.0.0.1', NULL, '{\"params\":{}}', '{\"code\":200,\"msg\":\"查询成功\",\"rows\":[{\"browser\":\"Unknown\",\"ipaddr\":\"未知\",\"loginId\":3,\"loginLocation\":\"未知\",\"loginTime\":\"2025-11-12 17:36:34\",\"msg\":\"登录成功\",\"os\":\"Unknown\",\"params\":{},\"status\":0,\"userName\":\"teacher_zhang\"},{\"browser\":\"Unknown\",\"ipaddr\":\"未知\",\"loginId\":2,\"loginLocation\":\"未知\",\"loginTime\":\"2025-11-12 17:18:07\",\"msg\":\"登录成功\",\"os\":\"Unknown\",\"params\":{},\"status\":0,\"userName\":\"admin\"},{\"browser\":\"Unknown\",\"ipaddr\":\"未知\",\"loginId\":1,\"loginLocation\":\"未知\",\"loginTime\":\"2025-11-12 17:17:27\",\"msg\":\"登录成功\",\"os\":\"Unknown\",\"params\":{},\"status\":0,\"userName\":\"teacher_zhang\"}],\"total\":3}', 0, NULL, '2025-11-12 17:36:42');
INSERT INTO `class_oper_log` VALUES (86, '操作日志', 0, 'com.ruoyi.web.controller.proj_cyq.ClassOperLogController.list()', 'GET', 1, '系统用户', '系统部门', '/proj_cyq/operlog/list', '127.0.0.1', NULL, '{\"params\":{}}', '{\"code\":200,\"msg\":\"查询成功\",\"rows\":[{\"businessType\":0,\"deptName\":\"系统部门\",\"jsonResult\":\"{\\\"code\\\":200,\\\"msg\\\":\\\"查询成功\\\",\\\"rows\\\":[{\\\"browser\\\":\\\"Unknown\\\",\\\"ipaddr\\\":\\\"未知\\\",\\\"loginId\\\":3,\\\"loginLocation\\\":\\\"未知\\\",\\\"loginTime\\\":\\\"2025-11-12 17:36:34\\\",\\\"msg\\\":\\\"登录成功\\\",\\\"os\\\":\\\"Unknown\\\",\\\"params\\\":{},\\\"status\\\":0,\\\"userName\\\":\\\"teacher_zhang\\\"},{\\\"browser\\\":\\\"Unknown\\\",\\\"ipaddr\\\":\\\"未知\\\",\\\"loginId\\\":2,\\\"loginLocation\\\":\\\"未知\\\",\\\"loginTime\\\":\\\"2025-11-12 17:18:07\\\",\\\"msg\\\":\\\"登录成功\\\",\\\"os\\\":\\\"Unknown\\\",\\\"params\\\":{},\\\"status\\\":0,\\\"userName\\\":\\\"admin\\\"},{\\\"browser\\\":\\\"Unknown\\\",\\\"ipaddr\\\":\\\"未知\\\",\\\"loginId\\\":1,\\\"loginLocation\\\":\\\"未知\\\",\\\"loginTime\\\":\\\"2025-11-12 17:17:27\\\",\\\"msg\\\":\\\"登录成功\\\",\\\"os\\\":\\\"Unknown\\\",\\\"params\\\":{},\\\"status\\\":0,\\\"userName\\\":\\\"teacher_zhang\\\"}],\\\"total\\\":3}\",\"method\":\"com.ruoyi.web.controller.proj_cyq.ClassLoginLogController.list()\",\"operId\":85,\"operIp\":\"127.0.0.1\",\"operName\":\"系统用户\",\"operParam\":\"{\\\"params\\\":{}}\",\"operTime\":\"2025-11-12 17:36:42\",\"operUrl\":\"/proj_cyq/loginlog/list\",\"operatorType\":1,\"params\":{},\"requestMethod\":\"GET\",\"status\":0,\"title\":\"登录日志\"},{\"businessType\":0,\"deptName\":\"系统部门\",\"jsonResult\":\"{\\\"code\\\":200,\\\"msg\\\":\\\"查询成功\\\",\\\"rows\\\":[{\\\"browser\\\":\\\"Unknown\\\",\\\"ipaddr\\\":\\\"未知\\\",\\\"loginId\\\":2,\\\"loginLocation\\\":\\\"未知\\\",\\\"loginTime\\\":\\\"2025-11-12 17:18:07\\\",\\\"msg\\\":\\\"登录成功\\\",\\\"os\\\":\\\"Unknown\\\",\\\"params\\\":{},\\\"status\\\":0,\\\"userName\\\":\\\"admin\\\"},{\\\"browser\\\":\\\"Unknown\\\",\\\"ipaddr\\\":\\\"未知\\\",\\\"loginId\\\":1,\\\"loginLocation\\\":\\\"未知\\\",\\\"loginTime\\\":\\\"2025-11-12 17:17:27\\\",\\\"msg\\\":\\\"登录成功\\\",\\\"os\\\":\\\"Unknown\\\",\\\"params\\\":{},\\\"status\\\":0,\\\"userName\\\":\\\"teacher_zhang\\\"}],\\\"total\\\":2}\",\"method\":\"com.ruoyi.web.controller.proj_cyq.ClassLoginLogController.list()\",\"operId\":84,\"operIp\":\"127.0.0.1\",\"operName\":\"系统用户\",\"operParam\":\"{\\\"params\\\":{}}\",\"operTime\":\"2025-11-12 17:36:15\",\"operUrl\":\"/proj_cyq/loginlog/list\",\"operatorType\":1,\"params\":{},\"requestMethod\":\"GET\",\"status\":0,\"title\":\"登录日志\"},{\"businessType\":0,\"deptName\":\"系统部门\",\"jsonResult\":\"{\\\"code\\\":200,\\\"msg\\\":\\\"查询成功\\\",\\\"rows\\', 0, NULL, '2025-11-12 17:37:10');
INSERT INTO `class_oper_log` VALUES (87, '登录日志', 0, 'com.ruoyi.web.controller.proj_cyq.ClassLoginLogController.list()', 'GET', 1, '系统用户', '系统部门', '/proj_cyq/loginlog/list', '127.0.0.1', NULL, '{\"params\":{}}', '{\"code\":200,\"msg\":\"查询成功\",\"rows\":[{\"browser\":\"Unknown\",\"ipaddr\":\"未知\",\"loginId\":6,\"loginLocation\":\"未知\",\"loginTime\":\"2025-11-12 17:37:27\",\"msg\":\"登录成功\",\"os\":\"Unknown\",\"params\":{},\"status\":0,\"userName\":\"teacher_zhang\"},{\"browser\":\"Unknown\",\"ipaddr\":\"未知\",\"loginId\":5,\"loginLocation\":\"未知\",\"loginTime\":\"2025-11-12 17:37:25\",\"msg\":\"验证码错误\",\"os\":\"Unknown\",\"params\":{},\"status\":1,\"userName\":\"teacher_zhang\"},{\"browser\":\"Unknown\",\"ipaddr\":\"未知\",\"loginId\":4,\"loginLocation\":\"未知\",\"loginTime\":\"2025-11-12 17:37:21\",\"msg\":\"验证码错误\",\"os\":\"Unknown\",\"params\":{},\"status\":1,\"userName\":\"teacher_zhang\"},{\"browser\":\"Unknown\",\"ipaddr\":\"未知\",\"loginId\":3,\"loginLocation\":\"未知\",\"loginTime\":\"2025-11-12 17:36:34\",\"msg\":\"登录成功\",\"os\":\"Unknown\",\"params\":{},\"status\":0,\"userName\":\"teacher_zhang\"},{\"browser\":\"Unknown\",\"ipaddr\":\"未知\",\"loginId\":2,\"loginLocation\":\"未知\",\"loginTime\":\"2025-11-12 17:18:07\",\"msg\":\"登录成功\",\"os\":\"Unknown\",\"params\":{},\"status\":0,\"userName\":\"admin\"},{\"browser\":\"Unknown\",\"ipaddr\":\"未知\",\"loginId\":1,\"loginLocation\":\"未知\",\"loginTime\":\"2025-11-12 17:17:27\",\"msg\":\"登录成功\",\"os\":\"Unknown\",\"params\":{},\"status\":0,\"userName\":\"teacher_zhang\"}],\"total\":6}', 0, NULL, '2025-11-12 17:37:31');
INSERT INTO `class_oper_log` VALUES (88, '登录日志', 0, 'com.ruoyi.web.controller.proj_cyq.ClassLoginLogController.list()', 'GET', 1, '系统用户', '系统部门', '/proj_cyq/loginlog/list', '127.0.0.1', NULL, '{\"params\":{}}', '{\"code\":200,\"msg\":\"查询成功\",\"rows\":[{\"browser\":\"Unknown\",\"ipaddr\":\"未知\",\"loginId\":8,\"loginLocation\":\"未知\",\"loginTime\":\"2025-11-12 17:37:56\",\"msg\":\"登录成功\",\"os\":\"Unknown\",\"params\":{},\"status\":0,\"userName\":\"teacher_zhang\"},{\"browser\":\"Unknown\",\"ipaddr\":\"未知\",\"loginId\":7,\"loginLocation\":\"未知\",\"loginTime\":\"2025-11-12 17:37:50\",\"msg\":\"用户不存在/密码错误\",\"os\":\"Unknown\",\"params\":{},\"status\":1,\"userName\":\"teacher_zhang\"},{\"browser\":\"Unknown\",\"ipaddr\":\"未知\",\"loginId\":6,\"loginLocation\":\"未知\",\"loginTime\":\"2025-11-12 17:37:27\",\"msg\":\"登录成功\",\"os\":\"Unknown\",\"params\":{},\"status\":0,\"userName\":\"teacher_zhang\"},{\"browser\":\"Unknown\",\"ipaddr\":\"未知\",\"loginId\":5,\"loginLocation\":\"未知\",\"loginTime\":\"2025-11-12 17:37:25\",\"msg\":\"验证码错误\",\"os\":\"Unknown\",\"params\":{},\"status\":1,\"userName\":\"teacher_zhang\"},{\"browser\":\"Unknown\",\"ipaddr\":\"未知\",\"loginId\":4,\"loginLocation\":\"未知\",\"loginTime\":\"2025-11-12 17:37:21\",\"msg\":\"验证码错误\",\"os\":\"Unknown\",\"params\":{},\"status\":1,\"userName\":\"teacher_zhang\"},{\"browser\":\"Unknown\",\"ipaddr\":\"未知\",\"loginId\":3,\"loginLocation\":\"未知\",\"loginTime\":\"2025-11-12 17:36:34\",\"msg\":\"登录成功\",\"os\":\"Unknown\",\"params\":{},\"status\":0,\"userName\":\"teacher_zhang\"},{\"browser\":\"Unknown\",\"ipaddr\":\"未知\",\"loginId\":2,\"loginLocation\":\"未知\",\"loginTime\":\"2025-11-12 17:18:07\",\"msg\":\"登录成功\",\"os\":\"Unknown\",\"params\":{},\"status\":0,\"userName\":\"admin\"},{\"browser\":\"Unknown\",\"ipaddr\":\"未知\",\"loginId\":1,\"loginLocation\":\"未知\",\"loginTime\":\"2025-11-12 17:17:27\",\"msg\":\"登录成功\",\"os\":\"Unknown\",\"params\":{},\"status\":0,\"userName\":\"teacher_zhang\"}],\"total\":8}', 0, NULL, '2025-11-12 17:38:00');
INSERT INTO `class_oper_log` VALUES (89, '登录日志', 0, 'com.ruoyi.web.controller.proj_cyq.ClassLoginLogController.list()', 'GET', 1, '系统用户', '系统部门', '/proj_cyq/loginlog/list', '127.0.0.1', NULL, '{\"params\":{}}', '{\"code\":200,\"msg\":\"查询成功\",\"rows\":[{\"browser\":\"Unknown\",\"ipaddr\":\"未知\",\"loginId\":8,\"loginLocation\":\"未知\",\"loginTime\":\"2025-11-12 17:37:56\",\"msg\":\"登录成功\",\"os\":\"Unknown\",\"params\":{},\"status\":0,\"userName\":\"teacher_zhang\"},{\"browser\":\"Unknown\",\"ipaddr\":\"未知\",\"loginId\":7,\"loginLocation\":\"未知\",\"loginTime\":\"2025-11-12 17:37:50\",\"msg\":\"用户不存在/密码错误\",\"os\":\"Unknown\",\"params\":{},\"status\":1,\"userName\":\"teacher_zhang\"},{\"browser\":\"Unknown\",\"ipaddr\":\"未知\",\"loginId\":6,\"loginLocation\":\"未知\",\"loginTime\":\"2025-11-12 17:37:27\",\"msg\":\"登录成功\",\"os\":\"Unknown\",\"params\":{},\"status\":0,\"userName\":\"teacher_zhang\"},{\"browser\":\"Unknown\",\"ipaddr\":\"未知\",\"loginId\":5,\"loginLocation\":\"未知\",\"loginTime\":\"2025-11-12 17:37:25\",\"msg\":\"验证码错误\",\"os\":\"Unknown\",\"params\":{},\"status\":1,\"userName\":\"teacher_zhang\"},{\"browser\":\"Unknown\",\"ipaddr\":\"未知\",\"loginId\":4,\"loginLocation\":\"未知\",\"loginTime\":\"2025-11-12 17:37:21\",\"msg\":\"验证码错误\",\"os\":\"Unknown\",\"params\":{},\"status\":1,\"userName\":\"teacher_zhang\"},{\"browser\":\"Unknown\",\"ipaddr\":\"未知\",\"loginId\":3,\"loginLocation\":\"未知\",\"loginTime\":\"2025-11-12 17:36:34\",\"msg\":\"登录成功\",\"os\":\"Unknown\",\"params\":{},\"status\":0,\"userName\":\"teacher_zhang\"},{\"browser\":\"Unknown\",\"ipaddr\":\"未知\",\"loginId\":2,\"loginLocation\":\"未知\",\"loginTime\":\"2025-11-12 17:18:07\",\"msg\":\"登录成功\",\"os\":\"Unknown\",\"params\":{},\"status\":0,\"userName\":\"admin\"},{\"browser\":\"Unknown\",\"ipaddr\":\"未知\",\"loginId\":1,\"loginLocation\":\"未知\",\"loginTime\":\"2025-11-12 17:17:27\",\"msg\":\"登录成功\",\"os\":\"Unknown\",\"params\":{},\"status\":0,\"userName\":\"teacher_zhang\"}],\"total\":8}', 0, NULL, '2025-11-12 17:40:24');
INSERT INTO `class_oper_log` VALUES (90, '登录日志', 0, 'com.ruoyi.web.controller.proj_cyq.ClassLoginLogController.list()', 'GET', 1, '系统用户', '系统部门', '/proj_cyq/loginlog/list', '127.0.0.1', NULL, '{\"params\":{}}', '{\"code\":200,\"msg\":\"查询成功\",\"rows\":[{\"browser\":\"Unknown\",\"ipaddr\":\"未知\",\"loginId\":9,\"loginLocation\":\"未知\",\"loginTime\":\"2025-11-12 17:40:31\",\"msg\":\"登录成功\",\"os\":\"Unknown\",\"params\":{},\"status\":0,\"userName\":\"teacher_zhang\"},{\"browser\":\"Unknown\",\"ipaddr\":\"未知\",\"loginId\":8,\"loginLocation\":\"未知\",\"loginTime\":\"2025-11-12 17:37:56\",\"msg\":\"登录成功\",\"os\":\"Unknown\",\"params\":{},\"status\":0,\"userName\":\"teacher_zhang\"},{\"browser\":\"Unknown\",\"ipaddr\":\"未知\",\"loginId\":7,\"loginLocation\":\"未知\",\"loginTime\":\"2025-11-12 17:37:50\",\"msg\":\"用户不存在/密码错误\",\"os\":\"Unknown\",\"params\":{},\"status\":1,\"userName\":\"teacher_zhang\"},{\"browser\":\"Unknown\",\"ipaddr\":\"未知\",\"loginId\":6,\"loginLocation\":\"未知\",\"loginTime\":\"2025-11-12 17:37:27\",\"msg\":\"登录成功\",\"os\":\"Unknown\",\"params\":{},\"status\":0,\"userName\":\"teacher_zhang\"},{\"browser\":\"Unknown\",\"ipaddr\":\"未知\",\"loginId\":5,\"loginLocation\":\"未知\",\"loginTime\":\"2025-11-12 17:37:25\",\"msg\":\"验证码错误\",\"os\":\"Unknown\",\"params\":{},\"status\":1,\"userName\":\"teacher_zhang\"},{\"browser\":\"Unknown\",\"ipaddr\":\"未知\",\"loginId\":4,\"loginLocation\":\"未知\",\"loginTime\":\"2025-11-12 17:37:21\",\"msg\":\"验证码错误\",\"os\":\"Unknown\",\"params\":{},\"status\":1,\"userName\":\"teacher_zhang\"},{\"browser\":\"Unknown\",\"ipaddr\":\"未知\",\"loginId\":3,\"loginLocation\":\"未知\",\"loginTime\":\"2025-11-12 17:36:34\",\"msg\":\"登录成功\",\"os\":\"Unknown\",\"params\":{},\"status\":0,\"userName\":\"teacher_zhang\"},{\"browser\":\"Unknown\",\"ipaddr\":\"未知\",\"loginId\":2,\"loginLocation\":\"未知\",\"loginTime\":\"2025-11-12 17:18:07\",\"msg\":\"登录成功\",\"os\":\"Unknown\",\"params\":{},\"status\":0,\"userName\":\"admin\"},{\"browser\":\"Unknown\",\"ipaddr\":\"未知\",\"loginId\":1,\"loginLocation\":\"未知\",\"loginTime\":\"2025-11-12 17:17:27\",\"msg\":\"登录成功\",\"os\":\"Unknown\",\"params\":{},\"status\":0,\"userName\":\"teacher_zhang\"}],\"total\":9}', 0, NULL, '2025-11-12 17:40:35');
INSERT INTO `class_oper_log` VALUES (91, '登录日志', 0, 'com.ruoyi.web.controller.proj_cyq.ClassLoginLogController.list()', 'GET', 1, '系统用户', '系统部门', '/proj_cyq/loginlog/list', '127.0.0.1', NULL, '{\"params\":{}}', '{\"code\":200,\"msg\":\"查询成功\",\"rows\":[{\"browser\":\"Unknown\",\"ipaddr\":\"未知\",\"loginId\":9,\"loginLocation\":\"未知\",\"loginTime\":\"2025-11-12 17:40:31\",\"msg\":\"登录成功\",\"os\":\"Unknown\",\"params\":{},\"status\":0,\"userName\":\"teacher_zhang\"},{\"browser\":\"Unknown\",\"ipaddr\":\"未知\",\"loginId\":8,\"loginLocation\":\"未知\",\"loginTime\":\"2025-11-12 17:37:56\",\"msg\":\"登录成功\",\"os\":\"Unknown\",\"params\":{},\"status\":0,\"userName\":\"teacher_zhang\"},{\"browser\":\"Unknown\",\"ipaddr\":\"未知\",\"loginId\":7,\"loginLocation\":\"未知\",\"loginTime\":\"2025-11-12 17:37:50\",\"msg\":\"用户不存在/密码错误\",\"os\":\"Unknown\",\"params\":{},\"status\":1,\"userName\":\"teacher_zhang\"},{\"browser\":\"Unknown\",\"ipaddr\":\"未知\",\"loginId\":6,\"loginLocation\":\"未知\",\"loginTime\":\"2025-11-12 17:37:27\",\"msg\":\"登录成功\",\"os\":\"Unknown\",\"params\":{},\"status\":0,\"userName\":\"teacher_zhang\"},{\"browser\":\"Unknown\",\"ipaddr\":\"未知\",\"loginId\":5,\"loginLocation\":\"未知\",\"loginTime\":\"2025-11-12 17:37:25\",\"msg\":\"验证码错误\",\"os\":\"Unknown\",\"params\":{},\"status\":1,\"userName\":\"teacher_zhang\"},{\"browser\":\"Unknown\",\"ipaddr\":\"未知\",\"loginId\":4,\"loginLocation\":\"未知\",\"loginTime\":\"2025-11-12 17:37:21\",\"msg\":\"验证码错误\",\"os\":\"Unknown\",\"params\":{},\"status\":1,\"userName\":\"teacher_zhang\"},{\"browser\":\"Unknown\",\"ipaddr\":\"未知\",\"loginId\":3,\"loginLocation\":\"未知\",\"loginTime\":\"2025-11-12 17:36:34\",\"msg\":\"登录成功\",\"os\":\"Unknown\",\"params\":{},\"status\":0,\"userName\":\"teacher_zhang\"},{\"browser\":\"Unknown\",\"ipaddr\":\"未知\",\"loginId\":2,\"loginLocation\":\"未知\",\"loginTime\":\"2025-11-12 17:18:07\",\"msg\":\"登录成功\",\"os\":\"Unknown\",\"params\":{},\"status\":0,\"userName\":\"admin\"},{\"browser\":\"Unknown\",\"ipaddr\":\"未知\",\"loginId\":1,\"loginLocation\":\"未知\",\"loginTime\":\"2025-11-12 17:17:27\",\"msg\":\"登录成功\",\"os\":\"Unknown\",\"params\":{},\"status\":0,\"userName\":\"teacher_zhang\"}],\"total\":9}', 0, NULL, '2025-11-12 17:40:46');
INSERT INTO `class_oper_log` VALUES (92, '登录日志', 0, 'com.ruoyi.web.controller.proj_cyq.ClassLoginLogController.list()', 'GET', 1, '系统用户', '系统部门', '/proj_cyq/loginlog/list', '127.0.0.1', NULL, '{\"params\":{}}', '{\"code\":200,\"msg\":\"查询成功\",\"rows\":[{\"browser\":\"Unknown\",\"ipaddr\":\"未知\",\"loginId\":9,\"loginLocation\":\"未知\",\"loginTime\":\"2025-11-12 17:40:31\",\"msg\":\"登录成功\",\"os\":\"Unknown\",\"params\":{},\"status\":0,\"userName\":\"teacher_zhang\"},{\"browser\":\"Unknown\",\"ipaddr\":\"未知\",\"loginId\":8,\"loginLocation\":\"未知\",\"loginTime\":\"2025-11-12 17:37:56\",\"msg\":\"登录成功\",\"os\":\"Unknown\",\"params\":{},\"status\":0,\"userName\":\"teacher_zhang\"},{\"browser\":\"Unknown\",\"ipaddr\":\"未知\",\"loginId\":7,\"loginLocation\":\"未知\",\"loginTime\":\"2025-11-12 17:37:50\",\"msg\":\"用户不存在/密码错误\",\"os\":\"Unknown\",\"params\":{},\"status\":1,\"userName\":\"teacher_zhang\"},{\"browser\":\"Unknown\",\"ipaddr\":\"未知\",\"loginId\":6,\"loginLocation\":\"未知\",\"loginTime\":\"2025-11-12 17:37:27\",\"msg\":\"登录成功\",\"os\":\"Unknown\",\"params\":{},\"status\":0,\"userName\":\"teacher_zhang\"},{\"browser\":\"Unknown\",\"ipaddr\":\"未知\",\"loginId\":5,\"loginLocation\":\"未知\",\"loginTime\":\"2025-11-12 17:37:25\",\"msg\":\"验证码错误\",\"os\":\"Unknown\",\"params\":{},\"status\":1,\"userName\":\"teacher_zhang\"},{\"browser\":\"Unknown\",\"ipaddr\":\"未知\",\"loginId\":4,\"loginLocation\":\"未知\",\"loginTime\":\"2025-11-12 17:37:21\",\"msg\":\"验证码错误\",\"os\":\"Unknown\",\"params\":{},\"status\":1,\"userName\":\"teacher_zhang\"},{\"browser\":\"Unknown\",\"ipaddr\":\"未知\",\"loginId\":3,\"loginLocation\":\"未知\",\"loginTime\":\"2025-11-12 17:36:34\",\"msg\":\"登录成功\",\"os\":\"Unknown\",\"params\":{},\"status\":0,\"userName\":\"teacher_zhang\"},{\"browser\":\"Unknown\",\"ipaddr\":\"未知\",\"loginId\":2,\"loginLocation\":\"未知\",\"loginTime\":\"2025-11-12 17:18:07\",\"msg\":\"登录成功\",\"os\":\"Unknown\",\"params\":{},\"status\":0,\"userName\":\"admin\"},{\"browser\":\"Unknown\",\"ipaddr\":\"未知\",\"loginId\":1,\"loginLocation\":\"未知\",\"loginTime\":\"2025-11-12 17:17:27\",\"msg\":\"登录成功\",\"os\":\"Unknown\",\"params\":{},\"status\":0,\"userName\":\"teacher_zhang\"}],\"total\":9}', 0, NULL, '2025-11-12 17:40:47');
INSERT INTO `class_oper_log` VALUES (93, '登录日志', 0, 'com.ruoyi.web.controller.proj_cyq.ClassLoginLogController.list()', 'GET', 1, '系统用户', '系统部门', '/proj_cyq/loginlog/list', '127.0.0.1', NULL, '{\"params\":{}}', '{\"code\":200,\"msg\":\"查询成功\",\"rows\":[{\"browser\":\"Unknown\",\"ipaddr\":\"未知\",\"loginId\":9,\"loginLocation\":\"未知\",\"loginTime\":\"2025-11-12 17:40:31\",\"msg\":\"登录成功\",\"os\":\"Unknown\",\"params\":{},\"status\":0,\"userName\":\"teacher_zhang\"},{\"browser\":\"Unknown\",\"ipaddr\":\"未知\",\"loginId\":8,\"loginLocation\":\"未知\",\"loginTime\":\"2025-11-12 17:37:56\",\"msg\":\"登录成功\",\"os\":\"Unknown\",\"params\":{},\"status\":0,\"userName\":\"teacher_zhang\"},{\"browser\":\"Unknown\",\"ipaddr\":\"未知\",\"loginId\":7,\"loginLocation\":\"未知\",\"loginTime\":\"2025-11-12 17:37:50\",\"msg\":\"用户不存在/密码错误\",\"os\":\"Unknown\",\"params\":{},\"status\":1,\"userName\":\"teacher_zhang\"},{\"browser\":\"Unknown\",\"ipaddr\":\"未知\",\"loginId\":6,\"loginLocation\":\"未知\",\"loginTime\":\"2025-11-12 17:37:27\",\"msg\":\"登录成功\",\"os\":\"Unknown\",\"params\":{},\"status\":0,\"userName\":\"teacher_zhang\"},{\"browser\":\"Unknown\",\"ipaddr\":\"未知\",\"loginId\":5,\"loginLocation\":\"未知\",\"loginTime\":\"2025-11-12 17:37:25\",\"msg\":\"验证码错误\",\"os\":\"Unknown\",\"params\":{},\"status\":1,\"userName\":\"teacher_zhang\"},{\"browser\":\"Unknown\",\"ipaddr\":\"未知\",\"loginId\":4,\"loginLocation\":\"未知\",\"loginTime\":\"2025-11-12 17:37:21\",\"msg\":\"验证码错误\",\"os\":\"Unknown\",\"params\":{},\"status\":1,\"userName\":\"teacher_zhang\"},{\"browser\":\"Unknown\",\"ipaddr\":\"未知\",\"loginId\":3,\"loginLocation\":\"未知\",\"loginTime\":\"2025-11-12 17:36:34\",\"msg\":\"登录成功\",\"os\":\"Unknown\",\"params\":{},\"status\":0,\"userName\":\"teacher_zhang\"},{\"browser\":\"Unknown\",\"ipaddr\":\"未知\",\"loginId\":2,\"loginLocation\":\"未知\",\"loginTime\":\"2025-11-12 17:18:07\",\"msg\":\"登录成功\",\"os\":\"Unknown\",\"params\":{},\"status\":0,\"userName\":\"admin\"},{\"browser\":\"Unknown\",\"ipaddr\":\"未知\",\"loginId\":1,\"loginLocation\":\"未知\",\"loginTime\":\"2025-11-12 17:17:27\",\"msg\":\"登录成功\",\"os\":\"Unknown\",\"params\":{},\"status\":0,\"userName\":\"teacher_zhang\"}],\"total\":9}', 0, NULL, '2025-11-12 17:40:47');
INSERT INTO `class_oper_log` VALUES (94, '登录日志', 0, 'com.ruoyi.web.controller.proj_cyq.ClassLoginLogController.list()', 'GET', 1, '系统用户', '系统部门', '/proj_cyq/loginlog/list', '127.0.0.1', NULL, '{\"params\":{}}', '{\"code\":200,\"msg\":\"查询成功\",\"rows\":[{\"browser\":\"Unknown\",\"ipaddr\":\"未知\",\"loginId\":9,\"loginLocation\":\"未知\",\"loginTime\":\"2025-11-12 17:40:31\",\"msg\":\"登录成功\",\"os\":\"Unknown\",\"params\":{},\"status\":0,\"userName\":\"teacher_zhang\"},{\"browser\":\"Unknown\",\"ipaddr\":\"未知\",\"loginId\":8,\"loginLocation\":\"未知\",\"loginTime\":\"2025-11-12 17:37:56\",\"msg\":\"登录成功\",\"os\":\"Unknown\",\"params\":{},\"status\":0,\"userName\":\"teacher_zhang\"},{\"browser\":\"Unknown\",\"ipaddr\":\"未知\",\"loginId\":7,\"loginLocation\":\"未知\",\"loginTime\":\"2025-11-12 17:37:50\",\"msg\":\"用户不存在/密码错误\",\"os\":\"Unknown\",\"params\":{},\"status\":1,\"userName\":\"teacher_zhang\"},{\"browser\":\"Unknown\",\"ipaddr\":\"未知\",\"loginId\":6,\"loginLocation\":\"未知\",\"loginTime\":\"2025-11-12 17:37:27\",\"msg\":\"登录成功\",\"os\":\"Unknown\",\"params\":{},\"status\":0,\"userName\":\"teacher_zhang\"},{\"browser\":\"Unknown\",\"ipaddr\":\"未知\",\"loginId\":5,\"loginLocation\":\"未知\",\"loginTime\":\"2025-11-12 17:37:25\",\"msg\":\"验证码错误\",\"os\":\"Unknown\",\"params\":{},\"status\":1,\"userName\":\"teacher_zhang\"},{\"browser\":\"Unknown\",\"ipaddr\":\"未知\",\"loginId\":4,\"loginLocation\":\"未知\",\"loginTime\":\"2025-11-12 17:37:21\",\"msg\":\"验证码错误\",\"os\":\"Unknown\",\"params\":{},\"status\":1,\"userName\":\"teacher_zhang\"},{\"browser\":\"Unknown\",\"ipaddr\":\"未知\",\"loginId\":3,\"loginLocation\":\"未知\",\"loginTime\":\"2025-11-12 17:36:34\",\"msg\":\"登录成功\",\"os\":\"Unknown\",\"params\":{},\"status\":0,\"userName\":\"teacher_zhang\"},{\"browser\":\"Unknown\",\"ipaddr\":\"未知\",\"loginId\":2,\"loginLocation\":\"未知\",\"loginTime\":\"2025-11-12 17:18:07\",\"msg\":\"登录成功\",\"os\":\"Unknown\",\"params\":{},\"status\":0,\"userName\":\"admin\"},{\"browser\":\"Unknown\",\"ipaddr\":\"未知\",\"loginId\":1,\"loginLocation\":\"未知\",\"loginTime\":\"2025-11-12 17:17:27\",\"msg\":\"登录成功\",\"os\":\"Unknown\",\"params\":{},\"status\":0,\"userName\":\"teacher_zhang\"}],\"total\":9}', 0, NULL, '2025-11-12 17:40:47');
INSERT INTO `class_oper_log` VALUES (95, '登录日志', 0, 'com.ruoyi.web.controller.proj_cyq.ClassLoginLogController.list()', 'GET', 1, '系统用户', '系统部门', '/proj_cyq/loginlog/list', '127.0.0.1', NULL, '{\"params\":{}}', '{\"code\":200,\"msg\":\"查询成功\",\"rows\":[{\"browser\":\"Unknown\",\"ipaddr\":\"未知\",\"loginId\":9,\"loginLocation\":\"未知\",\"loginTime\":\"2025-11-12 17:40:31\",\"msg\":\"登录成功\",\"os\":\"Unknown\",\"params\":{},\"status\":0,\"userName\":\"teacher_zhang\"},{\"browser\":\"Unknown\",\"ipaddr\":\"未知\",\"loginId\":8,\"loginLocation\":\"未知\",\"loginTime\":\"2025-11-12 17:37:56\",\"msg\":\"登录成功\",\"os\":\"Unknown\",\"params\":{},\"status\":0,\"userName\":\"teacher_zhang\"},{\"browser\":\"Unknown\",\"ipaddr\":\"未知\",\"loginId\":7,\"loginLocation\":\"未知\",\"loginTime\":\"2025-11-12 17:37:50\",\"msg\":\"用户不存在/密码错误\",\"os\":\"Unknown\",\"params\":{},\"status\":1,\"userName\":\"teacher_zhang\"},{\"browser\":\"Unknown\",\"ipaddr\":\"未知\",\"loginId\":6,\"loginLocation\":\"未知\",\"loginTime\":\"2025-11-12 17:37:27\",\"msg\":\"登录成功\",\"os\":\"Unknown\",\"params\":{},\"status\":0,\"userName\":\"teacher_zhang\"},{\"browser\":\"Unknown\",\"ipaddr\":\"未知\",\"loginId\":5,\"loginLocation\":\"未知\",\"loginTime\":\"2025-11-12 17:37:25\",\"msg\":\"验证码错误\",\"os\":\"Unknown\",\"params\":{},\"status\":1,\"userName\":\"teacher_zhang\"},{\"browser\":\"Unknown\",\"ipaddr\":\"未知\",\"loginId\":4,\"loginLocation\":\"未知\",\"loginTime\":\"2025-11-12 17:37:21\",\"msg\":\"验证码错误\",\"os\":\"Unknown\",\"params\":{},\"status\":1,\"userName\":\"teacher_zhang\"},{\"browser\":\"Unknown\",\"ipaddr\":\"未知\",\"loginId\":3,\"loginLocation\":\"未知\",\"loginTime\":\"2025-11-12 17:36:34\",\"msg\":\"登录成功\",\"os\":\"Unknown\",\"params\":{},\"status\":0,\"userName\":\"teacher_zhang\"},{\"browser\":\"Unknown\",\"ipaddr\":\"未知\",\"loginId\":2,\"loginLocation\":\"未知\",\"loginTime\":\"2025-11-12 17:18:07\",\"msg\":\"登录成功\",\"os\":\"Unknown\",\"params\":{},\"status\":0,\"userName\":\"admin\"},{\"browser\":\"Unknown\",\"ipaddr\":\"未知\",\"loginId\":1,\"loginLocation\":\"未知\",\"loginTime\":\"2025-11-12 17:17:27\",\"msg\":\"登录成功\",\"os\":\"Unknown\",\"params\":{},\"status\":0,\"userName\":\"teacher_zhang\"}],\"total\":9}', 0, NULL, '2025-11-12 17:40:49');
INSERT INTO `class_oper_log` VALUES (96, '登录日志', 0, 'com.ruoyi.web.controller.proj_cyq.ClassLoginLogController.list()', 'GET', 1, '系统用户', '系统部门', '/proj_cyq/loginlog/list', '127.0.0.1', NULL, '{\"params\":{}}', '{\"code\":200,\"msg\":\"查询成功\",\"rows\":[{\"browser\":\"Unknown\",\"ipaddr\":\"未知\",\"loginId\":9,\"loginLocation\":\"未知\",\"loginTime\":\"2025-11-12 17:40:31\",\"msg\":\"登录成功\",\"os\":\"Unknown\",\"params\":{},\"status\":0,\"userName\":\"teacher_zhang\"},{\"browser\":\"Unknown\",\"ipaddr\":\"未知\",\"loginId\":8,\"loginLocation\":\"未知\",\"loginTime\":\"2025-11-12 17:37:56\",\"msg\":\"登录成功\",\"os\":\"Unknown\",\"params\":{},\"status\":0,\"userName\":\"teacher_zhang\"},{\"browser\":\"Unknown\",\"ipaddr\":\"未知\",\"loginId\":7,\"loginLocation\":\"未知\",\"loginTime\":\"2025-11-12 17:37:50\",\"msg\":\"用户不存在/密码错误\",\"os\":\"Unknown\",\"params\":{},\"status\":1,\"userName\":\"teacher_zhang\"},{\"browser\":\"Unknown\",\"ipaddr\":\"未知\",\"loginId\":6,\"loginLocation\":\"未知\",\"loginTime\":\"2025-11-12 17:37:27\",\"msg\":\"登录成功\",\"os\":\"Unknown\",\"params\":{},\"status\":0,\"userName\":\"teacher_zhang\"},{\"browser\":\"Unknown\",\"ipaddr\":\"未知\",\"loginId\":5,\"loginLocation\":\"未知\",\"loginTime\":\"2025-11-12 17:37:25\",\"msg\":\"验证码错误\",\"os\":\"Unknown\",\"params\":{},\"status\":1,\"userName\":\"teacher_zhang\"},{\"browser\":\"Unknown\",\"ipaddr\":\"未知\",\"loginId\":4,\"loginLocation\":\"未知\",\"loginTime\":\"2025-11-12 17:37:21\",\"msg\":\"验证码错误\",\"os\":\"Unknown\",\"params\":{},\"status\":1,\"userName\":\"teacher_zhang\"},{\"browser\":\"Unknown\",\"ipaddr\":\"未知\",\"loginId\":3,\"loginLocation\":\"未知\",\"loginTime\":\"2025-11-12 17:36:34\",\"msg\":\"登录成功\",\"os\":\"Unknown\",\"params\":{},\"status\":0,\"userName\":\"teacher_zhang\"},{\"browser\":\"Unknown\",\"ipaddr\":\"未知\",\"loginId\":2,\"loginLocation\":\"未知\",\"loginTime\":\"2025-11-12 17:18:07\",\"msg\":\"登录成功\",\"os\":\"Unknown\",\"params\":{},\"status\":0,\"userName\":\"admin\"},{\"browser\":\"Unknown\",\"ipaddr\":\"未知\",\"loginId\":1,\"loginLocation\":\"未知\",\"loginTime\":\"2025-11-12 17:17:27\",\"msg\":\"登录成功\",\"os\":\"Unknown\",\"params\":{},\"status\":0,\"userName\":\"teacher_zhang\"}],\"total\":9}', 0, NULL, '2025-11-12 17:47:09');
INSERT INTO `class_oper_log` VALUES (97, '登录日志', 0, 'com.ruoyi.web.controller.proj_cyq.ClassLoginLogController.list()', 'GET', 1, '系统用户', '系统部门', '/proj_cyq/loginlog/list', '127.0.0.1', NULL, '{\"params\":{}}', '{\"code\":200,\"msg\":\"查询成功\",\"rows\":[{\"browser\":\"Unknown\",\"ipaddr\":\"未知\",\"loginId\":9,\"loginLocation\":\"未知\",\"loginTime\":\"2025-11-12 17:40:31\",\"msg\":\"登录成功\",\"os\":\"Unknown\",\"params\":{},\"status\":0,\"userName\":\"teacher_zhang\"},{\"browser\":\"Unknown\",\"ipaddr\":\"未知\",\"loginId\":8,\"loginLocation\":\"未知\",\"loginTime\":\"2025-11-12 17:37:56\",\"msg\":\"登录成功\",\"os\":\"Unknown\",\"params\":{},\"status\":0,\"userName\":\"teacher_zhang\"},{\"browser\":\"Unknown\",\"ipaddr\":\"未知\",\"loginId\":7,\"loginLocation\":\"未知\",\"loginTime\":\"2025-11-12 17:37:50\",\"msg\":\"用户不存在/密码错误\",\"os\":\"Unknown\",\"params\":{},\"status\":1,\"userName\":\"teacher_zhang\"},{\"browser\":\"Unknown\",\"ipaddr\":\"未知\",\"loginId\":6,\"loginLocation\":\"未知\",\"loginTime\":\"2025-11-12 17:37:27\",\"msg\":\"登录成功\",\"os\":\"Unknown\",\"params\":{},\"status\":0,\"userName\":\"teacher_zhang\"},{\"browser\":\"Unknown\",\"ipaddr\":\"未知\",\"loginId\":5,\"loginLocation\":\"未知\",\"loginTime\":\"2025-11-12 17:37:25\",\"msg\":\"验证码错误\",\"os\":\"Unknown\",\"params\":{},\"status\":1,\"userName\":\"teacher_zhang\"},{\"browser\":\"Unknown\",\"ipaddr\":\"未知\",\"loginId\":4,\"loginLocation\":\"未知\",\"loginTime\":\"2025-11-12 17:37:21\",\"msg\":\"验证码错误\",\"os\":\"Unknown\",\"params\":{},\"status\":1,\"userName\":\"teacher_zhang\"},{\"browser\":\"Unknown\",\"ipaddr\":\"未知\",\"loginId\":3,\"loginLocation\":\"未知\",\"loginTime\":\"2025-11-12 17:36:34\",\"msg\":\"登录成功\",\"os\":\"Unknown\",\"params\":{},\"status\":0,\"userName\":\"teacher_zhang\"},{\"browser\":\"Unknown\",\"ipaddr\":\"未知\",\"loginId\":2,\"loginLocation\":\"未知\",\"loginTime\":\"2025-11-12 17:18:07\",\"msg\":\"登录成功\",\"os\":\"Unknown\",\"params\":{},\"status\":0,\"userName\":\"admin\"},{\"browser\":\"Unknown\",\"ipaddr\":\"未知\",\"loginId\":1,\"loginLocation\":\"未知\",\"loginTime\":\"2025-11-12 17:17:27\",\"msg\":\"登录成功\",\"os\":\"Unknown\",\"params\":{},\"status\":0,\"userName\":\"teacher_zhang\"}],\"total\":9}', 0, NULL, '2025-11-12 17:47:12');
INSERT INTO `class_oper_log` VALUES (98, '登录日志', 0, 'com.ruoyi.web.controller.proj_cyq.ClassLoginLogController.list()', 'GET', 1, '系统用户', '系统部门', '/proj_cyq/loginlog/list', '127.0.0.1', NULL, '{\"params\":{}}', '{\"code\":200,\"msg\":\"查询成功\",\"rows\":[{\"browser\":\"Unknown\",\"ipaddr\":\"未知\",\"loginId\":10,\"loginLocation\":\"未知\",\"loginTime\":\"2025-11-12 17:47:19\",\"msg\":\"登录成功\",\"os\":\"Unknown\",\"params\":{},\"status\":0,\"userName\":\"teacher_zhang\"},{\"browser\":\"Unknown\",\"ipaddr\":\"未知\",\"loginId\":9,\"loginLocation\":\"未知\",\"loginTime\":\"2025-11-12 17:40:31\",\"msg\":\"登录成功\",\"os\":\"Unknown\",\"params\":{},\"status\":0,\"userName\":\"teacher_zhang\"},{\"browser\":\"Unknown\",\"ipaddr\":\"未知\",\"loginId\":8,\"loginLocation\":\"未知\",\"loginTime\":\"2025-11-12 17:37:56\",\"msg\":\"登录成功\",\"os\":\"Unknown\",\"params\":{},\"status\":0,\"userName\":\"teacher_zhang\"},{\"browser\":\"Unknown\",\"ipaddr\":\"未知\",\"loginId\":7,\"loginLocation\":\"未知\",\"loginTime\":\"2025-11-12 17:37:50\",\"msg\":\"用户不存在/密码错误\",\"os\":\"Unknown\",\"params\":{},\"status\":1,\"userName\":\"teacher_zhang\"},{\"browser\":\"Unknown\",\"ipaddr\":\"未知\",\"loginId\":6,\"loginLocation\":\"未知\",\"loginTime\":\"2025-11-12 17:37:27\",\"msg\":\"登录成功\",\"os\":\"Unknown\",\"params\":{},\"status\":0,\"userName\":\"teacher_zhang\"},{\"browser\":\"Unknown\",\"ipaddr\":\"未知\",\"loginId\":5,\"loginLocation\":\"未知\",\"loginTime\":\"2025-11-12 17:37:25\",\"msg\":\"验证码错误\",\"os\":\"Unknown\",\"params\":{},\"status\":1,\"userName\":\"teacher_zhang\"},{\"browser\":\"Unknown\",\"ipaddr\":\"未知\",\"loginId\":4,\"loginLocation\":\"未知\",\"loginTime\":\"2025-11-12 17:37:21\",\"msg\":\"验证码错误\",\"os\":\"Unknown\",\"params\":{},\"status\":1,\"userName\":\"teacher_zhang\"},{\"browser\":\"Unknown\",\"ipaddr\":\"未知\",\"loginId\":3,\"loginLocation\":\"未知\",\"loginTime\":\"2025-11-12 17:36:34\",\"msg\":\"登录成功\",\"os\":\"Unknown\",\"params\":{},\"status\":0,\"userName\":\"teacher_zhang\"},{\"browser\":\"Unknown\",\"ipaddr\":\"未知\",\"loginId\":2,\"loginLocation\":\"未知\",\"loginTime\":\"2025-11-12 17:18:07\",\"msg\":\"登录成功\",\"os\":\"Unknown\",\"params\":{},\"status\":0,\"userName\":\"admin\"},{\"browser\":\"Unknown\",\"ipaddr\":\"未知\",\"loginId\":1,\"loginLocation\":\"未知\",\"loginTime\":\"2025-11-12 17:17:27\",\"msg\":\"登录成功\",\"os\":\"Unknown\",\"params\":{},\"status\":0,\"userName\":\"teacher_zhang\"}],\"total\":10}', 0, NULL, '2025-11-12 17:47:23');
INSERT INTO `class_oper_log` VALUES (99, '登录日志', 0, 'com.ruoyi.web.controller.proj_cyq.ClassLoginLogController.list()', 'GET', 1, '系统用户', '系统部门', '/proj_cyq/loginlog/list', '127.0.0.1', NULL, '{\"params\":{}}', '{\"code\":200,\"msg\":\"查询成功\",\"rows\":[{\"browser\":\"Unknown\",\"ipaddr\":\"未知\",\"loginId\":10,\"loginLocation\":\"未知\",\"loginTime\":\"2025-11-12 17:47:19\",\"msg\":\"登录成功\",\"os\":\"Unknown\",\"params\":{},\"status\":0,\"userName\":\"teacher_zhang\"},{\"browser\":\"Unknown\",\"ipaddr\":\"未知\",\"loginId\":9,\"loginLocation\":\"未知\",\"loginTime\":\"2025-11-12 17:40:31\",\"msg\":\"登录成功\",\"os\":\"Unknown\",\"params\":{},\"status\":0,\"userName\":\"teacher_zhang\"},{\"browser\":\"Unknown\",\"ipaddr\":\"未知\",\"loginId\":8,\"loginLocation\":\"未知\",\"loginTime\":\"2025-11-12 17:37:56\",\"msg\":\"登录成功\",\"os\":\"Unknown\",\"params\":{},\"status\":0,\"userName\":\"teacher_zhang\"},{\"browser\":\"Unknown\",\"ipaddr\":\"未知\",\"loginId\":7,\"loginLocation\":\"未知\",\"loginTime\":\"2025-11-12 17:37:50\",\"msg\":\"用户不存在/密码错误\",\"os\":\"Unknown\",\"params\":{},\"status\":1,\"userName\":\"teacher_zhang\"},{\"browser\":\"Unknown\",\"ipaddr\":\"未知\",\"loginId\":6,\"loginLocation\":\"未知\",\"loginTime\":\"2025-11-12 17:37:27\",\"msg\":\"登录成功\",\"os\":\"Unknown\",\"params\":{},\"status\":0,\"userName\":\"teacher_zhang\"},{\"browser\":\"Unknown\",\"ipaddr\":\"未知\",\"loginId\":5,\"loginLocation\":\"未知\",\"loginTime\":\"2025-11-12 17:37:25\",\"msg\":\"验证码错误\",\"os\":\"Unknown\",\"params\":{},\"status\":1,\"userName\":\"teacher_zhang\"},{\"browser\":\"Unknown\",\"ipaddr\":\"未知\",\"loginId\":4,\"loginLocation\":\"未知\",\"loginTime\":\"2025-11-12 17:37:21\",\"msg\":\"验证码错误\",\"os\":\"Unknown\",\"params\":{},\"status\":1,\"userName\":\"teacher_zhang\"},{\"browser\":\"Unknown\",\"ipaddr\":\"未知\",\"loginId\":3,\"loginLocation\":\"未知\",\"loginTime\":\"2025-11-12 17:36:34\",\"msg\":\"登录成功\",\"os\":\"Unknown\",\"params\":{},\"status\":0,\"userName\":\"teacher_zhang\"},{\"browser\":\"Unknown\",\"ipaddr\":\"未知\",\"loginId\":2,\"loginLocation\":\"未知\",\"loginTime\":\"2025-11-12 17:18:07\",\"msg\":\"登录成功\",\"os\":\"Unknown\",\"params\":{},\"status\":0,\"userName\":\"admin\"},{\"browser\":\"Unknown\",\"ipaddr\":\"未知\",\"loginId\":1,\"loginLocation\":\"未知\",\"loginTime\":\"2025-11-12 17:17:27\",\"msg\":\"登录成功\",\"os\":\"Unknown\",\"params\":{},\"status\":0,\"userName\":\"teacher_zhang\"}],\"total\":10}', 0, NULL, '2025-11-12 17:47:25');
INSERT INTO `class_oper_log` VALUES (100, '登录日志', 0, 'com.ruoyi.web.controller.proj_cyq.ClassLoginLogController.list()', 'GET', 1, '系统用户', '系统部门', '/proj_cyq/loginlog/list', '127.0.0.1', NULL, '{\"params\":{}}', '{\"code\":200,\"msg\":\"查询成功\",\"rows\":[{\"browser\":\"Unknown\",\"ipaddr\":\"未知\",\"loginId\":10,\"loginLocation\":\"未知\",\"loginTime\":\"2025-11-12 17:47:19\",\"msg\":\"登录成功\",\"os\":\"Unknown\",\"params\":{},\"status\":0,\"userName\":\"teacher_zhang\"},{\"browser\":\"Unknown\",\"ipaddr\":\"未知\",\"loginId\":9,\"loginLocation\":\"未知\",\"loginTime\":\"2025-11-12 17:40:31\",\"msg\":\"登录成功\",\"os\":\"Unknown\",\"params\":{},\"status\":0,\"userName\":\"teacher_zhang\"},{\"browser\":\"Unknown\",\"ipaddr\":\"未知\",\"loginId\":8,\"loginLocation\":\"未知\",\"loginTime\":\"2025-11-12 17:37:56\",\"msg\":\"登录成功\",\"os\":\"Unknown\",\"params\":{},\"status\":0,\"userName\":\"teacher_zhang\"},{\"browser\":\"Unknown\",\"ipaddr\":\"未知\",\"loginId\":7,\"loginLocation\":\"未知\",\"loginTime\":\"2025-11-12 17:37:50\",\"msg\":\"用户不存在/密码错误\",\"os\":\"Unknown\",\"params\":{},\"status\":1,\"userName\":\"teacher_zhang\"},{\"browser\":\"Unknown\",\"ipaddr\":\"未知\",\"loginId\":6,\"loginLocation\":\"未知\",\"loginTime\":\"2025-11-12 17:37:27\",\"msg\":\"登录成功\",\"os\":\"Unknown\",\"params\":{},\"status\":0,\"userName\":\"teacher_zhang\"},{\"browser\":\"Unknown\",\"ipaddr\":\"未知\",\"loginId\":5,\"loginLocation\":\"未知\",\"loginTime\":\"2025-11-12 17:37:25\",\"msg\":\"验证码错误\",\"os\":\"Unknown\",\"params\":{},\"status\":1,\"userName\":\"teacher_zhang\"},{\"browser\":\"Unknown\",\"ipaddr\":\"未知\",\"loginId\":4,\"loginLocation\":\"未知\",\"loginTime\":\"2025-11-12 17:37:21\",\"msg\":\"验证码错误\",\"os\":\"Unknown\",\"params\":{},\"status\":1,\"userName\":\"teacher_zhang\"},{\"browser\":\"Unknown\",\"ipaddr\":\"未知\",\"loginId\":3,\"loginLocation\":\"未知\",\"loginTime\":\"2025-11-12 17:36:34\",\"msg\":\"登录成功\",\"os\":\"Unknown\",\"params\":{},\"status\":0,\"userName\":\"teacher_zhang\"},{\"browser\":\"Unknown\",\"ipaddr\":\"未知\",\"loginId\":2,\"loginLocation\":\"未知\",\"loginTime\":\"2025-11-12 17:18:07\",\"msg\":\"登录成功\",\"os\":\"Unknown\",\"params\":{},\"status\":0,\"userName\":\"admin\"},{\"browser\":\"Unknown\",\"ipaddr\":\"未知\",\"loginId\":1,\"loginLocation\":\"未知\",\"loginTime\":\"2025-11-12 17:17:27\",\"msg\":\"登录成功\",\"os\":\"Unknown\",\"params\":{},\"status\":0,\"userName\":\"teacher_zhang\"}],\"total\":10}', 0, NULL, '2025-11-12 17:47:26');
INSERT INTO `class_oper_log` VALUES (101, '登录日志', 0, 'com.ruoyi.web.controller.proj_cyq.ClassLoginLogController.list()', 'GET', 1, '系统用户', '系统部门', '/proj_cyq/loginlog/list', '127.0.0.1', NULL, '{\"params\":{}}', '{\"code\":200,\"msg\":\"查询成功\",\"rows\":[{\"browser\":\"Unknown\",\"ipaddr\":\"未知\",\"loginId\":10,\"loginLocation\":\"未知\",\"loginTime\":\"2025-11-12 17:47:19\",\"msg\":\"登录成功\",\"os\":\"Unknown\",\"params\":{},\"status\":0,\"userName\":\"teacher_zhang\"},{\"browser\":\"Unknown\",\"ipaddr\":\"未知\",\"loginId\":9,\"loginLocation\":\"未知\",\"loginTime\":\"2025-11-12 17:40:31\",\"msg\":\"登录成功\",\"os\":\"Unknown\",\"params\":{},\"status\":0,\"userName\":\"teacher_zhang\"},{\"browser\":\"Unknown\",\"ipaddr\":\"未知\",\"loginId\":8,\"loginLocation\":\"未知\",\"loginTime\":\"2025-11-12 17:37:56\",\"msg\":\"登录成功\",\"os\":\"Unknown\",\"params\":{},\"status\":0,\"userName\":\"teacher_zhang\"},{\"browser\":\"Unknown\",\"ipaddr\":\"未知\",\"loginId\":7,\"loginLocation\":\"未知\",\"loginTime\":\"2025-11-12 17:37:50\",\"msg\":\"用户不存在/密码错误\",\"os\":\"Unknown\",\"params\":{},\"status\":1,\"userName\":\"teacher_zhang\"},{\"browser\":\"Unknown\",\"ipaddr\":\"未知\",\"loginId\":6,\"loginLocation\":\"未知\",\"loginTime\":\"2025-11-12 17:37:27\",\"msg\":\"登录成功\",\"os\":\"Unknown\",\"params\":{},\"status\":0,\"userName\":\"teacher_zhang\"},{\"browser\":\"Unknown\",\"ipaddr\":\"未知\",\"loginId\":5,\"loginLocation\":\"未知\",\"loginTime\":\"2025-11-12 17:37:25\",\"msg\":\"验证码错误\",\"os\":\"Unknown\",\"params\":{},\"status\":1,\"userName\":\"teacher_zhang\"},{\"browser\":\"Unknown\",\"ipaddr\":\"未知\",\"loginId\":4,\"loginLocation\":\"未知\",\"loginTime\":\"2025-11-12 17:37:21\",\"msg\":\"验证码错误\",\"os\":\"Unknown\",\"params\":{},\"status\":1,\"userName\":\"teacher_zhang\"},{\"browser\":\"Unknown\",\"ipaddr\":\"未知\",\"loginId\":3,\"loginLocation\":\"未知\",\"loginTime\":\"2025-11-12 17:36:34\",\"msg\":\"登录成功\",\"os\":\"Unknown\",\"params\":{},\"status\":0,\"userName\":\"teacher_zhang\"},{\"browser\":\"Unknown\",\"ipaddr\":\"未知\",\"loginId\":2,\"loginLocation\":\"未知\",\"loginTime\":\"2025-11-12 17:18:07\",\"msg\":\"登录成功\",\"os\":\"Unknown\",\"params\":{},\"status\":0,\"userName\":\"admin\"},{\"browser\":\"Unknown\",\"ipaddr\":\"未知\",\"loginId\":1,\"loginLocation\":\"未知\",\"loginTime\":\"2025-11-12 17:17:27\",\"msg\":\"登录成功\",\"os\":\"Unknown\",\"params\":{},\"status\":0,\"userName\":\"teacher_zhang\"}],\"total\":10}', 0, NULL, '2025-11-12 17:47:26');
INSERT INTO `class_oper_log` VALUES (102, '登录日志', 0, 'com.ruoyi.web.controller.proj_cyq.ClassLoginLogController.list()', 'GET', 1, '系统用户', '系统部门', '/proj_cyq/loginlog/list', '127.0.0.1', NULL, '{\"params\":{}}', '{\"code\":200,\"msg\":\"查询成功\",\"rows\":[{\"browser\":\"Unknown\",\"ipaddr\":\"未知\",\"loginId\":10,\"loginLocation\":\"未知\",\"loginTime\":\"2025-11-12 17:47:19\",\"msg\":\"登录成功\",\"os\":\"Unknown\",\"params\":{},\"status\":0,\"userName\":\"teacher_zhang\"},{\"browser\":\"Unknown\",\"ipaddr\":\"未知\",\"loginId\":9,\"loginLocation\":\"未知\",\"loginTime\":\"2025-11-12 17:40:31\",\"msg\":\"登录成功\",\"os\":\"Unknown\",\"params\":{},\"status\":0,\"userName\":\"teacher_zhang\"},{\"browser\":\"Unknown\",\"ipaddr\":\"未知\",\"loginId\":8,\"loginLocation\":\"未知\",\"loginTime\":\"2025-11-12 17:37:56\",\"msg\":\"登录成功\",\"os\":\"Unknown\",\"params\":{},\"status\":0,\"userName\":\"teacher_zhang\"},{\"browser\":\"Unknown\",\"ipaddr\":\"未知\",\"loginId\":7,\"loginLocation\":\"未知\",\"loginTime\":\"2025-11-12 17:37:50\",\"msg\":\"用户不存在/密码错误\",\"os\":\"Unknown\",\"params\":{},\"status\":1,\"userName\":\"teacher_zhang\"},{\"browser\":\"Unknown\",\"ipaddr\":\"未知\",\"loginId\":6,\"loginLocation\":\"未知\",\"loginTime\":\"2025-11-12 17:37:27\",\"msg\":\"登录成功\",\"os\":\"Unknown\",\"params\":{},\"status\":0,\"userName\":\"teacher_zhang\"},{\"browser\":\"Unknown\",\"ipaddr\":\"未知\",\"loginId\":5,\"loginLocation\":\"未知\",\"loginTime\":\"2025-11-12 17:37:25\",\"msg\":\"验证码错误\",\"os\":\"Unknown\",\"params\":{},\"status\":1,\"userName\":\"teacher_zhang\"},{\"browser\":\"Unknown\",\"ipaddr\":\"未知\",\"loginId\":4,\"loginLocation\":\"未知\",\"loginTime\":\"2025-11-12 17:37:21\",\"msg\":\"验证码错误\",\"os\":\"Unknown\",\"params\":{},\"status\":1,\"userName\":\"teacher_zhang\"},{\"browser\":\"Unknown\",\"ipaddr\":\"未知\",\"loginId\":3,\"loginLocation\":\"未知\",\"loginTime\":\"2025-11-12 17:36:34\",\"msg\":\"登录成功\",\"os\":\"Unknown\",\"params\":{},\"status\":0,\"userName\":\"teacher_zhang\"},{\"browser\":\"Unknown\",\"ipaddr\":\"未知\",\"loginId\":2,\"loginLocation\":\"未知\",\"loginTime\":\"2025-11-12 17:18:07\",\"msg\":\"登录成功\",\"os\":\"Unknown\",\"params\":{},\"status\":0,\"userName\":\"admin\"},{\"browser\":\"Unknown\",\"ipaddr\":\"未知\",\"loginId\":1,\"loginLocation\":\"未知\",\"loginTime\":\"2025-11-12 17:17:27\",\"msg\":\"登录成功\",\"os\":\"Unknown\",\"params\":{},\"status\":0,\"userName\":\"teacher_zhang\"}],\"total\":10}', 0, NULL, '2025-11-12 17:47:27');
INSERT INTO `class_oper_log` VALUES (103, '登录日志', 0, 'com.ruoyi.web.controller.proj_cyq.ClassLoginLogController.list()', 'GET', 1, '系统用户', '系统部门', '/proj_cyq/loginlog/list', '127.0.0.1', NULL, '{\"params\":{}}', '{\"code\":200,\"msg\":\"查询成功\",\"rows\":[{\"browser\":\"Unknown\",\"ipaddr\":\"未知\",\"loginId\":10,\"loginLocation\":\"未知\",\"loginTime\":\"2025-11-12 17:47:19\",\"msg\":\"登录成功\",\"os\":\"Unknown\",\"params\":{},\"status\":0,\"userName\":\"teacher_zhang\"},{\"browser\":\"Unknown\",\"ipaddr\":\"未知\",\"loginId\":9,\"loginLocation\":\"未知\",\"loginTime\":\"2025-11-12 17:40:31\",\"msg\":\"登录成功\",\"os\":\"Unknown\",\"params\":{},\"status\":0,\"userName\":\"teacher_zhang\"},{\"browser\":\"Unknown\",\"ipaddr\":\"未知\",\"loginId\":8,\"loginLocation\":\"未知\",\"loginTime\":\"2025-11-12 17:37:56\",\"msg\":\"登录成功\",\"os\":\"Unknown\",\"params\":{},\"status\":0,\"userName\":\"teacher_zhang\"},{\"browser\":\"Unknown\",\"ipaddr\":\"未知\",\"loginId\":7,\"loginLocation\":\"未知\",\"loginTime\":\"2025-11-12 17:37:50\",\"msg\":\"用户不存在/密码错误\",\"os\":\"Unknown\",\"params\":{},\"status\":1,\"userName\":\"teacher_zhang\"},{\"browser\":\"Unknown\",\"ipaddr\":\"未知\",\"loginId\":6,\"loginLocation\":\"未知\",\"loginTime\":\"2025-11-12 17:37:27\",\"msg\":\"登录成功\",\"os\":\"Unknown\",\"params\":{},\"status\":0,\"userName\":\"teacher_zhang\"},{\"browser\":\"Unknown\",\"ipaddr\":\"未知\",\"loginId\":5,\"loginLocation\":\"未知\",\"loginTime\":\"2025-11-12 17:37:25\",\"msg\":\"验证码错误\",\"os\":\"Unknown\",\"params\":{},\"status\":1,\"userName\":\"teacher_zhang\"},{\"browser\":\"Unknown\",\"ipaddr\":\"未知\",\"loginId\":4,\"loginLocation\":\"未知\",\"loginTime\":\"2025-11-12 17:37:21\",\"msg\":\"验证码错误\",\"os\":\"Unknown\",\"params\":{},\"status\":1,\"userName\":\"teacher_zhang\"},{\"browser\":\"Unknown\",\"ipaddr\":\"未知\",\"loginId\":3,\"loginLocation\":\"未知\",\"loginTime\":\"2025-11-12 17:36:34\",\"msg\":\"登录成功\",\"os\":\"Unknown\",\"params\":{},\"status\":0,\"userName\":\"teacher_zhang\"},{\"browser\":\"Unknown\",\"ipaddr\":\"未知\",\"loginId\":2,\"loginLocation\":\"未知\",\"loginTime\":\"2025-11-12 17:18:07\",\"msg\":\"登录成功\",\"os\":\"Unknown\",\"params\":{},\"status\":0,\"userName\":\"admin\"},{\"browser\":\"Unknown\",\"ipaddr\":\"未知\",\"loginId\":1,\"loginLocation\":\"未知\",\"loginTime\":\"2025-11-12 17:17:27\",\"msg\":\"登录成功\",\"os\":\"Unknown\",\"params\":{},\"status\":0,\"userName\":\"teacher_zhang\"}],\"total\":10}', 0, NULL, '2025-11-12 17:47:27');
INSERT INTO `class_oper_log` VALUES (104, '登录日志', 0, 'com.ruoyi.web.controller.proj_cyq.ClassLoginLogController.list()', 'GET', 1, '系统用户', '系统部门', '/proj_cyq/loginlog/list', '127.0.0.1', NULL, '{\"params\":{}}', '{\"code\":200,\"msg\":\"查询成功\",\"rows\":[{\"browser\":\"Unknown\",\"ipaddr\":\"未知\",\"loginId\":11,\"loginLocation\":\"未知\",\"loginTime\":\"2025-11-12 17:47:42\",\"msg\":\"登录成功\",\"os\":\"Unknown\",\"params\":{},\"status\":0,\"userName\":\"admin\"},{\"browser\":\"Unknown\",\"ipaddr\":\"未知\",\"loginId\":10,\"loginLocation\":\"未知\",\"loginTime\":\"2025-11-12 17:47:19\",\"msg\":\"登录成功\",\"os\":\"Unknown\",\"params\":{},\"status\":0,\"userName\":\"teacher_zhang\"},{\"browser\":\"Unknown\",\"ipaddr\":\"未知\",\"loginId\":9,\"loginLocation\":\"未知\",\"loginTime\":\"2025-11-12 17:40:31\",\"msg\":\"登录成功\",\"os\":\"Unknown\",\"params\":{},\"status\":0,\"userName\":\"teacher_zhang\"},{\"browser\":\"Unknown\",\"ipaddr\":\"未知\",\"loginId\":8,\"loginLocation\":\"未知\",\"loginTime\":\"2025-11-12 17:37:56\",\"msg\":\"登录成功\",\"os\":\"Unknown\",\"params\":{},\"status\":0,\"userName\":\"teacher_zhang\"},{\"browser\":\"Unknown\",\"ipaddr\":\"未知\",\"loginId\":7,\"loginLocation\":\"未知\",\"loginTime\":\"2025-11-12 17:37:50\",\"msg\":\"用户不存在/密码错误\",\"os\":\"Unknown\",\"params\":{},\"status\":1,\"userName\":\"teacher_zhang\"},{\"browser\":\"Unknown\",\"ipaddr\":\"未知\",\"loginId\":6,\"loginLocation\":\"未知\",\"loginTime\":\"2025-11-12 17:37:27\",\"msg\":\"登录成功\",\"os\":\"Unknown\",\"params\":{},\"status\":0,\"userName\":\"teacher_zhang\"},{\"browser\":\"Unknown\",\"ipaddr\":\"未知\",\"loginId\":5,\"loginLocation\":\"未知\",\"loginTime\":\"2025-11-12 17:37:25\",\"msg\":\"验证码错误\",\"os\":\"Unknown\",\"params\":{},\"status\":1,\"userName\":\"teacher_zhang\"},{\"browser\":\"Unknown\",\"ipaddr\":\"未知\",\"loginId\":4,\"loginLocation\":\"未知\",\"loginTime\":\"2025-11-12 17:37:21\",\"msg\":\"验证码错误\",\"os\":\"Unknown\",\"params\":{},\"status\":1,\"userName\":\"teacher_zhang\"},{\"browser\":\"Unknown\",\"ipaddr\":\"未知\",\"loginId\":3,\"loginLocation\":\"未知\",\"loginTime\":\"2025-11-12 17:36:34\",\"msg\":\"登录成功\",\"os\":\"Unknown\",\"params\":{},\"status\":0,\"userName\":\"teacher_zhang\"},{\"browser\":\"Unknown\",\"ipaddr\":\"未知\",\"loginId\":2,\"loginLocation\":\"未知\",\"loginTime\":\"2025-11-12 17:18:07\",\"msg\":\"登录成功\",\"os\":\"Unknown\",\"params\":{},\"status\":0,\"userName\":\"admin\"}],\"total\":11}', 0, NULL, '2025-11-12 17:47:46');
INSERT INTO `class_oper_log` VALUES (105, '登录日志', 0, 'com.ruoyi.web.controller.proj_cyq.ClassLoginLogController.list()', 'GET', 1, '系统用户', '系统部门', '/proj_cyq/loginlog/list', '127.0.0.1', NULL, '{\"params\":{}}', '{\"code\":200,\"msg\":\"查询成功\",\"rows\":[{\"browser\":\"Unknown\",\"ipaddr\":\"未知\",\"loginId\":11,\"loginLocation\":\"未知\",\"loginTime\":\"2025-11-12 17:47:42\",\"msg\":\"登录成功\",\"os\":\"Unknown\",\"params\":{},\"status\":0,\"userName\":\"admin\"},{\"browser\":\"Unknown\",\"ipaddr\":\"未知\",\"loginId\":10,\"loginLocation\":\"未知\",\"loginTime\":\"2025-11-12 17:47:19\",\"msg\":\"登录成功\",\"os\":\"Unknown\",\"params\":{},\"status\":0,\"userName\":\"teacher_zhang\"},{\"browser\":\"Unknown\",\"ipaddr\":\"未知\",\"loginId\":9,\"loginLocation\":\"未知\",\"loginTime\":\"2025-11-12 17:40:31\",\"msg\":\"登录成功\",\"os\":\"Unknown\",\"params\":{},\"status\":0,\"userName\":\"teacher_zhang\"},{\"browser\":\"Unknown\",\"ipaddr\":\"未知\",\"loginId\":8,\"loginLocation\":\"未知\",\"loginTime\":\"2025-11-12 17:37:56\",\"msg\":\"登录成功\",\"os\":\"Unknown\",\"params\":{},\"status\":0,\"userName\":\"teacher_zhang\"},{\"browser\":\"Unknown\",\"ipaddr\":\"未知\",\"loginId\":7,\"loginLocation\":\"未知\",\"loginTime\":\"2025-11-12 17:37:50\",\"msg\":\"用户不存在/密码错误\",\"os\":\"Unknown\",\"params\":{},\"status\":1,\"userName\":\"teacher_zhang\"},{\"browser\":\"Unknown\",\"ipaddr\":\"未知\",\"loginId\":6,\"loginLocation\":\"未知\",\"loginTime\":\"2025-11-12 17:37:27\",\"msg\":\"登录成功\",\"os\":\"Unknown\",\"params\":{},\"status\":0,\"userName\":\"teacher_zhang\"},{\"browser\":\"Unknown\",\"ipaddr\":\"未知\",\"loginId\":5,\"loginLocation\":\"未知\",\"loginTime\":\"2025-11-12 17:37:25\",\"msg\":\"验证码错误\",\"os\":\"Unknown\",\"params\":{},\"status\":1,\"userName\":\"teacher_zhang\"},{\"browser\":\"Unknown\",\"ipaddr\":\"未知\",\"loginId\":4,\"loginLocation\":\"未知\",\"loginTime\":\"2025-11-12 17:37:21\",\"msg\":\"验证码错误\",\"os\":\"Unknown\",\"params\":{},\"status\":1,\"userName\":\"teacher_zhang\"},{\"browser\":\"Unknown\",\"ipaddr\":\"未知\",\"loginId\":3,\"loginLocation\":\"未知\",\"loginTime\":\"2025-11-12 17:36:34\",\"msg\":\"登录成功\",\"os\":\"Unknown\",\"params\":{},\"status\":0,\"userName\":\"teacher_zhang\"},{\"browser\":\"Unknown\",\"ipaddr\":\"未知\",\"loginId\":2,\"loginLocation\":\"未知\",\"loginTime\":\"2025-11-12 17:18:07\",\"msg\":\"登录成功\",\"os\":\"Unknown\",\"params\":{},\"status\":0,\"userName\":\"admin\"}],\"total\":11}', 0, NULL, '2025-11-12 17:52:38');
INSERT INTO `class_oper_log` VALUES (106, '登录日志', 0, 'com.ruoyi.web.controller.proj_cyq.ClassLoginLogController.list()', 'GET', 1, '系统用户', '系统部门', '/proj_cyq/loginlog/list', '127.0.0.1', NULL, '{\"params\":{}}', '{\"code\":200,\"msg\":\"查询成功\",\"rows\":[{\"browser\":\"Unknown\",\"ipaddr\":\"未知\",\"loginId\":12,\"loginLocation\":\"未知\",\"loginTime\":\"2025-11-12 17:52:46\",\"msg\":\"登录成功\",\"os\":\"Unknown\",\"params\":{},\"status\":0,\"userName\":\"admin\"},{\"browser\":\"Unknown\",\"ipaddr\":\"未知\",\"loginId\":11,\"loginLocation\":\"未知\",\"loginTime\":\"2025-11-12 17:47:42\",\"msg\":\"登录成功\",\"os\":\"Unknown\",\"params\":{},\"status\":0,\"userName\":\"admin\"},{\"browser\":\"Unknown\",\"ipaddr\":\"未知\",\"loginId\":10,\"loginLocation\":\"未知\",\"loginTime\":\"2025-11-12 17:47:19\",\"msg\":\"登录成功\",\"os\":\"Unknown\",\"params\":{},\"status\":0,\"userName\":\"teacher_zhang\"},{\"browser\":\"Unknown\",\"ipaddr\":\"未知\",\"loginId\":9,\"loginLocation\":\"未知\",\"loginTime\":\"2025-11-12 17:40:31\",\"msg\":\"登录成功\",\"os\":\"Unknown\",\"params\":{},\"status\":0,\"userName\":\"teacher_zhang\"},{\"browser\":\"Unknown\",\"ipaddr\":\"未知\",\"loginId\":8,\"loginLocation\":\"未知\",\"loginTime\":\"2025-11-12 17:37:56\",\"msg\":\"登录成功\",\"os\":\"Unknown\",\"params\":{},\"status\":0,\"userName\":\"teacher_zhang\"},{\"browser\":\"Unknown\",\"ipaddr\":\"未知\",\"loginId\":7,\"loginLocation\":\"未知\",\"loginTime\":\"2025-11-12 17:37:50\",\"msg\":\"用户不存在/密码错误\",\"os\":\"Unknown\",\"params\":{},\"status\":1,\"userName\":\"teacher_zhang\"},{\"browser\":\"Unknown\",\"ipaddr\":\"未知\",\"loginId\":6,\"loginLocation\":\"未知\",\"loginTime\":\"2025-11-12 17:37:27\",\"msg\":\"登录成功\",\"os\":\"Unknown\",\"params\":{},\"status\":0,\"userName\":\"teacher_zhang\"},{\"browser\":\"Unknown\",\"ipaddr\":\"未知\",\"loginId\":5,\"loginLocation\":\"未知\",\"loginTime\":\"2025-11-12 17:37:25\",\"msg\":\"验证码错误\",\"os\":\"Unknown\",\"params\":{},\"status\":1,\"userName\":\"teacher_zhang\"},{\"browser\":\"Unknown\",\"ipaddr\":\"未知\",\"loginId\":4,\"loginLocation\":\"未知\",\"loginTime\":\"2025-11-12 17:37:21\",\"msg\":\"验证码错误\",\"os\":\"Unknown\",\"params\":{},\"status\":1,\"userName\":\"teacher_zhang\"},{\"browser\":\"Unknown\",\"ipaddr\":\"未知\",\"loginId\":3,\"loginLocation\":\"未知\",\"loginTime\":\"2025-11-12 17:36:34\",\"msg\":\"登录成功\",\"os\":\"Unknown\",\"params\":{},\"status\":0,\"userName\":\"teacher_zhang\"}],\"total\":12}', 0, NULL, '2025-11-12 17:52:50');
INSERT INTO `class_oper_log` VALUES (107, '登录日志', 0, 'com.ruoyi.web.controller.proj_cyq.ClassLoginLogController.list()', 'GET', 1, '系统用户', '系统部门', '/proj_cyq/loginlog/list', '127.0.0.1', NULL, '{\"params\":{}}', '{\"code\":200,\"msg\":\"查询成功\",\"rows\":[{\"browser\":\"Unknown\",\"ipaddr\":\"未知\",\"loginId\":12,\"loginLocation\":\"未知\",\"loginTime\":\"2025-11-12 17:52:46\",\"msg\":\"登录成功\",\"os\":\"Unknown\",\"params\":{},\"status\":0,\"userName\":\"admin\"},{\"browser\":\"Unknown\",\"ipaddr\":\"未知\",\"loginId\":11,\"loginLocation\":\"未知\",\"loginTime\":\"2025-11-12 17:47:42\",\"msg\":\"登录成功\",\"os\":\"Unknown\",\"params\":{},\"status\":0,\"userName\":\"admin\"},{\"browser\":\"Unknown\",\"ipaddr\":\"未知\",\"loginId\":10,\"loginLocation\":\"未知\",\"loginTime\":\"2025-11-12 17:47:19\",\"msg\":\"登录成功\",\"os\":\"Unknown\",\"params\":{},\"status\":0,\"userName\":\"teacher_zhang\"},{\"browser\":\"Unknown\",\"ipaddr\":\"未知\",\"loginId\":9,\"loginLocation\":\"未知\",\"loginTime\":\"2025-11-12 17:40:31\",\"msg\":\"登录成功\",\"os\":\"Unknown\",\"params\":{},\"status\":0,\"userName\":\"teacher_zhang\"},{\"browser\":\"Unknown\",\"ipaddr\":\"未知\",\"loginId\":8,\"loginLocation\":\"未知\",\"loginTime\":\"2025-11-12 17:37:56\",\"msg\":\"登录成功\",\"os\":\"Unknown\",\"params\":{},\"status\":0,\"userName\":\"teacher_zhang\"},{\"browser\":\"Unknown\",\"ipaddr\":\"未知\",\"loginId\":7,\"loginLocation\":\"未知\",\"loginTime\":\"2025-11-12 17:37:50\",\"msg\":\"用户不存在/密码错误\",\"os\":\"Unknown\",\"params\":{},\"status\":1,\"userName\":\"teacher_zhang\"},{\"browser\":\"Unknown\",\"ipaddr\":\"未知\",\"loginId\":6,\"loginLocation\":\"未知\",\"loginTime\":\"2025-11-12 17:37:27\",\"msg\":\"登录成功\",\"os\":\"Unknown\",\"params\":{},\"status\":0,\"userName\":\"teacher_zhang\"},{\"browser\":\"Unknown\",\"ipaddr\":\"未知\",\"loginId\":5,\"loginLocation\":\"未知\",\"loginTime\":\"2025-11-12 17:37:25\",\"msg\":\"验证码错误\",\"os\":\"Unknown\",\"params\":{},\"status\":1,\"userName\":\"teacher_zhang\"},{\"browser\":\"Unknown\",\"ipaddr\":\"未知\",\"loginId\":4,\"loginLocation\":\"未知\",\"loginTime\":\"2025-11-12 17:37:21\",\"msg\":\"验证码错误\",\"os\":\"Unknown\",\"params\":{},\"status\":1,\"userName\":\"teacher_zhang\"},{\"browser\":\"Unknown\",\"ipaddr\":\"未知\",\"loginId\":3,\"loginLocation\":\"未知\",\"loginTime\":\"2025-11-12 17:36:34\",\"msg\":\"登录成功\",\"os\":\"Unknown\",\"params\":{},\"status\":0,\"userName\":\"teacher_zhang\"}],\"total\":12}', 0, NULL, '2025-11-12 18:07:45');
INSERT INTO `class_oper_log` VALUES (108, '登录日志', 0, 'com.ruoyi.web.controller.proj_cyq.ClassLoginLogController.list()', 'GET', 1, '系统用户', '系统部门', '/proj_cyq/loginlog/list', '127.0.0.1', NULL, '{\"params\":{}}', '{\"code\":200,\"msg\":\"查询成功\",\"rows\":[{\"browser\":\"Unknown\",\"ipaddr\":\"未知\",\"loginId\":13,\"loginLocation\":\"未知\",\"loginTime\":\"2025-11-12 18:08:12\",\"msg\":\"登录成功\",\"os\":\"Unknown\",\"params\":{},\"status\":0,\"userName\":\"teacher_zhang\"},{\"browser\":\"Unknown\",\"ipaddr\":\"未知\",\"loginId\":12,\"loginLocation\":\"未知\",\"loginTime\":\"2025-11-12 17:52:46\",\"msg\":\"登录成功\",\"os\":\"Unknown\",\"params\":{},\"status\":0,\"userName\":\"admin\"},{\"browser\":\"Unknown\",\"ipaddr\":\"未知\",\"loginId\":11,\"loginLocation\":\"未知\",\"loginTime\":\"2025-11-12 17:47:42\",\"msg\":\"登录成功\",\"os\":\"Unknown\",\"params\":{},\"status\":0,\"userName\":\"admin\"},{\"browser\":\"Unknown\",\"ipaddr\":\"未知\",\"loginId\":10,\"loginLocation\":\"未知\",\"loginTime\":\"2025-11-12 17:47:19\",\"msg\":\"登录成功\",\"os\":\"Unknown\",\"params\":{},\"status\":0,\"userName\":\"teacher_zhang\"},{\"browser\":\"Unknown\",\"ipaddr\":\"未知\",\"loginId\":9,\"loginLocation\":\"未知\",\"loginTime\":\"2025-11-12 17:40:31\",\"msg\":\"登录成功\",\"os\":\"Unknown\",\"params\":{},\"status\":0,\"userName\":\"teacher_zhang\"},{\"browser\":\"Unknown\",\"ipaddr\":\"未知\",\"loginId\":8,\"loginLocation\":\"未知\",\"loginTime\":\"2025-11-12 17:37:56\",\"msg\":\"登录成功\",\"os\":\"Unknown\",\"params\":{},\"status\":0,\"userName\":\"teacher_zhang\"},{\"browser\":\"Unknown\",\"ipaddr\":\"未知\",\"loginId\":7,\"loginLocation\":\"未知\",\"loginTime\":\"2025-11-12 17:37:50\",\"msg\":\"用户不存在/密码错误\",\"os\":\"Unknown\",\"params\":{},\"status\":1,\"userName\":\"teacher_zhang\"},{\"browser\":\"Unknown\",\"ipaddr\":\"未知\",\"loginId\":6,\"loginLocation\":\"未知\",\"loginTime\":\"2025-11-12 17:37:27\",\"msg\":\"登录成功\",\"os\":\"Unknown\",\"params\":{},\"status\":0,\"userName\":\"teacher_zhang\"},{\"browser\":\"Unknown\",\"ipaddr\":\"未知\",\"loginId\":5,\"loginLocation\":\"未知\",\"loginTime\":\"2025-11-12 17:37:25\",\"msg\":\"验证码错误\",\"os\":\"Unknown\",\"params\":{},\"status\":1,\"userName\":\"teacher_zhang\"},{\"browser\":\"Unknown\",\"ipaddr\":\"未知\",\"loginId\":4,\"loginLocation\":\"未知\",\"loginTime\":\"2025-11-12 17:37:21\",\"msg\":\"验证码错误\",\"os\":\"Unknown\",\"params\":{},\"status\":1,\"userName\":\"teacher_zhang\"}],\"total\":13}', 0, NULL, '2025-11-12 18:08:15');
INSERT INTO `class_oper_log` VALUES (109, '登录日志', 0, 'com.ruoyi.web.controller.proj_cyq.ClassLoginLogController.list()', 'GET', 1, '系统用户', '系统部门', '/proj_cyq/loginlog/list', '127.0.0.1', NULL, '{\"params\":{}}', '{\"code\":200,\"msg\":\"查询成功\",\"rows\":[{\"browser\":\"Unknown\",\"ipaddr\":\"未知\",\"loginId\":13,\"loginLocation\":\"未知\",\"loginTime\":\"2025-11-12 18:08:12\",\"msg\":\"登录成功\",\"os\":\"Unknown\",\"params\":{},\"status\":0,\"userName\":\"teacher_zhang\"},{\"browser\":\"Unknown\",\"ipaddr\":\"未知\",\"loginId\":12,\"loginLocation\":\"未知\",\"loginTime\":\"2025-11-12 17:52:46\",\"msg\":\"登录成功\",\"os\":\"Unknown\",\"params\":{},\"status\":0,\"userName\":\"admin\"},{\"browser\":\"Unknown\",\"ipaddr\":\"未知\",\"loginId\":11,\"loginLocation\":\"未知\",\"loginTime\":\"2025-11-12 17:47:42\",\"msg\":\"登录成功\",\"os\":\"Unknown\",\"params\":{},\"status\":0,\"userName\":\"admin\"},{\"browser\":\"Unknown\",\"ipaddr\":\"未知\",\"loginId\":10,\"loginLocation\":\"未知\",\"loginTime\":\"2025-11-12 17:47:19\",\"msg\":\"登录成功\",\"os\":\"Unknown\",\"params\":{},\"status\":0,\"userName\":\"teacher_zhang\"},{\"browser\":\"Unknown\",\"ipaddr\":\"未知\",\"loginId\":9,\"loginLocation\":\"未知\",\"loginTime\":\"2025-11-12 17:40:31\",\"msg\":\"登录成功\",\"os\":\"Unknown\",\"params\":{},\"status\":0,\"userName\":\"teacher_zhang\"},{\"browser\":\"Unknown\",\"ipaddr\":\"未知\",\"loginId\":8,\"loginLocation\":\"未知\",\"loginTime\":\"2025-11-12 17:37:56\",\"msg\":\"登录成功\",\"os\":\"Unknown\",\"params\":{},\"status\":0,\"userName\":\"teacher_zhang\"},{\"browser\":\"Unknown\",\"ipaddr\":\"未知\",\"loginId\":7,\"loginLocation\":\"未知\",\"loginTime\":\"2025-11-12 17:37:50\",\"msg\":\"用户不存在/密码错误\",\"os\":\"Unknown\",\"params\":{},\"status\":1,\"userName\":\"teacher_zhang\"},{\"browser\":\"Unknown\",\"ipaddr\":\"未知\",\"loginId\":6,\"loginLocation\":\"未知\",\"loginTime\":\"2025-11-12 17:37:27\",\"msg\":\"登录成功\",\"os\":\"Unknown\",\"params\":{},\"status\":0,\"userName\":\"teacher_zhang\"},{\"browser\":\"Unknown\",\"ipaddr\":\"未知\",\"loginId\":5,\"loginLocation\":\"未知\",\"loginTime\":\"2025-11-12 17:37:25\",\"msg\":\"验证码错误\",\"os\":\"Unknown\",\"params\":{},\"status\":1,\"userName\":\"teacher_zhang\"},{\"browser\":\"Unknown\",\"ipaddr\":\"未知\",\"loginId\":4,\"loginLocation\":\"未知\",\"loginTime\":\"2025-11-12 17:37:21\",\"msg\":\"验证码错误\",\"os\":\"Unknown\",\"params\":{},\"status\":1,\"userName\":\"teacher_zhang\"}],\"total\":13}', 0, NULL, '2025-11-12 18:08:19');
INSERT INTO `class_oper_log` VALUES (110, '登录日志', 0, 'com.ruoyi.web.controller.proj_cyq.ClassLoginLogController.list()', 'GET', 1, '系统用户', '系统部门', '/proj_cyq/loginlog/list', '127.0.0.1', NULL, '{\"params\":{}}', '{\"code\":200,\"msg\":\"查询成功\",\"rows\":[{\"browser\":\"Unknown\",\"ipaddr\":\"未知\",\"loginId\":13,\"loginLocation\":\"未知\",\"loginTime\":\"2025-11-12 18:08:12\",\"msg\":\"登录成功\",\"os\":\"Unknown\",\"params\":{},\"status\":0,\"userName\":\"teacher_zhang\"},{\"browser\":\"Unknown\",\"ipaddr\":\"未知\",\"loginId\":12,\"loginLocation\":\"未知\",\"loginTime\":\"2025-11-12 17:52:46\",\"msg\":\"登录成功\",\"os\":\"Unknown\",\"params\":{},\"status\":0,\"userName\":\"admin\"},{\"browser\":\"Unknown\",\"ipaddr\":\"未知\",\"loginId\":11,\"loginLocation\":\"未知\",\"loginTime\":\"2025-11-12 17:47:42\",\"msg\":\"登录成功\",\"os\":\"Unknown\",\"params\":{},\"status\":0,\"userName\":\"admin\"},{\"browser\":\"Unknown\",\"ipaddr\":\"未知\",\"loginId\":10,\"loginLocation\":\"未知\",\"loginTime\":\"2025-11-12 17:47:19\",\"msg\":\"登录成功\",\"os\":\"Unknown\",\"params\":{},\"status\":0,\"userName\":\"teacher_zhang\"},{\"browser\":\"Unknown\",\"ipaddr\":\"未知\",\"loginId\":9,\"loginLocation\":\"未知\",\"loginTime\":\"2025-11-12 17:40:31\",\"msg\":\"登录成功\",\"os\":\"Unknown\",\"params\":{},\"status\":0,\"userName\":\"teacher_zhang\"},{\"browser\":\"Unknown\",\"ipaddr\":\"未知\",\"loginId\":8,\"loginLocation\":\"未知\",\"loginTime\":\"2025-11-12 17:37:56\",\"msg\":\"登录成功\",\"os\":\"Unknown\",\"params\":{},\"status\":0,\"userName\":\"teacher_zhang\"},{\"browser\":\"Unknown\",\"ipaddr\":\"未知\",\"loginId\":7,\"loginLocation\":\"未知\",\"loginTime\":\"2025-11-12 17:37:50\",\"msg\":\"用户不存在/密码错误\",\"os\":\"Unknown\",\"params\":{},\"status\":1,\"userName\":\"teacher_zhang\"},{\"browser\":\"Unknown\",\"ipaddr\":\"未知\",\"loginId\":6,\"loginLocation\":\"未知\",\"loginTime\":\"2025-11-12 17:37:27\",\"msg\":\"登录成功\",\"os\":\"Unknown\",\"params\":{},\"status\":0,\"userName\":\"teacher_zhang\"},{\"browser\":\"Unknown\",\"ipaddr\":\"未知\",\"loginId\":5,\"loginLocation\":\"未知\",\"loginTime\":\"2025-11-12 17:37:25\",\"msg\":\"验证码错误\",\"os\":\"Unknown\",\"params\":{},\"status\":1,\"userName\":\"teacher_zhang\"},{\"browser\":\"Unknown\",\"ipaddr\":\"未知\",\"loginId\":4,\"loginLocation\":\"未知\",\"loginTime\":\"2025-11-12 17:37:21\",\"msg\":\"验证码错误\",\"os\":\"Unknown\",\"params\":{},\"status\":1,\"userName\":\"teacher_zhang\"}],\"total\":13}', 0, NULL, '2025-11-12 18:08:19');
INSERT INTO `class_oper_log` VALUES (111, '登录日志', 0, 'com.ruoyi.web.controller.proj_cyq.ClassLoginLogController.list()', 'GET', 1, '系统用户', '系统部门', '/proj_cyq/loginlog/list', '127.0.0.1', NULL, '{\"params\":{}}', '{\"code\":200,\"msg\":\"查询成功\",\"rows\":[{\"browser\":\"Unknown\",\"ipaddr\":\"未知\",\"loginId\":13,\"loginLocation\":\"未知\",\"loginTime\":\"2025-11-12 18:08:12\",\"msg\":\"登录成功\",\"os\":\"Unknown\",\"params\":{},\"status\":0,\"userName\":\"teacher_zhang\"},{\"browser\":\"Unknown\",\"ipaddr\":\"未知\",\"loginId\":12,\"loginLocation\":\"未知\",\"loginTime\":\"2025-11-12 17:52:46\",\"msg\":\"登录成功\",\"os\":\"Unknown\",\"params\":{},\"status\":0,\"userName\":\"admin\"},{\"browser\":\"Unknown\",\"ipaddr\":\"未知\",\"loginId\":11,\"loginLocation\":\"未知\",\"loginTime\":\"2025-11-12 17:47:42\",\"msg\":\"登录成功\",\"os\":\"Unknown\",\"params\":{},\"status\":0,\"userName\":\"admin\"},{\"browser\":\"Unknown\",\"ipaddr\":\"未知\",\"loginId\":10,\"loginLocation\":\"未知\",\"loginTime\":\"2025-11-12 17:47:19\",\"msg\":\"登录成功\",\"os\":\"Unknown\",\"params\":{},\"status\":0,\"userName\":\"teacher_zhang\"},{\"browser\":\"Unknown\",\"ipaddr\":\"未知\",\"loginId\":9,\"loginLocation\":\"未知\",\"loginTime\":\"2025-11-12 17:40:31\",\"msg\":\"登录成功\",\"os\":\"Unknown\",\"params\":{},\"status\":0,\"userName\":\"teacher_zhang\"},{\"browser\":\"Unknown\",\"ipaddr\":\"未知\",\"loginId\":8,\"loginLocation\":\"未知\",\"loginTime\":\"2025-11-12 17:37:56\",\"msg\":\"登录成功\",\"os\":\"Unknown\",\"params\":{},\"status\":0,\"userName\":\"teacher_zhang\"},{\"browser\":\"Unknown\",\"ipaddr\":\"未知\",\"loginId\":7,\"loginLocation\":\"未知\",\"loginTime\":\"2025-11-12 17:37:50\",\"msg\":\"用户不存在/密码错误\",\"os\":\"Unknown\",\"params\":{},\"status\":1,\"userName\":\"teacher_zhang\"},{\"browser\":\"Unknown\",\"ipaddr\":\"未知\",\"loginId\":6,\"loginLocation\":\"未知\",\"loginTime\":\"2025-11-12 17:37:27\",\"msg\":\"登录成功\",\"os\":\"Unknown\",\"params\":{},\"status\":0,\"userName\":\"teacher_zhang\"},{\"browser\":\"Unknown\",\"ipaddr\":\"未知\",\"loginId\":5,\"loginLocation\":\"未知\",\"loginTime\":\"2025-11-12 17:37:25\",\"msg\":\"验证码错误\",\"os\":\"Unknown\",\"params\":{},\"status\":1,\"userName\":\"teacher_zhang\"},{\"browser\":\"Unknown\",\"ipaddr\":\"未知\",\"loginId\":4,\"loginLocation\":\"未知\",\"loginTime\":\"2025-11-12 17:37:21\",\"msg\":\"验证码错误\",\"os\":\"Unknown\",\"params\":{},\"status\":1,\"userName\":\"teacher_zhang\"}],\"total\":13}', 0, NULL, '2025-11-12 18:08:19');
INSERT INTO `class_oper_log` VALUES (112, '登录日志', 0, 'com.ruoyi.web.controller.proj_cyq.ClassLoginLogController.list()', 'GET', 1, '系统用户', '系统部门', '/proj_cyq/loginlog/list', '127.0.0.1', NULL, '{\"params\":{}}', '{\"code\":200,\"msg\":\"查询成功\",\"rows\":[{\"browser\":\"Unknown\",\"ipaddr\":\"未知\",\"loginId\":13,\"loginLocation\":\"未知\",\"loginTime\":\"2025-11-12 18:08:12\",\"msg\":\"登录成功\",\"os\":\"Unknown\",\"params\":{},\"status\":0,\"userName\":\"teacher_zhang\"},{\"browser\":\"Unknown\",\"ipaddr\":\"未知\",\"loginId\":12,\"loginLocation\":\"未知\",\"loginTime\":\"2025-11-12 17:52:46\",\"msg\":\"登录成功\",\"os\":\"Unknown\",\"params\":{},\"status\":0,\"userName\":\"admin\"},{\"browser\":\"Unknown\",\"ipaddr\":\"未知\",\"loginId\":11,\"loginLocation\":\"未知\",\"loginTime\":\"2025-11-12 17:47:42\",\"msg\":\"登录成功\",\"os\":\"Unknown\",\"params\":{},\"status\":0,\"userName\":\"admin\"},{\"browser\":\"Unknown\",\"ipaddr\":\"未知\",\"loginId\":10,\"loginLocation\":\"未知\",\"loginTime\":\"2025-11-12 17:47:19\",\"msg\":\"登录成功\",\"os\":\"Unknown\",\"params\":{},\"status\":0,\"userName\":\"teacher_zhang\"},{\"browser\":\"Unknown\",\"ipaddr\":\"未知\",\"loginId\":9,\"loginLocation\":\"未知\",\"loginTime\":\"2025-11-12 17:40:31\",\"msg\":\"登录成功\",\"os\":\"Unknown\",\"params\":{},\"status\":0,\"userName\":\"teacher_zhang\"},{\"browser\":\"Unknown\",\"ipaddr\":\"未知\",\"loginId\":8,\"loginLocation\":\"未知\",\"loginTime\":\"2025-11-12 17:37:56\",\"msg\":\"登录成功\",\"os\":\"Unknown\",\"params\":{},\"status\":0,\"userName\":\"teacher_zhang\"},{\"browser\":\"Unknown\",\"ipaddr\":\"未知\",\"loginId\":7,\"loginLocation\":\"未知\",\"loginTime\":\"2025-11-12 17:37:50\",\"msg\":\"用户不存在/密码错误\",\"os\":\"Unknown\",\"params\":{},\"status\":1,\"userName\":\"teacher_zhang\"},{\"browser\":\"Unknown\",\"ipaddr\":\"未知\",\"loginId\":6,\"loginLocation\":\"未知\",\"loginTime\":\"2025-11-12 17:37:27\",\"msg\":\"登录成功\",\"os\":\"Unknown\",\"params\":{},\"status\":0,\"userName\":\"teacher_zhang\"},{\"browser\":\"Unknown\",\"ipaddr\":\"未知\",\"loginId\":5,\"loginLocation\":\"未知\",\"loginTime\":\"2025-11-12 17:37:25\",\"msg\":\"验证码错误\",\"os\":\"Unknown\",\"params\":{},\"status\":1,\"userName\":\"teacher_zhang\"},{\"browser\":\"Unknown\",\"ipaddr\":\"未知\",\"loginId\":4,\"loginLocation\":\"未知\",\"loginTime\":\"2025-11-12 17:37:21\",\"msg\":\"验证码错误\",\"os\":\"Unknown\",\"params\":{},\"status\":1,\"userName\":\"teacher_zhang\"}],\"total\":13}', 0, NULL, '2025-11-12 18:08:20');
INSERT INTO `class_oper_log` VALUES (113, '登录日志', 0, 'com.ruoyi.web.controller.proj_cyq.ClassLoginLogController.list()', 'GET', 1, '系统用户', '系统部门', '/proj_cyq/loginlog/list', '127.0.0.1', NULL, '{\"params\":{}}', '{\"code\":200,\"msg\":\"查询成功\",\"rows\":[{\"browser\":\"Unknown\",\"ipaddr\":\"未知\",\"loginId\":13,\"loginLocation\":\"未知\",\"loginTime\":\"2025-11-12 18:08:12\",\"msg\":\"登录成功\",\"os\":\"Unknown\",\"params\":{},\"status\":0,\"userName\":\"teacher_zhang\"},{\"browser\":\"Unknown\",\"ipaddr\":\"未知\",\"loginId\":12,\"loginLocation\":\"未知\",\"loginTime\":\"2025-11-12 17:52:46\",\"msg\":\"登录成功\",\"os\":\"Unknown\",\"params\":{},\"status\":0,\"userName\":\"admin\"},{\"browser\":\"Unknown\",\"ipaddr\":\"未知\",\"loginId\":11,\"loginLocation\":\"未知\",\"loginTime\":\"2025-11-12 17:47:42\",\"msg\":\"登录成功\",\"os\":\"Unknown\",\"params\":{},\"status\":0,\"userName\":\"admin\"},{\"browser\":\"Unknown\",\"ipaddr\":\"未知\",\"loginId\":10,\"loginLocation\":\"未知\",\"loginTime\":\"2025-11-12 17:47:19\",\"msg\":\"登录成功\",\"os\":\"Unknown\",\"params\":{},\"status\":0,\"userName\":\"teacher_zhang\"},{\"browser\":\"Unknown\",\"ipaddr\":\"未知\",\"loginId\":9,\"loginLocation\":\"未知\",\"loginTime\":\"2025-11-12 17:40:31\",\"msg\":\"登录成功\",\"os\":\"Unknown\",\"params\":{},\"status\":0,\"userName\":\"teacher_zhang\"},{\"browser\":\"Unknown\",\"ipaddr\":\"未知\",\"loginId\":8,\"loginLocation\":\"未知\",\"loginTime\":\"2025-11-12 17:37:56\",\"msg\":\"登录成功\",\"os\":\"Unknown\",\"params\":{},\"status\":0,\"userName\":\"teacher_zhang\"},{\"browser\":\"Unknown\",\"ipaddr\":\"未知\",\"loginId\":7,\"loginLocation\":\"未知\",\"loginTime\":\"2025-11-12 17:37:50\",\"msg\":\"用户不存在/密码错误\",\"os\":\"Unknown\",\"params\":{},\"status\":1,\"userName\":\"teacher_zhang\"},{\"browser\":\"Unknown\",\"ipaddr\":\"未知\",\"loginId\":6,\"loginLocation\":\"未知\",\"loginTime\":\"2025-11-12 17:37:27\",\"msg\":\"登录成功\",\"os\":\"Unknown\",\"params\":{},\"status\":0,\"userName\":\"teacher_zhang\"},{\"browser\":\"Unknown\",\"ipaddr\":\"未知\",\"loginId\":5,\"loginLocation\":\"未知\",\"loginTime\":\"2025-11-12 17:37:25\",\"msg\":\"验证码错误\",\"os\":\"Unknown\",\"params\":{},\"status\":1,\"userName\":\"teacher_zhang\"},{\"browser\":\"Unknown\",\"ipaddr\":\"未知\",\"loginId\":4,\"loginLocation\":\"未知\",\"loginTime\":\"2025-11-12 17:37:21\",\"msg\":\"验证码错误\",\"os\":\"Unknown\",\"params\":{},\"status\":1,\"userName\":\"teacher_zhang\"}],\"total\":13}', 0, NULL, '2025-11-12 18:08:20');
INSERT INTO `class_oper_log` VALUES (114, '登录日志', 0, 'com.ruoyi.web.controller.proj_cyq.ClassLoginLogController.list()', 'GET', 1, '系统用户', '系统部门', '/proj_cyq/loginlog/list', '127.0.0.1', NULL, '{\"params\":{}}', '{\"code\":200,\"msg\":\"查询成功\",\"rows\":[{\"browser\":\"Unknown\",\"ipaddr\":\"未知\",\"loginId\":13,\"loginLocation\":\"未知\",\"loginTime\":\"2025-11-12 18:08:12\",\"msg\":\"登录成功\",\"os\":\"Unknown\",\"params\":{},\"status\":0,\"userName\":\"teacher_zhang\"},{\"browser\":\"Unknown\",\"ipaddr\":\"未知\",\"loginId\":12,\"loginLocation\":\"未知\",\"loginTime\":\"2025-11-12 17:52:46\",\"msg\":\"登录成功\",\"os\":\"Unknown\",\"params\":{},\"status\":0,\"userName\":\"admin\"},{\"browser\":\"Unknown\",\"ipaddr\":\"未知\",\"loginId\":11,\"loginLocation\":\"未知\",\"loginTime\":\"2025-11-12 17:47:42\",\"msg\":\"登录成功\",\"os\":\"Unknown\",\"params\":{},\"status\":0,\"userName\":\"admin\"},{\"browser\":\"Unknown\",\"ipaddr\":\"未知\",\"loginId\":10,\"loginLocation\":\"未知\",\"loginTime\":\"2025-11-12 17:47:19\",\"msg\":\"登录成功\",\"os\":\"Unknown\",\"params\":{},\"status\":0,\"userName\":\"teacher_zhang\"},{\"browser\":\"Unknown\",\"ipaddr\":\"未知\",\"loginId\":9,\"loginLocation\":\"未知\",\"loginTime\":\"2025-11-12 17:40:31\",\"msg\":\"登录成功\",\"os\":\"Unknown\",\"params\":{},\"status\":0,\"userName\":\"teacher_zhang\"},{\"browser\":\"Unknown\",\"ipaddr\":\"未知\",\"loginId\":8,\"loginLocation\":\"未知\",\"loginTime\":\"2025-11-12 17:37:56\",\"msg\":\"登录成功\",\"os\":\"Unknown\",\"params\":{},\"status\":0,\"userName\":\"teacher_zhang\"},{\"browser\":\"Unknown\",\"ipaddr\":\"未知\",\"loginId\":7,\"loginLocation\":\"未知\",\"loginTime\":\"2025-11-12 17:37:50\",\"msg\":\"用户不存在/密码错误\",\"os\":\"Unknown\",\"params\":{},\"status\":1,\"userName\":\"teacher_zhang\"},{\"browser\":\"Unknown\",\"ipaddr\":\"未知\",\"loginId\":6,\"loginLocation\":\"未知\",\"loginTime\":\"2025-11-12 17:37:27\",\"msg\":\"登录成功\",\"os\":\"Unknown\",\"params\":{},\"status\":0,\"userName\":\"teacher_zhang\"},{\"browser\":\"Unknown\",\"ipaddr\":\"未知\",\"loginId\":5,\"loginLocation\":\"未知\",\"loginTime\":\"2025-11-12 17:37:25\",\"msg\":\"验证码错误\",\"os\":\"Unknown\",\"params\":{},\"status\":1,\"userName\":\"teacher_zhang\"},{\"browser\":\"Unknown\",\"ipaddr\":\"未知\",\"loginId\":4,\"loginLocation\":\"未知\",\"loginTime\":\"2025-11-12 17:37:21\",\"msg\":\"验证码错误\",\"os\":\"Unknown\",\"params\":{},\"status\":1,\"userName\":\"teacher_zhang\"}],\"total\":13}', 0, NULL, '2025-11-12 18:08:20');
INSERT INTO `class_oper_log` VALUES (115, '登录日志', 0, 'com.ruoyi.web.controller.proj_cyq.ClassLoginLogController.list()', 'GET', 1, '系统用户', '系统部门', '/proj_cyq/loginlog/list', '127.0.0.1', NULL, '{\"params\":{}}', '{\"code\":200,\"msg\":\"查询成功\",\"rows\":[{\"browser\":\"Unknown\",\"ipaddr\":\"未知\",\"loginId\":13,\"loginLocation\":\"未知\",\"loginTime\":\"2025-11-12 18:08:12\",\"msg\":\"登录成功\",\"os\":\"Unknown\",\"params\":{},\"status\":0,\"userName\":\"teacher_zhang\"},{\"browser\":\"Unknown\",\"ipaddr\":\"未知\",\"loginId\":12,\"loginLocation\":\"未知\",\"loginTime\":\"2025-11-12 17:52:46\",\"msg\":\"登录成功\",\"os\":\"Unknown\",\"params\":{},\"status\":0,\"userName\":\"admin\"},{\"browser\":\"Unknown\",\"ipaddr\":\"未知\",\"loginId\":11,\"loginLocation\":\"未知\",\"loginTime\":\"2025-11-12 17:47:42\",\"msg\":\"登录成功\",\"os\":\"Unknown\",\"params\":{},\"status\":0,\"userName\":\"admin\"},{\"browser\":\"Unknown\",\"ipaddr\":\"未知\",\"loginId\":10,\"loginLocation\":\"未知\",\"loginTime\":\"2025-11-12 17:47:19\",\"msg\":\"登录成功\",\"os\":\"Unknown\",\"params\":{},\"status\":0,\"userName\":\"teacher_zhang\"},{\"browser\":\"Unknown\",\"ipaddr\":\"未知\",\"loginId\":9,\"loginLocation\":\"未知\",\"loginTime\":\"2025-11-12 17:40:31\",\"msg\":\"登录成功\",\"os\":\"Unknown\",\"params\":{},\"status\":0,\"userName\":\"teacher_zhang\"},{\"browser\":\"Unknown\",\"ipaddr\":\"未知\",\"loginId\":8,\"loginLocation\":\"未知\",\"loginTime\":\"2025-11-12 17:37:56\",\"msg\":\"登录成功\",\"os\":\"Unknown\",\"params\":{},\"status\":0,\"userName\":\"teacher_zhang\"},{\"browser\":\"Unknown\",\"ipaddr\":\"未知\",\"loginId\":7,\"loginLocation\":\"未知\",\"loginTime\":\"2025-11-12 17:37:50\",\"msg\":\"用户不存在/密码错误\",\"os\":\"Unknown\",\"params\":{},\"status\":1,\"userName\":\"teacher_zhang\"},{\"browser\":\"Unknown\",\"ipaddr\":\"未知\",\"loginId\":6,\"loginLocation\":\"未知\",\"loginTime\":\"2025-11-12 17:37:27\",\"msg\":\"登录成功\",\"os\":\"Unknown\",\"params\":{},\"status\":0,\"userName\":\"teacher_zhang\"},{\"browser\":\"Unknown\",\"ipaddr\":\"未知\",\"loginId\":5,\"loginLocation\":\"未知\",\"loginTime\":\"2025-11-12 17:37:25\",\"msg\":\"验证码错误\",\"os\":\"Unknown\",\"params\":{},\"status\":1,\"userName\":\"teacher_zhang\"},{\"browser\":\"Unknown\",\"ipaddr\":\"未知\",\"loginId\":4,\"loginLocation\":\"未知\",\"loginTime\":\"2025-11-12 17:37:21\",\"msg\":\"验证码错误\",\"os\":\"Unknown\",\"params\":{},\"status\":1,\"userName\":\"teacher_zhang\"}],\"total\":13}', 0, NULL, '2025-11-12 18:19:41');
INSERT INTO `class_oper_log` VALUES (116, '登录日志', 0, 'com.ruoyi.web.controller.proj_cyq.ClassLoginLogController.list()', 'GET', 1, '系统用户', '系统部门', '/proj_cyq/loginlog/list', '127.0.0.1', NULL, '{\"params\":{}}', '{\"code\":200,\"msg\":\"查询成功\",\"rows\":[{\"browser\":\"Unknown\",\"ipaddr\":\"未知\",\"loginId\":14,\"loginLocation\":\"未知\",\"loginTime\":\"2025-11-12 18:19:57\",\"msg\":\"登录成功\",\"os\":\"Unknown\",\"params\":{},\"status\":0,\"userName\":\"admin\"},{\"browser\":\"Unknown\",\"ipaddr\":\"未知\",\"loginId\":13,\"loginLocation\":\"未知\",\"loginTime\":\"2025-11-12 18:08:12\",\"msg\":\"登录成功\",\"os\":\"Unknown\",\"params\":{},\"status\":0,\"userName\":\"teacher_zhang\"},{\"browser\":\"Unknown\",\"ipaddr\":\"未知\",\"loginId\":12,\"loginLocation\":\"未知\",\"loginTime\":\"2025-11-12 17:52:46\",\"msg\":\"登录成功\",\"os\":\"Unknown\",\"params\":{},\"status\":0,\"userName\":\"admin\"},{\"browser\":\"Unknown\",\"ipaddr\":\"未知\",\"loginId\":11,\"loginLocation\":\"未知\",\"loginTime\":\"2025-11-12 17:47:42\",\"msg\":\"登录成功\",\"os\":\"Unknown\",\"params\":{},\"status\":0,\"userName\":\"admin\"},{\"browser\":\"Unknown\",\"ipaddr\":\"未知\",\"loginId\":10,\"loginLocation\":\"未知\",\"loginTime\":\"2025-11-12 17:47:19\",\"msg\":\"登录成功\",\"os\":\"Unknown\",\"params\":{},\"status\":0,\"userName\":\"teacher_zhang\"},{\"browser\":\"Unknown\",\"ipaddr\":\"未知\",\"loginId\":9,\"loginLocation\":\"未知\",\"loginTime\":\"2025-11-12 17:40:31\",\"msg\":\"登录成功\",\"os\":\"Unknown\",\"params\":{},\"status\":0,\"userName\":\"teacher_zhang\"},{\"browser\":\"Unknown\",\"ipaddr\":\"未知\",\"loginId\":8,\"loginLocation\":\"未知\",\"loginTime\":\"2025-11-12 17:37:56\",\"msg\":\"登录成功\",\"os\":\"Unknown\",\"params\":{},\"status\":0,\"userName\":\"teacher_zhang\"},{\"browser\":\"Unknown\",\"ipaddr\":\"未知\",\"loginId\":7,\"loginLocation\":\"未知\",\"loginTime\":\"2025-11-12 17:37:50\",\"msg\":\"用户不存在/密码错误\",\"os\":\"Unknown\",\"params\":{},\"status\":1,\"userName\":\"teacher_zhang\"},{\"browser\":\"Unknown\",\"ipaddr\":\"未知\",\"loginId\":6,\"loginLocation\":\"未知\",\"loginTime\":\"2025-11-12 17:37:27\",\"msg\":\"登录成功\",\"os\":\"Unknown\",\"params\":{},\"status\":0,\"userName\":\"teacher_zhang\"},{\"browser\":\"Unknown\",\"ipaddr\":\"未知\",\"loginId\":5,\"loginLocation\":\"未知\",\"loginTime\":\"2025-11-12 17:37:25\",\"msg\":\"验证码错误\",\"os\":\"Unknown\",\"params\":{},\"status\":1,\"userName\":\"teacher_zhang\"}],\"total\":14}', 0, NULL, '2025-11-12 18:20:02');
INSERT INTO `class_oper_log` VALUES (117, '登录日志', 0, 'com.ruoyi.web.controller.proj_cyq.ClassLoginLogController.list()', 'GET', 1, '系统用户', '系统部门', '/proj_cyq/loginlog/list', '127.0.0.1', NULL, '{\"params\":{}}', '{\"code\":200,\"msg\":\"查询成功\",\"rows\":[{\"browser\":\"Unknown\",\"ipaddr\":\"未知\",\"loginId\":14,\"loginLocation\":\"未知\",\"loginTime\":\"2025-11-12 18:19:57\",\"msg\":\"登录成功\",\"os\":\"Unknown\",\"params\":{},\"status\":0,\"userName\":\"admin\"},{\"browser\":\"Unknown\",\"ipaddr\":\"未知\",\"loginId\":13,\"loginLocation\":\"未知\",\"loginTime\":\"2025-11-12 18:08:12\",\"msg\":\"登录成功\",\"os\":\"Unknown\",\"params\":{},\"status\":0,\"userName\":\"teacher_zhang\"},{\"browser\":\"Unknown\",\"ipaddr\":\"未知\",\"loginId\":12,\"loginLocation\":\"未知\",\"loginTime\":\"2025-11-12 17:52:46\",\"msg\":\"登录成功\",\"os\":\"Unknown\",\"params\":{},\"status\":0,\"userName\":\"admin\"},{\"browser\":\"Unknown\",\"ipaddr\":\"未知\",\"loginId\":11,\"loginLocation\":\"未知\",\"loginTime\":\"2025-11-12 17:47:42\",\"msg\":\"登录成功\",\"os\":\"Unknown\",\"params\":{},\"status\":0,\"userName\":\"admin\"},{\"browser\":\"Unknown\",\"ipaddr\":\"未知\",\"loginId\":10,\"loginLocation\":\"未知\",\"loginTime\":\"2025-11-12 17:47:19\",\"msg\":\"登录成功\",\"os\":\"Unknown\",\"params\":{},\"status\":0,\"userName\":\"teacher_zhang\"},{\"browser\":\"Unknown\",\"ipaddr\":\"未知\",\"loginId\":9,\"loginLocation\":\"未知\",\"loginTime\":\"2025-11-12 17:40:31\",\"msg\":\"登录成功\",\"os\":\"Unknown\",\"params\":{},\"status\":0,\"userName\":\"teacher_zhang\"},{\"browser\":\"Unknown\",\"ipaddr\":\"未知\",\"loginId\":8,\"loginLocation\":\"未知\",\"loginTime\":\"2025-11-12 17:37:56\",\"msg\":\"登录成功\",\"os\":\"Unknown\",\"params\":{},\"status\":0,\"userName\":\"teacher_zhang\"},{\"browser\":\"Unknown\",\"ipaddr\":\"未知\",\"loginId\":7,\"loginLocation\":\"未知\",\"loginTime\":\"2025-11-12 17:37:50\",\"msg\":\"用户不存在/密码错误\",\"os\":\"Unknown\",\"params\":{},\"status\":1,\"userName\":\"teacher_zhang\"},{\"browser\":\"Unknown\",\"ipaddr\":\"未知\",\"loginId\":6,\"loginLocation\":\"未知\",\"loginTime\":\"2025-11-12 17:37:27\",\"msg\":\"登录成功\",\"os\":\"Unknown\",\"params\":{},\"status\":0,\"userName\":\"teacher_zhang\"},{\"browser\":\"Unknown\",\"ipaddr\":\"未知\",\"loginId\":5,\"loginLocation\":\"未知\",\"loginTime\":\"2025-11-12 17:37:25\",\"msg\":\"验证码错误\",\"os\":\"Unknown\",\"params\":{},\"status\":1,\"userName\":\"teacher_zhang\"}],\"total\":14}', 0, NULL, '2025-11-12 18:29:42');
INSERT INTO `class_oper_log` VALUES (118, '登录日志', 0, 'com.ruoyi.web.controller.proj_cyq.ClassLoginLogController.list()', 'GET', 1, '系统用户', '系统部门', '/proj_cyq/loginlog/list', '127.0.0.1', NULL, '{\"params\":{}}', '{\"code\":200,\"msg\":\"查询成功\",\"rows\":[{\"browser\":\"Unknown\",\"ipaddr\":\"未知\",\"loginId\":17,\"loginLocation\":\"未知\",\"loginTime\":\"2025-11-12 18:30:01\",\"msg\":\"登录成功\",\"os\":\"Unknown\",\"params\":{},\"status\":0,\"userName\":\"teacher_zhang\"},{\"browser\":\"Unknown\",\"ipaddr\":\"未知\",\"loginId\":16,\"loginLocation\":\"未知\",\"loginTime\":\"2025-11-12 18:29:58\",\"msg\":\"验证码错误\",\"os\":\"Unknown\",\"params\":{},\"status\":1,\"userName\":\"teacher_zhang\"},{\"browser\":\"Chrome 14\",\"ipaddr\":\"127.0.0.1\",\"loginId\":15,\"loginLocation\":\"内网IP\",\"loginTime\":\"2025-11-12 18:29:47\",\"msg\":\"退出成功\",\"os\":\"Windows 10\",\"params\":{},\"status\":0,\"userName\":\"未知用户\"},{\"browser\":\"Unknown\",\"ipaddr\":\"未知\",\"loginId\":14,\"loginLocation\":\"未知\",\"loginTime\":\"2025-11-12 18:19:57\",\"msg\":\"登录成功\",\"os\":\"Unknown\",\"params\":{},\"status\":0,\"userName\":\"admin\"},{\"browser\":\"Unknown\",\"ipaddr\":\"未知\",\"loginId\":13,\"loginLocation\":\"未知\",\"loginTime\":\"2025-11-12 18:08:12\",\"msg\":\"登录成功\",\"os\":\"Unknown\",\"params\":{},\"status\":0,\"userName\":\"teacher_zhang\"},{\"browser\":\"Unknown\",\"ipaddr\":\"未知\",\"loginId\":12,\"loginLocation\":\"未知\",\"loginTime\":\"2025-11-12 17:52:46\",\"msg\":\"登录成功\",\"os\":\"Unknown\",\"params\":{},\"status\":0,\"userName\":\"admin\"},{\"browser\":\"Unknown\",\"ipaddr\":\"未知\",\"loginId\":11,\"loginLocation\":\"未知\",\"loginTime\":\"2025-11-12 17:47:42\",\"msg\":\"登录成功\",\"os\":\"Unknown\",\"params\":{},\"status\":0,\"userName\":\"admin\"},{\"browser\":\"Unknown\",\"ipaddr\":\"未知\",\"loginId\":10,\"loginLocation\":\"未知\",\"loginTime\":\"2025-11-12 17:47:19\",\"msg\":\"登录成功\",\"os\":\"Unknown\",\"params\":{},\"status\":0,\"userName\":\"teacher_zhang\"},{\"browser\":\"Unknown\",\"ipaddr\":\"未知\",\"loginId\":9,\"loginLocation\":\"未知\",\"loginTime\":\"2025-11-12 17:40:31\",\"msg\":\"登录成功\",\"os\":\"Unknown\",\"params\":{},\"status\":0,\"userName\":\"teacher_zhang\"},{\"browser\":\"Unknown\",\"ipaddr\":\"未知\",\"loginId\":8,\"loginLocation\":\"未知\",\"loginTime\":\"2025-11-12 17:37:56\",\"msg\":\"登录成功\",\"os\":\"Unknown\",\"params\":{},\"status\":0,\"userName\":\"teacher_zhang\"}],\"total\":17}', 0, NULL, '2025-11-12 18:30:06');
INSERT INTO `class_oper_log` VALUES (119, '登录日志', 0, 'com.ruoyi.web.controller.proj_cyq.ClassLoginLogController.list()', 'GET', 1, '系统用户', '系统部门', '/proj_cyq/loginlog/list', '127.0.0.1', NULL, '{\"params\":{}}', '{\"code\":200,\"msg\":\"查询成功\",\"rows\":[{\"browser\":\"Unknown\",\"ipaddr\":\"未知\",\"loginId\":7,\"loginLocation\":\"未知\",\"loginTime\":\"2025-11-12 17:37:50\",\"msg\":\"用户不存在/密码错误\",\"os\":\"Unknown\",\"params\":{},\"status\":1,\"userName\":\"teacher_zhang\"},{\"browser\":\"Unknown\",\"ipaddr\":\"未知\",\"loginId\":6,\"loginLocation\":\"未知\",\"loginTime\":\"2025-11-12 17:37:27\",\"msg\":\"登录成功\",\"os\":\"Unknown\",\"params\":{},\"status\":0,\"userName\":\"teacher_zhang\"},{\"browser\":\"Unknown\",\"ipaddr\":\"未知\",\"loginId\":5,\"loginLocation\":\"未知\",\"loginTime\":\"2025-11-12 17:37:25\",\"msg\":\"验证码错误\",\"os\":\"Unknown\",\"params\":{},\"status\":1,\"userName\":\"teacher_zhang\"},{\"browser\":\"Unknown\",\"ipaddr\":\"未知\",\"loginId\":4,\"loginLocation\":\"未知\",\"loginTime\":\"2025-11-12 17:37:21\",\"msg\":\"验证码错误\",\"os\":\"Unknown\",\"params\":{},\"status\":1,\"userName\":\"teacher_zhang\"},{\"browser\":\"Unknown\",\"ipaddr\":\"未知\",\"loginId\":3,\"loginLocation\":\"未知\",\"loginTime\":\"2025-11-12 17:36:34\",\"msg\":\"登录成功\",\"os\":\"Unknown\",\"params\":{},\"status\":0,\"userName\":\"teacher_zhang\"},{\"browser\":\"Unknown\",\"ipaddr\":\"未知\",\"loginId\":2,\"loginLocation\":\"未知\",\"loginTime\":\"2025-11-12 17:18:07\",\"msg\":\"登录成功\",\"os\":\"Unknown\",\"params\":{},\"status\":0,\"userName\":\"admin\"},{\"browser\":\"Unknown\",\"ipaddr\":\"未知\",\"loginId\":1,\"loginLocation\":\"未知\",\"loginTime\":\"2025-11-12 17:17:27\",\"msg\":\"登录成功\",\"os\":\"Unknown\",\"params\":{},\"status\":0,\"userName\":\"teacher_zhang\"}],\"total\":17}', 0, NULL, '2025-11-12 18:33:46');
INSERT INTO `class_oper_log` VALUES (120, '登录日志', 0, 'com.ruoyi.web.controller.proj_cyq.ClassLoginLogController.list()', 'GET', 1, '系统用户', '系统部门', '/proj_cyq/loginlog/list', '127.0.0.1', NULL, '{\"params\":{}}', '{\"code\":200,\"msg\":\"查询成功\",\"rows\":[{\"browser\":\"Chrome\",\"ipaddr\":\"127.0.0.1\",\"loginId\":18,\"loginLocation\":\"内网IP\",\"loginTime\":\"2025-11-12 19:01:23\",\"msg\":\"登录成功\",\"os\":\"Windows 10\",\"params\":{},\"status\":0,\"userName\":\"teacher_zhang\"},{\"browser\":\"Unknown\",\"ipaddr\":\"未知\",\"loginId\":17,\"loginLocation\":\"未知\",\"loginTime\":\"2025-11-12 18:30:01\",\"msg\":\"登录成功\",\"os\":\"Unknown\",\"params\":{},\"status\":0,\"userName\":\"teacher_zhang\"},{\"browser\":\"Unknown\",\"ipaddr\":\"未知\",\"loginId\":16,\"loginLocation\":\"未知\",\"loginTime\":\"2025-11-12 18:29:58\",\"msg\":\"验证码错误\",\"os\":\"Unknown\",\"params\":{},\"status\":1,\"userName\":\"teacher_zhang\"},{\"browser\":\"Chrome 14\",\"ipaddr\":\"127.0.0.1\",\"loginId\":15,\"loginLocation\":\"内网IP\",\"loginTime\":\"2025-11-12 18:29:47\",\"msg\":\"退出成功\",\"os\":\"Windows 10\",\"params\":{},\"status\":0,\"userName\":\"未知用户\"},{\"browser\":\"Unknown\",\"ipaddr\":\"未知\",\"loginId\":14,\"loginLocation\":\"未知\",\"loginTime\":\"2025-11-12 18:19:57\",\"msg\":\"登录成功\",\"os\":\"Unknown\",\"params\":{},\"status\":0,\"userName\":\"admin\"},{\"browser\":\"Unknown\",\"ipaddr\":\"未知\",\"loginId\":13,\"loginLocation\":\"未知\",\"loginTime\":\"2025-11-12 18:08:12\",\"msg\":\"登录成功\",\"os\":\"Unknown\",\"params\":{},\"status\":0,\"userName\":\"teacher_zhang\"},{\"browser\":\"Unknown\",\"ipaddr\":\"未知\",\"loginId\":12,\"loginLocation\":\"未知\",\"loginTime\":\"2025-11-12 17:52:46\",\"msg\":\"登录成功\",\"os\":\"Unknown\",\"params\":{},\"status\":0,\"userName\":\"admin\"},{\"browser\":\"Unknown\",\"ipaddr\":\"未知\",\"loginId\":11,\"loginLocation\":\"未知\",\"loginTime\":\"2025-11-12 17:47:42\",\"msg\":\"登录成功\",\"os\":\"Unknown\",\"params\":{},\"status\":0,\"userName\":\"admin\"},{\"browser\":\"Unknown\",\"ipaddr\":\"未知\",\"loginId\":10,\"loginLocation\":\"未知\",\"loginTime\":\"2025-11-12 17:47:19\",\"msg\":\"登录成功\",\"os\":\"Unknown\",\"params\":{},\"status\":0,\"userName\":\"teacher_zhang\"},{\"browser\":\"Unknown\",\"ipaddr\":\"未知\",\"loginId\":9,\"loginLocation\":\"未知\",\"loginTime\":\"2025-11-12 17:40:31\",\"msg\":\"登录成功\",\"os\":\"Unknown\",\"params\":{},\"status\":0,\"userName\":\"teacher_zhang\"}],\"total\":18}', 0, NULL, '2025-11-12 19:01:27');
INSERT INTO `class_oper_log` VALUES (121, '操作日志', 0, 'com.ruoyi.web.controller.proj_cyq.ClassOperLogController.list()', 'GET', 1, '系统用户', '系统部门', '/proj_cyq/operlog/list', '127.0.0.1', NULL, '{\"params\":{}}', '{\"code\":200,\"msg\":\"查询成功\",\"rows\":[{\"businessType\":0,\"deptName\":\"系统部门\",\"jsonResult\":\"{\\\"code\\\":200,\\\"msg\\\":\\\"查询成功\\\",\\\"rows\\\":[{\\\"browser\\\":\\\"Chrome\\\",\\\"ipaddr\\\":\\\"127.0.0.1\\\",\\\"loginId\\\":18,\\\"loginLocation\\\":\\\"内网IP\\\",\\\"loginTime\\\":\\\"2025-11-12 19:01:23\\\",\\\"msg\\\":\\\"登录成功\\\",\\\"os\\\":\\\"Windows 10\\\",\\\"params\\\":{},\\\"status\\\":0,\\\"userName\\\":\\\"teacher_zhang\\\"},{\\\"browser\\\":\\\"Unknown\\\",\\\"ipaddr\\\":\\\"未知\\\",\\\"loginId\\\":17,\\\"loginLocation\\\":\\\"未知\\\",\\\"loginTime\\\":\\\"2025-11-12 18:30:01\\\",\\\"msg\\\":\\\"登录成功\\\",\\\"os\\\":\\\"Unknown\\\",\\\"params\\\":{},\\\"status\\\":0,\\\"userName\\\":\\\"teacher_zhang\\\"},{\\\"browser\\\":\\\"Unknown\\\",\\\"ipaddr\\\":\\\"未知\\\",\\\"loginId\\\":16,\\\"loginLocation\\\":\\\"未知\\\",\\\"loginTime\\\":\\\"2025-11-12 18:29:58\\\",\\\"msg\\\":\\\"验证码错误\\\",\\\"os\\\":\\\"Unknown\\\",\\\"params\\\":{},\\\"status\\\":1,\\\"userName\\\":\\\"teacher_zhang\\\"},{\\\"browser\\\":\\\"Chrome 14\\\",\\\"ipaddr\\\":\\\"127.0.0.1\\\",\\\"loginId\\\":15,\\\"loginLocation\\\":\\\"内网IP\\\",\\\"loginTime\\\":\\\"2025-11-12 18:29:47\\\",\\\"msg\\\":\\\"退出成功\\\",\\\"os\\\":\\\"Windows 10\\\",\\\"params\\\":{},\\\"status\\\":0,\\\"userName\\\":\\\"未知用户\\\"},{\\\"browser\\\":\\\"Unknown\\\",\\\"ipaddr\\\":\\\"未知\\\",\\\"loginId\\\":14,\\\"loginLocation\\\":\\\"未知\\\",\\\"loginTime\\\":\\\"2025-11-12 18:19:57\\\",\\\"msg\\\":\\\"登录成功\\\",\\\"os\\\":\\\"Unknown\\\",\\\"params\\\":{},\\\"status\\\":0,\\\"userName\\\":\\\"admin\\\"},{\\\"browser\\\":\\\"Unknown\\\",\\\"ipaddr\\\":\\\"未知\\\",\\\"loginId\\\":13,\\\"loginLocation\\\":\\\"未知\\\",\\\"loginTime\\\":\\\"2025-11-12 18:08:12\\\",\\\"msg\\\":\\\"登录成功\\\",\\\"os\\\":\\\"Unknown\\\",\\\"params\\\":{},\\\"status\\\":0,\\\"userName\\\":\\\"teacher_zhang\\\"},{\\\"browser\\\":\\\"Unknown\\\",\\\"ipaddr\\\":\\\"未知\\\",\\\"loginId\\\":12,\\\"loginLocation\\\":\\\"未知\\\",\\\"loginTime\\\":\\\"2025-11-12 17:52:46\\\",\\\"msg\\\":\\\"登录成功\\\",\\\"os\\\":\\\"Unknown\\\",\\\"params\\\":{},\\\"status\\\":0,\\\"userName\\\":\\\"admin\\\"},{\\\"browser\\\":\\\"Unknown\\\",\\\"ipaddr\\\":\\\"未知\\\",\\\"loginId\\\":11,\\\"loginLocation\\\":\\\"未知\\\",\\\"loginTime\\\":\\\"2025-11-12 17:47:42\\\",\\\"msg\\\":\\\"登录成功\\\",\\\"os\\\":\\\"Unknown\\\",\\\"params\\\":{},\\\"status\\\":0,\\\"userName\\\":\\\"admin\\\"},{\\\"browser\\\":\\\"Unknown\\\",\\\"ipaddr\\\":\\\"未知\\\",\\\"loginId\\\":10,\\\"loginLocation\\\":\\\"未知\\\",\\\"loginTime\\\":\\\"2025-11-12 17:47:19\\\",\\\"msg\\\":\\\"登录成功\\\",\\\"os\\\":\\\"Unknown\\', 0, NULL, '2025-11-12 19:01:30');
INSERT INTO `class_oper_log` VALUES (122, '登录日志', 9, 'com.ruoyi.web.controller.proj_cyq.ClassLoginLogController.clean()', 'DELETE', 1, '系统用户', '系统部门', '/proj_cyq/loginlog/clean', '127.0.0.1', NULL, '', '{\"msg\":\"操作成功\",\"code\":200}', 0, NULL, '2025-11-12 19:01:41');
INSERT INTO `class_oper_log` VALUES (123, '登录日志', 0, 'com.ruoyi.web.controller.proj_cyq.ClassLoginLogController.list()', 'GET', 1, '系统用户', '系统部门', '/proj_cyq/loginlog/list', '127.0.0.1', NULL, '{\"params\":{}}', '{\"code\":200,\"msg\":\"查询成功\",\"rows\":[],\"total\":0}', 0, NULL, '2025-11-12 19:01:41');
INSERT INTO `class_oper_log` VALUES (124, '登录日志', 0, 'com.ruoyi.web.controller.proj_cyq.ClassLoginLogController.list()', 'GET', 1, '系统用户', '系统部门', '/proj_cyq/loginlog/list', '127.0.0.1', NULL, '{\"params\":{}}', '{\"code\":200,\"msg\":\"查询成功\",\"rows\":[{\"browser\":\"Chrome\",\"ipaddr\":\"127.0.0.1\",\"loginId\":2,\"loginLocation\":\"内网IP\",\"loginTime\":\"2025-11-12 19:01:57\",\"msg\":\"登录成功\",\"os\":\"Windows 10\",\"params\":{},\"status\":0,\"userName\":\"admin\"},{\"browser\":\"Chrome 14\",\"ipaddr\":\"127.0.0.1\",\"loginId\":1,\"loginLocation\":\"内网IP\",\"loginTime\":\"2025-11-12 19:01:46\",\"msg\":\"退出成功\",\"os\":\"Windows 10\",\"params\":{},\"status\":0,\"userName\":\"未知用户\"}],\"total\":2}', 0, NULL, '2025-11-12 19:02:01');
INSERT INTO `class_oper_log` VALUES (125, '操作日志', 0, 'com.ruoyi.web.controller.proj_cyq.ClassOperLogController.list()', 'GET', 1, '系统用户', '系统部门', '/proj_cyq/operlog/list', '127.0.0.1', NULL, '{\"params\":{}}', '{\"code\":200,\"msg\":\"查询成功\",\"rows\":[{\"businessType\":0,\"deptName\":\"系统部门\",\"jsonResult\":\"{\\\"code\\\":200,\\\"msg\\\":\\\"查询成功\\\",\\\"rows\\\":[{\\\"browser\\\":\\\"Chrome\\\",\\\"ipaddr\\\":\\\"127.0.0.1\\\",\\\"loginId\\\":2,\\\"loginLocation\\\":\\\"内网IP\\\",\\\"loginTime\\\":\\\"2025-11-12 19:01:57\\\",\\\"msg\\\":\\\"登录成功\\\",\\\"os\\\":\\\"Windows 10\\\",\\\"params\\\":{},\\\"status\\\":0,\\\"userName\\\":\\\"admin\\\"},{\\\"browser\\\":\\\"Chrome 14\\\",\\\"ipaddr\\\":\\\"127.0.0.1\\\",\\\"loginId\\\":1,\\\"loginLocation\\\":\\\"内网IP\\\",\\\"loginTime\\\":\\\"2025-11-12 19:01:46\\\",\\\"msg\\\":\\\"退出成功\\\",\\\"os\\\":\\\"Windows 10\\\",\\\"params\\\":{},\\\"status\\\":0,\\\"userName\\\":\\\"未知用户\\\"}],\\\"total\\\":2}\",\"method\":\"com.ruoyi.web.controller.proj_cyq.ClassLoginLogController.list()\",\"operId\":124,\"operIp\":\"127.0.0.1\",\"operName\":\"系统用户\",\"operParam\":\"{\\\"params\\\":{}}\",\"operTime\":\"2025-11-12 19:02:01\",\"operUrl\":\"/proj_cyq/loginlog/list\",\"operatorType\":1,\"params\":{},\"requestMethod\":\"GET\",\"status\":0,\"title\":\"登录日志\"},{\"businessType\":0,\"deptName\":\"系统部门\",\"jsonResult\":\"{\\\"code\\\":200,\\\"msg\\\":\\\"查询成功\\\",\\\"rows\\\":[],\\\"total\\\":0}\",\"method\":\"com.ruoyi.web.controller.proj_cyq.ClassLoginLogController.list()\",\"operId\":123,\"operIp\":\"127.0.0.1\",\"operName\":\"系统用户\",\"operParam\":\"{\\\"params\\\":{}}\",\"operTime\":\"2025-11-12 19:01:41\",\"operUrl\":\"/proj_cyq/loginlog/list\",\"operatorType\":1,\"params\":{},\"requestMethod\":\"GET\",\"status\":0,\"title\":\"登录日志\"},{\"businessType\":9,\"deptName\":\"系统部门\",\"jsonResult\":\"{\\\"msg\\\":\\\"操作成功\\\",\\\"code\\\":200}\",\"method\":\"com.ruoyi.web.controller.proj_cyq.ClassLoginLogController.clean()\",\"operId\":122,\"operIp\":\"127.0.0.1\",\"operName\":\"系统用户\",\"operTime\":\"2025-11-12 19:01:41\",\"operUrl\":\"/proj_cyq/loginlog/clean\",\"operatorType\":1,\"params\":{},\"requestMethod\":\"DELETE\",\"status\":0,\"title\":\"登录日志\"},{\"businessType\":0,\"deptName\":\"系统部门\",\"jsonResult\":\"{\\\"code\\\":200,\\\"msg\\\":\\\"查询成功\\\",\\\"rows\\\":[{\\\"businessType\\\":0,\\\"deptName\\\":\\\"系统部门\\\",\\\"jsonResult\\\":\\\"{\\\\\\\"code\\\\\\\":200,\\\\\\\"msg\\\\\\\":\\\\\\\"查询成功\\\\\\\",\\\\\\\"rows\\\\\\\":[{\\\\\\\"browser\\\\\\\":\\\\\\\"Chrome\\\\\\\",\\\\\\\"ipaddr\\\\\\\":\\\\\\\"127.0.0.1\\\\\\\",\\\\\\\"loginId\\\\\\\":18,\\\\\\\"loginLocation\\\\\\\":\\\\\\\"内网IP\\\\\\\",\\\\\\\"loginTime\\\\\\\"', 0, NULL, '2025-11-12 19:02:15');
INSERT INTO `class_oper_log` VALUES (126, '操作日志', 0, 'com.ruoyi.web.controller.proj_cyq.ClassOperLogController.list()', 'GET', 1, '系统用户', '系统部门', '/proj_cyq/operlog/list', '127.0.0.1', NULL, '{\"params\":{}}', '{\"code\":200,\"msg\":\"查询成功\",\"rows\":[{\"businessType\":0,\"deptName\":\"系统部门\",\"jsonResult\":\"{\\\"code\\\":200,\\\"msg\\\":\\\"查询成功\\\",\\\"rows\\\":[{\\\"businessType\\\":0,\\\"deptName\\\":\\\"系统部门\\\",\\\"jsonResult\\\":\\\"{\\\\\\\"code\\\\\\\":200,\\\\\\\"msg\\\\\\\":\\\\\\\"查询成功\\\\\\\",\\\\\\\"rows\\\\\\\":[{\\\\\\\"browser\\\\\\\":\\\\\\\"Chrome\\\\\\\",\\\\\\\"ipaddr\\\\\\\":\\\\\\\"127.0.0.1\\\\\\\",\\\\\\\"loginId\\\\\\\":2,\\\\\\\"loginLocation\\\\\\\":\\\\\\\"内网IP\\\\\\\",\\\\\\\"loginTime\\\\\\\":\\\\\\\"2025-11-12 19:01:57\\\\\\\",\\\\\\\"msg\\\\\\\":\\\\\\\"登录成功\\\\\\\",\\\\\\\"os\\\\\\\":\\\\\\\"Windows 10\\\\\\\",\\\\\\\"params\\\\\\\":{},\\\\\\\"status\\\\\\\":0,\\\\\\\"userName\\\\\\\":\\\\\\\"admin\\\\\\\"},{\\\\\\\"browser\\\\\\\":\\\\\\\"Chrome 14\\\\\\\",\\\\\\\"ipaddr\\\\\\\":\\\\\\\"127.0.0.1\\\\\\\",\\\\\\\"loginId\\\\\\\":1,\\\\\\\"loginLocation\\\\\\\":\\\\\\\"内网IP\\\\\\\",\\\\\\\"loginTime\\\\\\\":\\\\\\\"2025-11-12 19:01:46\\\\\\\",\\\\\\\"msg\\\\\\\":\\\\\\\"退出成功\\\\\\\",\\\\\\\"os\\\\\\\":\\\\\\\"Windows 10\\\\\\\",\\\\\\\"params\\\\\\\":{},\\\\\\\"status\\\\\\\":0,\\\\\\\"userName\\\\\\\":\\\\\\\"未知用户\\\\\\\"}],\\\\\\\"total\\\\\\\":2}\\\",\\\"method\\\":\\\"com.ruoyi.web.controller.proj_cyq.ClassLoginLogController.list()\\\",\\\"operId\\\":124,\\\"operIp\\\":\\\"127.0.0.1\\\",\\\"operName\\\":\\\"系统用户\\\",\\\"operParam\\\":\\\"{\\\\\\\"params\\\\\\\":{}}\\\",\\\"operTime\\\":\\\"2025-11-12 19:02:01\\\",\\\"operUrl\\\":\\\"/proj_cyq/loginlog/list\\\",\\\"operatorType\\\":1,\\\"params\\\":{},\\\"requestMethod\\\":\\\"GET\\\",\\\"status\\\":0,\\\"title\\\":\\\"登录日志\\\"},{\\\"businessType\\\":0,\\\"deptName\\\":\\\"系统部门\\\",\\\"jsonResult\\\":\\\"{\\\\\\\"code\\\\\\\":200,\\\\\\\"msg\\\\\\\":\\\\\\\"查询成功\\\\\\\",\\\\\\\"rows\\\\\\\":[],\\\\\\\"total\\\\\\\":0}\\\",\\\"method\\\":\\\"com.ruoyi.web.controller.proj_cyq.ClassLoginLogController.list()\\\",\\\"operId\\\":123,\\\"operIp\\\":\\\"127.0.0.1\\\",\\\"operName\\\":\\\"系统用户\\\",\\\"operParam\\\":\\\"{\\\\\\\"params\\\\\\\":{}}\\\",\\\"operTime\\\":\\\"2025-11-12 19:01:41\\\",\\\"operUrl\\\":\\\"/proj_cyq/loginlog/list\\\",\\\"operatorType\\\":1,\\\"params\\\":{},\\\"requestMethod\\\":\\\"GET\\\",\\\"status\\\":0,\\\"title\\\":\\\"登录日志\\\"},{\\\"businessType\\\":9,\\\"deptName\\\":\\\"系统部门\\\",\\\"jsonResult\\\":\\\"{\\\\\\\"msg\\\\\\\":\\\\\\\"操作成功\\\\\\\",\\\\\\\"code\\\\\\\":200}\\\",\\\"method\\\":\\\"com.ruoyi.web.controller.proj_cyq.ClassLoginLogController.clean()\\\",\\\"operId\\\":122,\\\"operIp\\\":\\\"127.0.0.1\\\",\\\"operName\\\":\\\"系统用户\\\",\\\"operTime\\\":\\\"2025-11-12 19:01:41\\\",\\\"operUrl\\\":\\\"/proj_cyq/loginlog/clean\\\",\\\"ope', 0, NULL, '2025-11-12 19:02:20');
INSERT INTO `class_oper_log` VALUES (127, '登录日志', 5, 'com.ruoyi.web.controller.proj_cyq.ClassLoginLogController.export()', 'POST', 1, '系统用户', '系统部门', '/proj_cyq/loginlog/export', '127.0.0.1', NULL, '{\"params\":{}}', NULL, 0, NULL, '2025-11-12 19:02:28');
INSERT INTO `class_oper_log` VALUES (128, '操作日志', 5, 'com.ruoyi.web.controller.proj_cyq.ClassOperLogController.export()', 'GET', 1, '系统用户', '系统部门', '/proj_cyq/operlog/export', '127.0.0.1', NULL, '{\"params\":{}}', NULL, 0, NULL, '2025-11-12 19:02:39');
INSERT INTO `class_oper_log` VALUES (129, '登录日志', 0, 'com.ruoyi.web.controller.proj_cyq.ClassLoginLogController.list()', 'GET', 1, '系统用户', '系统部门', '/proj_cyq/loginlog/list', '127.0.0.1', NULL, '{\"params\":{}}', '{\"code\":200,\"msg\":\"查询成功\",\"rows\":[{\"browser\":\"Chrome\",\"ipaddr\":\"127.0.0.1\",\"loginId\":2,\"loginLocation\":\"内网IP\",\"loginTime\":\"2025-11-12 19:01:57\",\"msg\":\"登录成功\",\"os\":\"Windows 10\",\"params\":{},\"status\":0,\"userName\":\"admin\"},{\"browser\":\"Chrome 14\",\"ipaddr\":\"127.0.0.1\",\"loginId\":1,\"loginLocation\":\"内网IP\",\"loginTime\":\"2025-11-12 19:01:46\",\"msg\":\"退出成功\",\"os\":\"Windows 10\",\"params\":{},\"status\":0,\"userName\":\"未知用户\"}],\"total\":2}', 0, NULL, '2025-11-12 19:17:29');
INSERT INTO `class_oper_log` VALUES (130, '登录日志', 5, 'com.ruoyi.web.controller.proj_cyq.ClassLoginLogController.export()', 'GET', 1, '系统用户', '系统部门', '/proj_cyq/loginlog/export', '127.0.0.1', NULL, '{\"params\":{}}', NULL, 0, NULL, '2025-11-12 19:17:34');
INSERT INTO `class_oper_log` VALUES (131, '登录日志', 0, 'com.ruoyi.web.controller.proj_cyq.ClassLoginLogController.list()', 'GET', 1, '系统用户', '系统部门', '/proj_cyq/loginlog/list', '127.0.0.1', NULL, '{\"params\":{}}', '{\"code\":200,\"msg\":\"查询成功\",\"rows\":[{\"browser\":\"Chrome\",\"ipaddr\":\"127.0.0.1\",\"loginId\":6,\"loginLocation\":\"内网IP\",\"loginTime\":\"2025-11-12 19:18:23\",\"msg\":\"登录成功\",\"os\":\"Windows 10\",\"params\":{},\"status\":0,\"userName\":\"teacher_zhang\"},{\"browser\":\"Chrome\",\"ipaddr\":\"127.0.0.1\",\"loginId\":5,\"loginLocation\":\"内网IP\",\"loginTime\":\"2025-11-12 19:18:19\",\"msg\":\"验证码错误\",\"os\":\"Windows 10\",\"params\":{},\"status\":1,\"userName\":\"teacher_zhang\"},{\"browser\":\"Chrome\",\"ipaddr\":\"127.0.0.1\",\"loginId\":4,\"loginLocation\":\"内网IP\",\"loginTime\":\"2025-11-12 19:18:14\",\"msg\":\"验证码错误\",\"os\":\"Windows 10\",\"params\":{},\"status\":1,\"userName\":\"teacher_zhang\"},{\"browser\":\"Chrome 14\",\"ipaddr\":\"127.0.0.1\",\"loginId\":3,\"loginLocation\":\"内网IP\",\"loginTime\":\"2025-11-12 19:17:58\",\"msg\":\"退出成功\",\"os\":\"Windows 10\",\"params\":{},\"status\":0,\"userName\":\"未知用户\"},{\"browser\":\"Chrome\",\"ipaddr\":\"127.0.0.1\",\"loginId\":2,\"loginLocation\":\"内网IP\",\"loginTime\":\"2025-11-12 19:01:57\",\"msg\":\"登录成功\",\"os\":\"Windows 10\",\"params\":{},\"status\":0,\"userName\":\"admin\"},{\"browser\":\"Chrome 14\",\"ipaddr\":\"127.0.0.1\",\"loginId\":1,\"loginLocation\":\"内网IP\",\"loginTime\":\"2025-11-12 19:01:46\",\"msg\":\"退出成功\",\"os\":\"Windows 10\",\"params\":{},\"status\":0,\"userName\":\"未知用户\"}],\"total\":6}', 0, NULL, '2025-11-12 19:18:28');
INSERT INTO `class_oper_log` VALUES (132, '登录日志', 0, 'com.ruoyi.web.controller.proj_cyq.ClassLoginLogController.list()', 'GET', 1, '系统用户', '系统部门', '/proj_cyq/loginlog/list', '127.0.0.1', NULL, '{\"params\":{}}', '{\"code\":200,\"msg\":\"查询成功\",\"rows\":[{\"browser\":\"Chrome\",\"ipaddr\":\"127.0.0.1\",\"loginId\":8,\"loginLocation\":\"内网IP\",\"loginTime\":\"2025-11-12 19:18:58\",\"msg\":\"登录成功\",\"os\":\"Windows 10\",\"params\":{},\"status\":0,\"userName\":\"student_li\"},{\"browser\":\"Chrome 14\",\"ipaddr\":\"127.0.0.1\",\"loginId\":7,\"loginLocation\":\"内网IP\",\"loginTime\":\"2025-11-12 19:18:46\",\"msg\":\"退出成功\",\"os\":\"Windows 10\",\"params\":{},\"status\":0,\"userName\":\"未知用户\"},{\"browser\":\"Chrome\",\"ipaddr\":\"127.0.0.1\",\"loginId\":6,\"loginLocation\":\"内网IP\",\"loginTime\":\"2025-11-12 19:18:23\",\"msg\":\"登录成功\",\"os\":\"Windows 10\",\"params\":{},\"status\":0,\"userName\":\"teacher_zhang\"},{\"browser\":\"Chrome\",\"ipaddr\":\"127.0.0.1\",\"loginId\":5,\"loginLocation\":\"内网IP\",\"loginTime\":\"2025-11-12 19:18:19\",\"msg\":\"验证码错误\",\"os\":\"Windows 10\",\"params\":{},\"status\":1,\"userName\":\"teacher_zhang\"},{\"browser\":\"Chrome\",\"ipaddr\":\"127.0.0.1\",\"loginId\":4,\"loginLocation\":\"内网IP\",\"loginTime\":\"2025-11-12 19:18:14\",\"msg\":\"验证码错误\",\"os\":\"Windows 10\",\"params\":{},\"status\":1,\"userName\":\"teacher_zhang\"},{\"browser\":\"Chrome 14\",\"ipaddr\":\"127.0.0.1\",\"loginId\":3,\"loginLocation\":\"内网IP\",\"loginTime\":\"2025-11-12 19:17:58\",\"msg\":\"退出成功\",\"os\":\"Windows 10\",\"params\":{},\"status\":0,\"userName\":\"未知用户\"},{\"browser\":\"Chrome\",\"ipaddr\":\"127.0.0.1\",\"loginId\":2,\"loginLocation\":\"内网IP\",\"loginTime\":\"2025-11-12 19:01:57\",\"msg\":\"登录成功\",\"os\":\"Windows 10\",\"params\":{},\"status\":0,\"userName\":\"admin\"},{\"browser\":\"Chrome 14\",\"ipaddr\":\"127.0.0.1\",\"loginId\":1,\"loginLocation\":\"内网IP\",\"loginTime\":\"2025-11-12 19:01:46\",\"msg\":\"退出成功\",\"os\":\"Windows 10\",\"params\":{},\"status\":0,\"userName\":\"未知用户\"}],\"total\":8}', 0, NULL, '2025-11-12 19:19:01');
INSERT INTO `class_oper_log` VALUES (133, '登录日志', 0, 'com.ruoyi.web.controller.proj_cyq.ClassLoginLogController.list()', 'GET', 1, '系统用户', '系统部门', '/proj_cyq/loginlog/list', '127.0.0.1', NULL, '{\"params\":{}}', '{\"code\":200,\"msg\":\"查询成功\",\"rows\":[{\"browser\":\"Chrome\",\"ipaddr\":\"127.0.0.1\",\"loginId\":8,\"loginLocation\":\"内网IP\",\"loginTime\":\"2025-11-12 19:18:58\",\"msg\":\"登录成功\",\"os\":\"Windows 10\",\"params\":{},\"status\":0,\"userName\":\"student_li\"},{\"browser\":\"Chrome 14\",\"ipaddr\":\"127.0.0.1\",\"loginId\":7,\"loginLocation\":\"内网IP\",\"loginTime\":\"2025-11-12 19:18:46\",\"msg\":\"退出成功\",\"os\":\"Windows 10\",\"params\":{},\"status\":0,\"userName\":\"未知用户\"},{\"browser\":\"Chrome\",\"ipaddr\":\"127.0.0.1\",\"loginId\":6,\"loginLocation\":\"内网IP\",\"loginTime\":\"2025-11-12 19:18:23\",\"msg\":\"登录成功\",\"os\":\"Windows 10\",\"params\":{},\"status\":0,\"userName\":\"teacher_zhang\"},{\"browser\":\"Chrome\",\"ipaddr\":\"127.0.0.1\",\"loginId\":5,\"loginLocation\":\"内网IP\",\"loginTime\":\"2025-11-12 19:18:19\",\"msg\":\"验证码错误\",\"os\":\"Windows 10\",\"params\":{},\"status\":1,\"userName\":\"teacher_zhang\"},{\"browser\":\"Chrome\",\"ipaddr\":\"127.0.0.1\",\"loginId\":4,\"loginLocation\":\"内网IP\",\"loginTime\":\"2025-11-12 19:18:14\",\"msg\":\"验证码错误\",\"os\":\"Windows 10\",\"params\":{},\"status\":1,\"userName\":\"teacher_zhang\"},{\"browser\":\"Chrome 14\",\"ipaddr\":\"127.0.0.1\",\"loginId\":3,\"loginLocation\":\"内网IP\",\"loginTime\":\"2025-11-12 19:17:58\",\"msg\":\"退出成功\",\"os\":\"Windows 10\",\"params\":{},\"status\":0,\"userName\":\"未知用户\"},{\"browser\":\"Chrome\",\"ipaddr\":\"127.0.0.1\",\"loginId\":2,\"loginLocation\":\"内网IP\",\"loginTime\":\"2025-11-12 19:01:57\",\"msg\":\"登录成功\",\"os\":\"Windows 10\",\"params\":{},\"status\":0,\"userName\":\"admin\"},{\"browser\":\"Chrome 14\",\"ipaddr\":\"127.0.0.1\",\"loginId\":1,\"loginLocation\":\"内网IP\",\"loginTime\":\"2025-11-12 19:01:46\",\"msg\":\"退出成功\",\"os\":\"Windows 10\",\"params\":{},\"status\":0,\"userName\":\"未知用户\"}],\"total\":8}', 0, NULL, '2025-11-12 19:24:14');
INSERT INTO `class_oper_log` VALUES (134, '登录日志', 0, 'com.ruoyi.web.controller.proj_cyq.ClassLoginLogController.list()', 'GET', 1, '系统用户', '系统部门', '/proj_cyq/loginlog/list', '127.0.0.1', NULL, '{\"params\":{}}', '{\"code\":200,\"msg\":\"查询成功\",\"rows\":[{\"browser\":\"Chrome\",\"ipaddr\":\"127.0.0.1\",\"loginId\":11,\"loginLocation\":\"内网IP\",\"loginTime\":\"2025-11-12 19:24:39\",\"msg\":\"登录成功\",\"os\":\"Windows 10\",\"params\":{},\"status\":0,\"userName\":\"admin\"},{\"browser\":\"Chrome\",\"ipaddr\":\"127.0.0.1\",\"loginId\":10,\"loginLocation\":\"内网IP\",\"loginTime\":\"2025-11-12 19:24:36\",\"msg\":\"验证码错误\",\"os\":\"Windows 10\",\"params\":{},\"status\":1,\"userName\":\"admin\"},{\"browser\":\"Chrome 14\",\"ipaddr\":\"127.0.0.1\",\"loginId\":9,\"loginLocation\":\"内网IP\",\"loginTime\":\"2025-11-12 19:24:20\",\"msg\":\"退出成功\",\"os\":\"Windows 10\",\"params\":{},\"status\":0},{\"browser\":\"Chrome\",\"ipaddr\":\"127.0.0.1\",\"loginId\":8,\"loginLocation\":\"内网IP\",\"loginTime\":\"2025-11-12 19:18:58\",\"msg\":\"登录成功\",\"os\":\"Windows 10\",\"params\":{},\"status\":0,\"userName\":\"student_li\"},{\"browser\":\"Chrome 14\",\"ipaddr\":\"127.0.0.1\",\"loginId\":7,\"loginLocation\":\"内网IP\",\"loginTime\":\"2025-11-12 19:18:46\",\"msg\":\"退出成功\",\"os\":\"Windows 10\",\"params\":{},\"status\":0,\"userName\":\"未知用户\"},{\"browser\":\"Chrome\",\"ipaddr\":\"127.0.0.1\",\"loginId\":6,\"loginLocation\":\"内网IP\",\"loginTime\":\"2025-11-12 19:18:23\",\"msg\":\"登录成功\",\"os\":\"Windows 10\",\"params\":{},\"status\":0,\"userName\":\"teacher_zhang\"},{\"browser\":\"Chrome\",\"ipaddr\":\"127.0.0.1\",\"loginId\":5,\"loginLocation\":\"内网IP\",\"loginTime\":\"2025-11-12 19:18:19\",\"msg\":\"验证码错误\",\"os\":\"Windows 10\",\"params\":{},\"status\":1,\"userName\":\"teacher_zhang\"},{\"browser\":\"Chrome\",\"ipaddr\":\"127.0.0.1\",\"loginId\":4,\"loginLocation\":\"内网IP\",\"loginTime\":\"2025-11-12 19:18:14\",\"msg\":\"验证码错误\",\"os\":\"Windows 10\",\"params\":{},\"status\":1,\"userName\":\"teacher_zhang\"},{\"browser\":\"Chrome 14\",\"ipaddr\":\"127.0.0.1\",\"loginId\":3,\"loginLocation\":\"内网IP\",\"loginTime\":\"2025-11-12 19:17:58\",\"msg\":\"退出成功\",\"os\":\"Windows 10\",\"params\":{},\"status\":0,\"userName\":\"未知用户\"},{\"browser\":\"Chrome\",\"ipaddr\":\"127.0.0.1\",\"loginId\":2,\"loginLocation\":\"内网IP\",\"loginTime\":\"2025-11-12 19:01:57\",\"msg\":\"登录成功\",\"os\":\"Windows 10\",\"params\":{},\"status\":0,\"userName\":\"admin\"}],\"total\":11}', 0, NULL, '2025-11-12 19:24:44');
INSERT INTO `class_oper_log` VALUES (135, '登录日志', 0, 'com.ruoyi.web.controller.proj_cyq.ClassLoginLogController.list()', 'GET', 1, '系统用户', '系统部门', '/proj_cyq/loginlog/list', '127.0.0.1', NULL, '{\"params\":{}}', '{\"code\":200,\"msg\":\"查询成功\",\"rows\":[{\"browser\":\"Chrome\",\"ipaddr\":\"127.0.0.1\",\"loginId\":13,\"loginLocation\":\"内网IP\",\"loginTime\":\"2025-11-12 19:25:10\",\"msg\":\"登录成功\",\"os\":\"Windows 10\",\"params\":{},\"status\":0,\"userName\":\"teacher_zhang\"},{\"browser\":\"Chrome 14\",\"ipaddr\":\"127.0.0.1\",\"loginId\":12,\"loginLocation\":\"内网IP\",\"loginTime\":\"2025-11-12 19:24:59\",\"msg\":\"退出成功\",\"os\":\"Windows 10\",\"params\":{},\"status\":0},{\"browser\":\"Chrome\",\"ipaddr\":\"127.0.0.1\",\"loginId\":11,\"loginLocation\":\"内网IP\",\"loginTime\":\"2025-11-12 19:24:39\",\"msg\":\"登录成功\",\"os\":\"Windows 10\",\"params\":{},\"status\":0,\"userName\":\"admin\"},{\"browser\":\"Chrome\",\"ipaddr\":\"127.0.0.1\",\"loginId\":10,\"loginLocation\":\"内网IP\",\"loginTime\":\"2025-11-12 19:24:36\",\"msg\":\"验证码错误\",\"os\":\"Windows 10\",\"params\":{},\"status\":1,\"userName\":\"admin\"},{\"browser\":\"Chrome 14\",\"ipaddr\":\"127.0.0.1\",\"loginId\":9,\"loginLocation\":\"内网IP\",\"loginTime\":\"2025-11-12 19:24:20\",\"msg\":\"退出成功\",\"os\":\"Windows 10\",\"params\":{},\"status\":0},{\"browser\":\"Chrome\",\"ipaddr\":\"127.0.0.1\",\"loginId\":8,\"loginLocation\":\"内网IP\",\"loginTime\":\"2025-11-12 19:18:58\",\"msg\":\"登录成功\",\"os\":\"Windows 10\",\"params\":{},\"status\":0,\"userName\":\"student_li\"},{\"browser\":\"Chrome 14\",\"ipaddr\":\"127.0.0.1\",\"loginId\":7,\"loginLocation\":\"内网IP\",\"loginTime\":\"2025-11-12 19:18:46\",\"msg\":\"退出成功\",\"os\":\"Windows 10\",\"params\":{},\"status\":0,\"userName\":\"未知用户\"},{\"browser\":\"Chrome\",\"ipaddr\":\"127.0.0.1\",\"loginId\":6,\"loginLocation\":\"内网IP\",\"loginTime\":\"2025-11-12 19:18:23\",\"msg\":\"登录成功\",\"os\":\"Windows 10\",\"params\":{},\"status\":0,\"userName\":\"teacher_zhang\"},{\"browser\":\"Chrome\",\"ipaddr\":\"127.0.0.1\",\"loginId\":5,\"loginLocation\":\"内网IP\",\"loginTime\":\"2025-11-12 19:18:19\",\"msg\":\"验证码错误\",\"os\":\"Windows 10\",\"params\":{},\"status\":1,\"userName\":\"teacher_zhang\"},{\"browser\":\"Chrome\",\"ipaddr\":\"127.0.0.1\",\"loginId\":4,\"loginLocation\":\"内网IP\",\"loginTime\":\"2025-11-12 19:18:14\",\"msg\":\"验证码错误\",\"os\":\"Windows 10\",\"params\":{},\"status\":1,\"userName\":\"teacher_zhang\"}],\"total\":13}', 0, NULL, '2025-11-12 19:25:14');
INSERT INTO `class_oper_log` VALUES (136, '登录日志', 0, 'com.ruoyi.web.controller.proj_cyq.ClassLoginLogController.list()', 'GET', 1, '系统用户', '系统部门', '/proj_cyq/loginlog/list', '127.0.0.1', NULL, '{\"params\":{}}', '{\"code\":200,\"msg\":\"查询成功\",\"rows\":[{\"browser\":\"Chrome\",\"ipaddr\":\"127.0.0.1\",\"loginId\":13,\"loginLocation\":\"内网IP\",\"loginTime\":\"2025-11-12 19:25:10\",\"msg\":\"登录成功\",\"os\":\"Windows 10\",\"params\":{},\"status\":0,\"userName\":\"teacher_zhang\"},{\"browser\":\"Chrome 14\",\"ipaddr\":\"127.0.0.1\",\"loginId\":12,\"loginLocation\":\"内网IP\",\"loginTime\":\"2025-11-12 19:24:59\",\"msg\":\"退出成功\",\"os\":\"Windows 10\",\"params\":{},\"status\":0},{\"browser\":\"Chrome\",\"ipaddr\":\"127.0.0.1\",\"loginId\":11,\"loginLocation\":\"内网IP\",\"loginTime\":\"2025-11-12 19:24:39\",\"msg\":\"登录成功\",\"os\":\"Windows 10\",\"params\":{},\"status\":0,\"userName\":\"admin\"},{\"browser\":\"Chrome\",\"ipaddr\":\"127.0.0.1\",\"loginId\":10,\"loginLocation\":\"内网IP\",\"loginTime\":\"2025-11-12 19:24:36\",\"msg\":\"验证码错误\",\"os\":\"Windows 10\",\"params\":{},\"status\":1,\"userName\":\"admin\"},{\"browser\":\"Chrome 14\",\"ipaddr\":\"127.0.0.1\",\"loginId\":9,\"loginLocation\":\"内网IP\",\"loginTime\":\"2025-11-12 19:24:20\",\"msg\":\"退出成功\",\"os\":\"Windows 10\",\"params\":{},\"status\":0},{\"browser\":\"Chrome\",\"ipaddr\":\"127.0.0.1\",\"loginId\":8,\"loginLocation\":\"内网IP\",\"loginTime\":\"2025-11-12 19:18:58\",\"msg\":\"登录成功\",\"os\":\"Windows 10\",\"params\":{},\"status\":0,\"userName\":\"student_li\"},{\"browser\":\"Chrome 14\",\"ipaddr\":\"127.0.0.1\",\"loginId\":7,\"loginLocation\":\"内网IP\",\"loginTime\":\"2025-11-12 19:18:46\",\"msg\":\"退出成功\",\"os\":\"Windows 10\",\"params\":{},\"status\":0,\"userName\":\"未知用户\"},{\"browser\":\"Chrome\",\"ipaddr\":\"127.0.0.1\",\"loginId\":6,\"loginLocation\":\"内网IP\",\"loginTime\":\"2025-11-12 19:18:23\",\"msg\":\"登录成功\",\"os\":\"Windows 10\",\"params\":{},\"status\":0,\"userName\":\"teacher_zhang\"},{\"browser\":\"Chrome\",\"ipaddr\":\"127.0.0.1\",\"loginId\":5,\"loginLocation\":\"内网IP\",\"loginTime\":\"2025-11-12 19:18:19\",\"msg\":\"验证码错误\",\"os\":\"Windows 10\",\"params\":{},\"status\":1,\"userName\":\"teacher_zhang\"},{\"browser\":\"Chrome\",\"ipaddr\":\"127.0.0.1\",\"loginId\":4,\"loginLocation\":\"内网IP\",\"loginTime\":\"2025-11-12 19:18:14\",\"msg\":\"验证码错误\",\"os\":\"Windows 10\",\"params\":{},\"status\":1,\"userName\":\"teacher_zhang\"}],\"total\":13}', 0, NULL, '2025-11-12 19:28:14');
INSERT INTO `class_oper_log` VALUES (137, '登录日志', 0, 'com.ruoyi.web.controller.proj_cyq.ClassLoginLogController.list()', 'GET', 1, '系统用户', '系统部门', '/proj_cyq/loginlog/list', '127.0.0.1', NULL, '{\"params\":{}}', '{\"code\":200,\"msg\":\"查询成功\",\"rows\":[{\"browser\":\"Chrome\",\"ipaddr\":\"127.0.0.1\",\"loginId\":15,\"loginLocation\":\"内网IP\",\"loginTime\":\"2025-11-12 19:28:23\",\"msg\":\"登录成功\",\"os\":\"Windows 10\",\"params\":{},\"status\":0,\"userName\":\"teacher_zhang\"},{\"browser\":\"Chrome 14\",\"ipaddr\":\"127.0.0.1\",\"loginId\":14,\"loginLocation\":\"内网IP\",\"loginTime\":\"2025-11-12 19:28:19\",\"msg\":\"退出成功\",\"os\":\"Windows 10\",\"params\":{},\"status\":0},{\"browser\":\"Chrome\",\"ipaddr\":\"127.0.0.1\",\"loginId\":13,\"loginLocation\":\"内网IP\",\"loginTime\":\"2025-11-12 19:25:10\",\"msg\":\"登录成功\",\"os\":\"Windows 10\",\"params\":{},\"status\":0,\"userName\":\"teacher_zhang\"},{\"browser\":\"Chrome 14\",\"ipaddr\":\"127.0.0.1\",\"loginId\":12,\"loginLocation\":\"内网IP\",\"loginTime\":\"2025-11-12 19:24:59\",\"msg\":\"退出成功\",\"os\":\"Windows 10\",\"params\":{},\"status\":0},{\"browser\":\"Chrome\",\"ipaddr\":\"127.0.0.1\",\"loginId\":11,\"loginLocation\":\"内网IP\",\"loginTime\":\"2025-11-12 19:24:39\",\"msg\":\"登录成功\",\"os\":\"Windows 10\",\"params\":{},\"status\":0,\"userName\":\"admin\"},{\"browser\":\"Chrome\",\"ipaddr\":\"127.0.0.1\",\"loginId\":10,\"loginLocation\":\"内网IP\",\"loginTime\":\"2025-11-12 19:24:36\",\"msg\":\"验证码错误\",\"os\":\"Windows 10\",\"params\":{},\"status\":1,\"userName\":\"admin\"},{\"browser\":\"Chrome 14\",\"ipaddr\":\"127.0.0.1\",\"loginId\":9,\"loginLocation\":\"内网IP\",\"loginTime\":\"2025-11-12 19:24:20\",\"msg\":\"退出成功\",\"os\":\"Windows 10\",\"params\":{},\"status\":0},{\"browser\":\"Chrome\",\"ipaddr\":\"127.0.0.1\",\"loginId\":8,\"loginLocation\":\"内网IP\",\"loginTime\":\"2025-11-12 19:18:58\",\"msg\":\"登录成功\",\"os\":\"Windows 10\",\"params\":{},\"status\":0,\"userName\":\"student_li\"},{\"browser\":\"Chrome 14\",\"ipaddr\":\"127.0.0.1\",\"loginId\":7,\"loginLocation\":\"内网IP\",\"loginTime\":\"2025-11-12 19:18:46\",\"msg\":\"退出成功\",\"os\":\"Windows 10\",\"params\":{},\"status\":0,\"userName\":\"未知用户\"},{\"browser\":\"Chrome\",\"ipaddr\":\"127.0.0.1\",\"loginId\":6,\"loginLocation\":\"内网IP\",\"loginTime\":\"2025-11-12 19:18:23\",\"msg\":\"登录成功\",\"os\":\"Windows 10\",\"params\":{},\"status\":0,\"userName\":\"teacher_zhang\"}],\"total\":15}', 0, NULL, '2025-11-12 19:28:27');
INSERT INTO `class_oper_log` VALUES (138, '登录日志', 0, 'com.ruoyi.web.controller.proj_cyq.ClassLoginLogController.list()', 'GET', 1, '系统用户', '系统部门', '/proj_cyq/loginlog/list', '127.0.0.1', NULL, '{\"params\":{}}', '{\"code\":200,\"msg\":\"查询成功\",\"rows\":[{\"browser\":\"Chrome\",\"ipaddr\":\"127.0.0.1\",\"loginId\":15,\"loginLocation\":\"内网IP\",\"loginTime\":\"2025-11-12 19:28:23\",\"msg\":\"登录成功\",\"os\":\"Windows 10\",\"params\":{},\"status\":0,\"userName\":\"teacher_zhang\"},{\"browser\":\"Chrome 14\",\"ipaddr\":\"127.0.0.1\",\"loginId\":14,\"loginLocation\":\"内网IP\",\"loginTime\":\"2025-11-12 19:28:19\",\"msg\":\"退出成功\",\"os\":\"Windows 10\",\"params\":{},\"status\":0},{\"browser\":\"Chrome\",\"ipaddr\":\"127.0.0.1\",\"loginId\":13,\"loginLocation\":\"内网IP\",\"loginTime\":\"2025-11-12 19:25:10\",\"msg\":\"登录成功\",\"os\":\"Windows 10\",\"params\":{},\"status\":0,\"userName\":\"teacher_zhang\"},{\"browser\":\"Chrome 14\",\"ipaddr\":\"127.0.0.1\",\"loginId\":12,\"loginLocation\":\"内网IP\",\"loginTime\":\"2025-11-12 19:24:59\",\"msg\":\"退出成功\",\"os\":\"Windows 10\",\"params\":{},\"status\":0},{\"browser\":\"Chrome\",\"ipaddr\":\"127.0.0.1\",\"loginId\":11,\"loginLocation\":\"内网IP\",\"loginTime\":\"2025-11-12 19:24:39\",\"msg\":\"登录成功\",\"os\":\"Windows 10\",\"params\":{},\"status\":0,\"userName\":\"admin\"},{\"browser\":\"Chrome\",\"ipaddr\":\"127.0.0.1\",\"loginId\":10,\"loginLocation\":\"内网IP\",\"loginTime\":\"2025-11-12 19:24:36\",\"msg\":\"验证码错误\",\"os\":\"Windows 10\",\"params\":{},\"status\":1,\"userName\":\"admin\"},{\"browser\":\"Chrome 14\",\"ipaddr\":\"127.0.0.1\",\"loginId\":9,\"loginLocation\":\"内网IP\",\"loginTime\":\"2025-11-12 19:24:20\",\"msg\":\"退出成功\",\"os\":\"Windows 10\",\"params\":{},\"status\":0},{\"browser\":\"Chrome\",\"ipaddr\":\"127.0.0.1\",\"loginId\":8,\"loginLocation\":\"内网IP\",\"loginTime\":\"2025-11-12 19:18:58\",\"msg\":\"登录成功\",\"os\":\"Windows 10\",\"params\":{},\"status\":0,\"userName\":\"student_li\"},{\"browser\":\"Chrome 14\",\"ipaddr\":\"127.0.0.1\",\"loginId\":7,\"loginLocation\":\"内网IP\",\"loginTime\":\"2025-11-12 19:18:46\",\"msg\":\"退出成功\",\"os\":\"Windows 10\",\"params\":{},\"status\":0,\"userName\":\"未知用户\"},{\"browser\":\"Chrome\",\"ipaddr\":\"127.0.0.1\",\"loginId\":6,\"loginLocation\":\"内网IP\",\"loginTime\":\"2025-11-12 19:18:23\",\"msg\":\"登录成功\",\"os\":\"Windows 10\",\"params\":{},\"status\":0,\"userName\":\"teacher_zhang\"}],\"total\":15}', 0, NULL, '2025-11-12 19:36:27');
INSERT INTO `class_oper_log` VALUES (139, '登录日志', 0, 'com.ruoyi.web.controller.proj_cyq.ClassLoginLogController.list()', 'GET', 1, '系统用户', '系统部门', '/proj_cyq/loginlog/list', '127.0.0.1', NULL, '{\"params\":{}}', '{\"code\":200,\"msg\":\"查询成功\",\"rows\":[{\"browser\":\"Chrome\",\"ipaddr\":\"127.0.0.1\",\"loginId\":15,\"loginLocation\":\"内网IP\",\"loginTime\":\"2025-11-12 19:28:23\",\"msg\":\"登录成功\",\"os\":\"Windows 10\",\"params\":{},\"status\":0,\"userName\":\"teacher_zhang\"},{\"browser\":\"Chrome 14\",\"ipaddr\":\"127.0.0.1\",\"loginId\":14,\"loginLocation\":\"内网IP\",\"loginTime\":\"2025-11-12 19:28:19\",\"msg\":\"退出成功\",\"os\":\"Windows 10\",\"params\":{},\"status\":0},{\"browser\":\"Chrome\",\"ipaddr\":\"127.0.0.1\",\"loginId\":13,\"loginLocation\":\"内网IP\",\"loginTime\":\"2025-11-12 19:25:10\",\"msg\":\"登录成功\",\"os\":\"Windows 10\",\"params\":{},\"status\":0,\"userName\":\"teacher_zhang\"},{\"browser\":\"Chrome 14\",\"ipaddr\":\"127.0.0.1\",\"loginId\":12,\"loginLocation\":\"内网IP\",\"loginTime\":\"2025-11-12 19:24:59\",\"msg\":\"退出成功\",\"os\":\"Windows 10\",\"params\":{},\"status\":0},{\"browser\":\"Chrome\",\"ipaddr\":\"127.0.0.1\",\"loginId\":11,\"loginLocation\":\"内网IP\",\"loginTime\":\"2025-11-12 19:24:39\",\"msg\":\"登录成功\",\"os\":\"Windows 10\",\"params\":{},\"status\":0,\"userName\":\"admin\"},{\"browser\":\"Chrome\",\"ipaddr\":\"127.0.0.1\",\"loginId\":10,\"loginLocation\":\"内网IP\",\"loginTime\":\"2025-11-12 19:24:36\",\"msg\":\"验证码错误\",\"os\":\"Windows 10\",\"params\":{},\"status\":1,\"userName\":\"admin\"},{\"browser\":\"Chrome 14\",\"ipaddr\":\"127.0.0.1\",\"loginId\":9,\"loginLocation\":\"内网IP\",\"loginTime\":\"2025-11-12 19:24:20\",\"msg\":\"退出成功\",\"os\":\"Windows 10\",\"params\":{},\"status\":0},{\"browser\":\"Chrome\",\"ipaddr\":\"127.0.0.1\",\"loginId\":8,\"loginLocation\":\"内网IP\",\"loginTime\":\"2025-11-12 19:18:58\",\"msg\":\"登录成功\",\"os\":\"Windows 10\",\"params\":{},\"status\":0,\"userName\":\"student_li\"},{\"browser\":\"Chrome 14\",\"ipaddr\":\"127.0.0.1\",\"loginId\":7,\"loginLocation\":\"内网IP\",\"loginTime\":\"2025-11-12 19:18:46\",\"msg\":\"退出成功\",\"os\":\"Windows 10\",\"params\":{},\"status\":0,\"userName\":\"未知用户\"},{\"browser\":\"Chrome\",\"ipaddr\":\"127.0.0.1\",\"loginId\":6,\"loginLocation\":\"内网IP\",\"loginTime\":\"2025-11-12 19:18:23\",\"msg\":\"登录成功\",\"os\":\"Windows 10\",\"params\":{},\"status\":0,\"userName\":\"teacher_zhang\"}],\"total\":15}', 0, NULL, '2025-11-12 19:41:16');
INSERT INTO `class_oper_log` VALUES (140, '登录日志', 0, 'com.ruoyi.web.controller.proj_cyq.ClassLoginLogController.list()', 'GET', 1, '系统用户', '系统部门', '/proj_cyq/loginlog/list', '127.0.0.1', NULL, '{\"params\":{}}', '{\"code\":200,\"msg\":\"查询成功\",\"rows\":[{\"browser\":\"Chrome\",\"ipaddr\":\"127.0.0.1\",\"loginId\":15,\"loginLocation\":\"内网IP\",\"loginTime\":\"2025-11-12 19:28:23\",\"msg\":\"登录成功\",\"os\":\"Windows 10\",\"params\":{},\"status\":0,\"userName\":\"teacher_zhang\"},{\"browser\":\"Chrome 14\",\"ipaddr\":\"127.0.0.1\",\"loginId\":14,\"loginLocation\":\"内网IP\",\"loginTime\":\"2025-11-12 19:28:19\",\"msg\":\"退出成功\",\"os\":\"Windows 10\",\"params\":{},\"status\":0},{\"browser\":\"Chrome\",\"ipaddr\":\"127.0.0.1\",\"loginId\":13,\"loginLocation\":\"内网IP\",\"loginTime\":\"2025-11-12 19:25:10\",\"msg\":\"登录成功\",\"os\":\"Windows 10\",\"params\":{},\"status\":0,\"userName\":\"teacher_zhang\"},{\"browser\":\"Chrome 14\",\"ipaddr\":\"127.0.0.1\",\"loginId\":12,\"loginLocation\":\"内网IP\",\"loginTime\":\"2025-11-12 19:24:59\",\"msg\":\"退出成功\",\"os\":\"Windows 10\",\"params\":{},\"status\":0},{\"browser\":\"Chrome\",\"ipaddr\":\"127.0.0.1\",\"loginId\":11,\"loginLocation\":\"内网IP\",\"loginTime\":\"2025-11-12 19:24:39\",\"msg\":\"登录成功\",\"os\":\"Windows 10\",\"params\":{},\"status\":0,\"userName\":\"admin\"},{\"browser\":\"Chrome\",\"ipaddr\":\"127.0.0.1\",\"loginId\":10,\"loginLocation\":\"内网IP\",\"loginTime\":\"2025-11-12 19:24:36\",\"msg\":\"验证码错误\",\"os\":\"Windows 10\",\"params\":{},\"status\":1,\"userName\":\"admin\"},{\"browser\":\"Chrome 14\",\"ipaddr\":\"127.0.0.1\",\"loginId\":9,\"loginLocation\":\"内网IP\",\"loginTime\":\"2025-11-12 19:24:20\",\"msg\":\"退出成功\",\"os\":\"Windows 10\",\"params\":{},\"status\":0},{\"browser\":\"Chrome\",\"ipaddr\":\"127.0.0.1\",\"loginId\":8,\"loginLocation\":\"内网IP\",\"loginTime\":\"2025-11-12 19:18:58\",\"msg\":\"登录成功\",\"os\":\"Windows 10\",\"params\":{},\"status\":0,\"userName\":\"student_li\"},{\"browser\":\"Chrome 14\",\"ipaddr\":\"127.0.0.1\",\"loginId\":7,\"loginLocation\":\"内网IP\",\"loginTime\":\"2025-11-12 19:18:46\",\"msg\":\"退出成功\",\"os\":\"Windows 10\",\"params\":{},\"status\":0,\"userName\":\"未知用户\"},{\"browser\":\"Chrome\",\"ipaddr\":\"127.0.0.1\",\"loginId\":6,\"loginLocation\":\"内网IP\",\"loginTime\":\"2025-11-12 19:18:23\",\"msg\":\"登录成功\",\"os\":\"Windows 10\",\"params\":{},\"status\":0,\"userName\":\"teacher_zhang\"}],\"total\":15}', 0, NULL, '2025-11-12 19:41:21');
INSERT INTO `class_oper_log` VALUES (141, '登录日志', 0, 'com.ruoyi.web.controller.proj_cyq.ClassLoginLogController.list()', 'GET', 1, '系统用户', '系统部门', '/proj_cyq/loginlog/list', '127.0.0.1', NULL, '{\"params\":{}}', '{\"code\":200,\"msg\":\"查询成功\",\"rows\":[{\"browser\":\"Chrome\",\"ipaddr\":\"127.0.0.1\",\"loginId\":18,\"loginLocation\":\"内网IP\",\"loginTime\":\"2025-11-12 19:41:35\",\"msg\":\"登录成功\",\"os\":\"Windows 10\",\"params\":{},\"status\":0,\"userName\":\"admin\"},{\"browser\":\"Chrome 14\",\"ipaddr\":\"127.0.0.1\",\"loginId\":17,\"loginLocation\":\"内网IP\",\"loginTime\":\"2025-11-12 19:41:25\",\"msg\":\"退出成功\",\"os\":\"Windows 10\",\"params\":{},\"status\":0,\"userName\":\"未知用户\"},{\"browser\":\"Chrome 14\",\"ipaddr\":\"127.0.0.1\",\"loginId\":16,\"loginLocation\":\"内网IP\",\"loginTime\":\"2025-11-12 19:41:25\",\"msg\":\"退出成功\",\"os\":\"Windows 10\",\"params\":{},\"status\":0},{\"browser\":\"Chrome\",\"ipaddr\":\"127.0.0.1\",\"loginId\":15,\"loginLocation\":\"内网IP\",\"loginTime\":\"2025-11-12 19:28:23\",\"msg\":\"登录成功\",\"os\":\"Windows 10\",\"params\":{},\"status\":0,\"userName\":\"teacher_zhang\"},{\"browser\":\"Chrome 14\",\"ipaddr\":\"127.0.0.1\",\"loginId\":14,\"loginLocation\":\"内网IP\",\"loginTime\":\"2025-11-12 19:28:19\",\"msg\":\"退出成功\",\"os\":\"Windows 10\",\"params\":{},\"status\":0},{\"browser\":\"Chrome\",\"ipaddr\":\"127.0.0.1\",\"loginId\":13,\"loginLocation\":\"内网IP\",\"loginTime\":\"2025-11-12 19:25:10\",\"msg\":\"登录成功\",\"os\":\"Windows 10\",\"params\":{},\"status\":0,\"userName\":\"teacher_zhang\"},{\"browser\":\"Chrome 14\",\"ipaddr\":\"127.0.0.1\",\"loginId\":12,\"loginLocation\":\"内网IP\",\"loginTime\":\"2025-11-12 19:24:59\",\"msg\":\"退出成功\",\"os\":\"Windows 10\",\"params\":{},\"status\":0},{\"browser\":\"Chrome\",\"ipaddr\":\"127.0.0.1\",\"loginId\":11,\"loginLocation\":\"内网IP\",\"loginTime\":\"2025-11-12 19:24:39\",\"msg\":\"登录成功\",\"os\":\"Windows 10\",\"params\":{},\"status\":0,\"userName\":\"admin\"},{\"browser\":\"Chrome\",\"ipaddr\":\"127.0.0.1\",\"loginId\":10,\"loginLocation\":\"内网IP\",\"loginTime\":\"2025-11-12 19:24:36\",\"msg\":\"验证码错误\",\"os\":\"Windows 10\",\"params\":{},\"status\":1,\"userName\":\"admin\"},{\"browser\":\"Chrome 14\",\"ipaddr\":\"127.0.0.1\",\"loginId\":9,\"loginLocation\":\"内网IP\",\"loginTime\":\"2025-11-12 19:24:20\",\"msg\":\"退出成功\",\"os\":\"Windows 10\",\"params\":{},\"status\":0}],\"total\":18}', 0, NULL, '2025-11-12 19:41:41');
INSERT INTO `class_oper_log` VALUES (142, '登录日志', 0, 'com.ruoyi.web.controller.proj_cyq.ClassLoginLogController.list()', 'GET', 1, '系统用户', '系统部门', '/proj_cyq/loginlog/list', '127.0.0.1', NULL, '{\"params\":{}}', '{\"code\":200,\"msg\":\"查询成功\",\"rows\":[{\"browser\":\"Chrome\",\"ipaddr\":\"127.0.0.1\",\"loginId\":18,\"loginLocation\":\"内网IP\",\"loginTime\":\"2025-11-12 19:41:35\",\"msg\":\"登录成功\",\"os\":\"Windows 10\",\"params\":{},\"status\":0,\"userName\":\"admin\"},{\"browser\":\"Chrome 14\",\"ipaddr\":\"127.0.0.1\",\"loginId\":17,\"loginLocation\":\"内网IP\",\"loginTime\":\"2025-11-12 19:41:25\",\"msg\":\"退出成功\",\"os\":\"Windows 10\",\"params\":{},\"status\":0,\"userName\":\"未知用户\"},{\"browser\":\"Chrome 14\",\"ipaddr\":\"127.0.0.1\",\"loginId\":16,\"loginLocation\":\"内网IP\",\"loginTime\":\"2025-11-12 19:41:25\",\"msg\":\"退出成功\",\"os\":\"Windows 10\",\"params\":{},\"status\":0},{\"browser\":\"Chrome\",\"ipaddr\":\"127.0.0.1\",\"loginId\":15,\"loginLocation\":\"内网IP\",\"loginTime\":\"2025-11-12 19:28:23\",\"msg\":\"登录成功\",\"os\":\"Windows 10\",\"params\":{},\"status\":0,\"userName\":\"teacher_zhang\"},{\"browser\":\"Chrome 14\",\"ipaddr\":\"127.0.0.1\",\"loginId\":14,\"loginLocation\":\"内网IP\",\"loginTime\":\"2025-11-12 19:28:19\",\"msg\":\"退出成功\",\"os\":\"Windows 10\",\"params\":{},\"status\":0},{\"browser\":\"Chrome\",\"ipaddr\":\"127.0.0.1\",\"loginId\":13,\"loginLocation\":\"内网IP\",\"loginTime\":\"2025-11-12 19:25:10\",\"msg\":\"登录成功\",\"os\":\"Windows 10\",\"params\":{},\"status\":0,\"userName\":\"teacher_zhang\"},{\"browser\":\"Chrome 14\",\"ipaddr\":\"127.0.0.1\",\"loginId\":12,\"loginLocation\":\"内网IP\",\"loginTime\":\"2025-11-12 19:24:59\",\"msg\":\"退出成功\",\"os\":\"Windows 10\",\"params\":{},\"status\":0},{\"browser\":\"Chrome\",\"ipaddr\":\"127.0.0.1\",\"loginId\":11,\"loginLocation\":\"内网IP\",\"loginTime\":\"2025-11-12 19:24:39\",\"msg\":\"登录成功\",\"os\":\"Windows 10\",\"params\":{},\"status\":0,\"userName\":\"admin\"},{\"browser\":\"Chrome\",\"ipaddr\":\"127.0.0.1\",\"loginId\":10,\"loginLocation\":\"内网IP\",\"loginTime\":\"2025-11-12 19:24:36\",\"msg\":\"验证码错误\",\"os\":\"Windows 10\",\"params\":{},\"status\":1,\"userName\":\"admin\"},{\"browser\":\"Chrome 14\",\"ipaddr\":\"127.0.0.1\",\"loginId\":9,\"loginLocation\":\"内网IP\",\"loginTime\":\"2025-11-12 19:24:20\",\"msg\":\"退出成功\",\"os\":\"Windows 10\",\"params\":{},\"status\":0}],\"total\":18}', 0, NULL, '2025-11-12 19:42:08');
INSERT INTO `class_oper_log` VALUES (143, '登录日志', 0, 'com.ruoyi.web.controller.proj_cyq.ClassLoginLogController.list()', 'GET', 1, '系统用户', '系统部门', '/proj_cyq/loginlog/list', '127.0.0.1', NULL, '{\"params\":{}}', '{\"code\":200,\"msg\":\"查询成功\",\"rows\":[{\"browser\":\"Chrome\",\"ipaddr\":\"127.0.0.1\",\"loginId\":21,\"loginLocation\":\"内网IP\",\"loginTime\":\"2025-11-12 19:42:16\",\"msg\":\"登录成功\",\"os\":\"Windows 10\",\"params\":{},\"status\":0,\"userName\":\"admin\"},{\"browser\":\"Chrome\",\"ipaddr\":\"127.0.0.1\",\"loginId\":20,\"loginLocation\":\"内网IP\",\"loginTime\":\"2025-11-12 19:42:14\",\"msg\":\"验证码错误\",\"os\":\"Windows 10\",\"params\":{},\"status\":1,\"userName\":\"admin\"},{\"browser\":\"Chrome 14\",\"ipaddr\":\"127.0.0.1\",\"loginId\":19,\"loginLocation\":\"内网IP\",\"loginTime\":\"2025-11-12 19:42:11\",\"msg\":\"退出成功\",\"os\":\"Windows 10\",\"params\":{},\"status\":0},{\"browser\":\"Chrome\",\"ipaddr\":\"127.0.0.1\",\"loginId\":18,\"loginLocation\":\"内网IP\",\"loginTime\":\"2025-11-12 19:41:35\",\"msg\":\"登录成功\",\"os\":\"Windows 10\",\"params\":{},\"status\":0,\"userName\":\"admin\"},{\"browser\":\"Chrome 14\",\"ipaddr\":\"127.0.0.1\",\"loginId\":17,\"loginLocation\":\"内网IP\",\"loginTime\":\"2025-11-12 19:41:25\",\"msg\":\"退出成功\",\"os\":\"Windows 10\",\"params\":{},\"status\":0,\"userName\":\"未知用户\"},{\"browser\":\"Chrome 14\",\"ipaddr\":\"127.0.0.1\",\"loginId\":16,\"loginLocation\":\"内网IP\",\"loginTime\":\"2025-11-12 19:41:25\",\"msg\":\"退出成功\",\"os\":\"Windows 10\",\"params\":{},\"status\":0},{\"browser\":\"Chrome\",\"ipaddr\":\"127.0.0.1\",\"loginId\":15,\"loginLocation\":\"内网IP\",\"loginTime\":\"2025-11-12 19:28:23\",\"msg\":\"登录成功\",\"os\":\"Windows 10\",\"params\":{},\"status\":0,\"userName\":\"teacher_zhang\"},{\"browser\":\"Chrome 14\",\"ipaddr\":\"127.0.0.1\",\"loginId\":14,\"loginLocation\":\"内网IP\",\"loginTime\":\"2025-11-12 19:28:19\",\"msg\":\"退出成功\",\"os\":\"Windows 10\",\"params\":{},\"status\":0},{\"browser\":\"Chrome\",\"ipaddr\":\"127.0.0.1\",\"loginId\":13,\"loginLocation\":\"内网IP\",\"loginTime\":\"2025-11-12 19:25:10\",\"msg\":\"登录成功\",\"os\":\"Windows 10\",\"params\":{},\"status\":0,\"userName\":\"teacher_zhang\"},{\"browser\":\"Chrome 14\",\"ipaddr\":\"127.0.0.1\",\"loginId\":12,\"loginLocation\":\"内网IP\",\"loginTime\":\"2025-11-12 19:24:59\",\"msg\":\"退出成功\",\"os\":\"Windows 10\",\"params\":{},\"status\":0}],\"total\":21}', 0, NULL, '2025-11-12 19:42:19');
INSERT INTO `class_oper_log` VALUES (144, '登录日志', 0, 'com.ruoyi.web.controller.proj_cyq.ClassLoginLogController.list()', 'GET', 1, '系统用户', '系统部门', '/proj_cyq/loginlog/list', '127.0.0.1', NULL, '{\"params\":{}}', '{\"code\":200,\"msg\":\"查询成功\",\"rows\":[{\"browser\":\"Chrome\",\"ipaddr\":\"127.0.0.1\",\"loginId\":21,\"loginLocation\":\"内网IP\",\"loginTime\":\"2025-11-12 19:42:16\",\"msg\":\"登录成功\",\"os\":\"Windows 10\",\"params\":{},\"status\":0,\"userName\":\"admin\"},{\"browser\":\"Chrome\",\"ipaddr\":\"127.0.0.1\",\"loginId\":20,\"loginLocation\":\"内网IP\",\"loginTime\":\"2025-11-12 19:42:14\",\"msg\":\"验证码错误\",\"os\":\"Windows 10\",\"params\":{},\"status\":1,\"userName\":\"admin\"},{\"browser\":\"Chrome 14\",\"ipaddr\":\"127.0.0.1\",\"loginId\":19,\"loginLocation\":\"内网IP\",\"loginTime\":\"2025-11-12 19:42:11\",\"msg\":\"退出成功\",\"os\":\"Windows 10\",\"params\":{},\"status\":0},{\"browser\":\"Chrome\",\"ipaddr\":\"127.0.0.1\",\"loginId\":18,\"loginLocation\":\"内网IP\",\"loginTime\":\"2025-11-12 19:41:35\",\"msg\":\"登录成功\",\"os\":\"Windows 10\",\"params\":{},\"status\":0,\"userName\":\"admin\"},{\"browser\":\"Chrome 14\",\"ipaddr\":\"127.0.0.1\",\"loginId\":17,\"loginLocation\":\"内网IP\",\"loginTime\":\"2025-11-12 19:41:25\",\"msg\":\"退出成功\",\"os\":\"Windows 10\",\"params\":{},\"status\":0,\"userName\":\"未知用户\"},{\"browser\":\"Chrome 14\",\"ipaddr\":\"127.0.0.1\",\"loginId\":16,\"loginLocation\":\"内网IP\",\"loginTime\":\"2025-11-12 19:41:25\",\"msg\":\"退出成功\",\"os\":\"Windows 10\",\"params\":{},\"status\":0},{\"browser\":\"Chrome\",\"ipaddr\":\"127.0.0.1\",\"loginId\":15,\"loginLocation\":\"内网IP\",\"loginTime\":\"2025-11-12 19:28:23\",\"msg\":\"登录成功\",\"os\":\"Windows 10\",\"params\":{},\"status\":0,\"userName\":\"teacher_zhang\"},{\"browser\":\"Chrome 14\",\"ipaddr\":\"127.0.0.1\",\"loginId\":14,\"loginLocation\":\"内网IP\",\"loginTime\":\"2025-11-12 19:28:19\",\"msg\":\"退出成功\",\"os\":\"Windows 10\",\"params\":{},\"status\":0},{\"browser\":\"Chrome\",\"ipaddr\":\"127.0.0.1\",\"loginId\":13,\"loginLocation\":\"内网IP\",\"loginTime\":\"2025-11-12 19:25:10\",\"msg\":\"登录成功\",\"os\":\"Windows 10\",\"params\":{},\"status\":0,\"userName\":\"teacher_zhang\"},{\"browser\":\"Chrome 14\",\"ipaddr\":\"127.0.0.1\",\"loginId\":12,\"loginLocation\":\"内网IP\",\"loginTime\":\"2025-11-12 19:24:59\",\"msg\":\"退出成功\",\"os\":\"Windows 10\",\"params\":{},\"status\":0}],\"total\":21}', 0, NULL, '2025-11-12 19:43:30');
INSERT INTO `class_oper_log` VALUES (145, '登录日志', 0, 'com.ruoyi.web.controller.proj_cyq.ClassLoginLogController.list()', 'GET', 1, '系统用户', '系统部门', '/proj_cyq/loginlog/list', '127.0.0.1', NULL, '{\"params\":{}}', '{\"code\":200,\"msg\":\"查询成功\",\"rows\":[{\"browser\":\"Chrome\",\"ipaddr\":\"127.0.0.1\",\"loginId\":26,\"loginLocation\":\"内网IP\",\"loginTime\":\"2025-11-12 19:43:43\",\"msg\":\"登录成功\",\"os\":\"Windows 10\",\"params\":{},\"status\":0,\"userName\":\"admin\"},{\"browser\":\"Chrome\",\"ipaddr\":\"127.0.0.1\",\"loginId\":25,\"loginLocation\":\"内网IP\",\"loginTime\":\"2025-11-12 19:43:40\",\"msg\":\"验证码错误\",\"os\":\"Windows 10\",\"params\":{},\"status\":1,\"userName\":\"admin\"},{\"browser\":\"Chrome\",\"ipaddr\":\"127.0.0.1\",\"loginId\":24,\"loginLocation\":\"内网IP\",\"loginTime\":\"2025-11-12 19:43:37\",\"msg\":\"验证码错误\",\"os\":\"Windows 10\",\"params\":{},\"status\":1,\"userName\":\"admin\"},{\"browser\":\"Chrome 14\",\"ipaddr\":\"127.0.0.1\",\"loginId\":23,\"loginLocation\":\"内网IP\",\"loginTime\":\"2025-11-12 19:43:34\",\"msg\":\"退出成功\",\"os\":\"Windows 10\",\"params\":{},\"status\":0,\"userName\":\"未知用户\"},{\"browser\":\"Chrome 14\",\"ipaddr\":\"127.0.0.1\",\"loginId\":22,\"loginLocation\":\"内网IP\",\"loginTime\":\"2025-11-12 19:43:34\",\"msg\":\"退出成功\",\"os\":\"Windows 10\",\"params\":{},\"status\":0},{\"browser\":\"Chrome\",\"ipaddr\":\"127.0.0.1\",\"loginId\":21,\"loginLocation\":\"内网IP\",\"loginTime\":\"2025-11-12 19:42:16\",\"msg\":\"登录成功\",\"os\":\"Windows 10\",\"params\":{},\"status\":0,\"userName\":\"admin\"},{\"browser\":\"Chrome\",\"ipaddr\":\"127.0.0.1\",\"loginId\":20,\"loginLocation\":\"内网IP\",\"loginTime\":\"2025-11-12 19:42:14\",\"msg\":\"验证码错误\",\"os\":\"Windows 10\",\"params\":{},\"status\":1,\"userName\":\"admin\"},{\"browser\":\"Chrome 14\",\"ipaddr\":\"127.0.0.1\",\"loginId\":19,\"loginLocation\":\"内网IP\",\"loginTime\":\"2025-11-12 19:42:11\",\"msg\":\"退出成功\",\"os\":\"Windows 10\",\"params\":{},\"status\":0},{\"browser\":\"Chrome\",\"ipaddr\":\"127.0.0.1\",\"loginId\":18,\"loginLocation\":\"内网IP\",\"loginTime\":\"2025-11-12 19:41:35\",\"msg\":\"登录成功\",\"os\":\"Windows 10\",\"params\":{},\"status\":0,\"userName\":\"admin\"},{\"browser\":\"Chrome 14\",\"ipaddr\":\"127.0.0.1\",\"loginId\":17,\"loginLocation\":\"内网IP\",\"loginTime\":\"2025-11-12 19:41:25\",\"msg\":\"退出成功\",\"os\":\"Windows 10\",\"params\":{},\"status\":0,\"userName\":\"未知用户\"}],\"total\":26}', 0, NULL, '2025-11-12 19:43:46');
INSERT INTO `class_oper_log` VALUES (146, '登录日志', 0, 'com.ruoyi.web.controller.proj_cyq.ClassLoginLogController.list()', 'GET', 1, '系统用户', '系统部门', '/proj_cyq/loginlog/list', '127.0.0.1', NULL, '{\"params\":{}}', '{\"code\":200,\"msg\":\"查询成功\",\"rows\":[{\"browser\":\"Chrome\",\"ipaddr\":\"127.0.0.1\",\"loginId\":26,\"loginLocation\":\"内网IP\",\"loginTime\":\"2025-11-12 19:43:43\",\"msg\":\"登录成功\",\"os\":\"Windows 10\",\"params\":{},\"status\":0,\"userName\":\"admin\"},{\"browser\":\"Chrome\",\"ipaddr\":\"127.0.0.1\",\"loginId\":25,\"loginLocation\":\"内网IP\",\"loginTime\":\"2025-11-12 19:43:40\",\"msg\":\"验证码错误\",\"os\":\"Windows 10\",\"params\":{},\"status\":1,\"userName\":\"admin\"},{\"browser\":\"Chrome\",\"ipaddr\":\"127.0.0.1\",\"loginId\":24,\"loginLocation\":\"内网IP\",\"loginTime\":\"2025-11-12 19:43:37\",\"msg\":\"验证码错误\",\"os\":\"Windows 10\",\"params\":{},\"status\":1,\"userName\":\"admin\"},{\"browser\":\"Chrome 14\",\"ipaddr\":\"127.0.0.1\",\"loginId\":23,\"loginLocation\":\"内网IP\",\"loginTime\":\"2025-11-12 19:43:34\",\"msg\":\"退出成功\",\"os\":\"Windows 10\",\"params\":{},\"status\":0,\"userName\":\"未知用户\"},{\"browser\":\"Chrome 14\",\"ipaddr\":\"127.0.0.1\",\"loginId\":22,\"loginLocation\":\"内网IP\",\"loginTime\":\"2025-11-12 19:43:34\",\"msg\":\"退出成功\",\"os\":\"Windows 10\",\"params\":{},\"status\":0},{\"browser\":\"Chrome\",\"ipaddr\":\"127.0.0.1\",\"loginId\":21,\"loginLocation\":\"内网IP\",\"loginTime\":\"2025-11-12 19:42:16\",\"msg\":\"登录成功\",\"os\":\"Windows 10\",\"params\":{},\"status\":0,\"userName\":\"admin\"},{\"browser\":\"Chrome\",\"ipaddr\":\"127.0.0.1\",\"loginId\":20,\"loginLocation\":\"内网IP\",\"loginTime\":\"2025-11-12 19:42:14\",\"msg\":\"验证码错误\",\"os\":\"Windows 10\",\"params\":{},\"status\":1,\"userName\":\"admin\"},{\"browser\":\"Chrome 14\",\"ipaddr\":\"127.0.0.1\",\"loginId\":19,\"loginLocation\":\"内网IP\",\"loginTime\":\"2025-11-12 19:42:11\",\"msg\":\"退出成功\",\"os\":\"Windows 10\",\"params\":{},\"status\":0},{\"browser\":\"Chrome\",\"ipaddr\":\"127.0.0.1\",\"loginId\":18,\"loginLocation\":\"内网IP\",\"loginTime\":\"2025-11-12 19:41:35\",\"msg\":\"登录成功\",\"os\":\"Windows 10\",\"params\":{},\"status\":0,\"userName\":\"admin\"},{\"browser\":\"Chrome 14\",\"ipaddr\":\"127.0.0.1\",\"loginId\":17,\"loginLocation\":\"内网IP\",\"loginTime\":\"2025-11-12 19:41:25\",\"msg\":\"退出成功\",\"os\":\"Windows 10\",\"params\":{},\"status\":0,\"userName\":\"未知用户\"}],\"total\":26}', 0, NULL, '2025-11-12 19:52:32');
INSERT INTO `class_oper_log` VALUES (147, '登录日志', 0, 'com.ruoyi.web.controller.proj_cyq.ClassLoginLogController.list()', 'GET', 1, '系统用户', '系统部门', '/proj_cyq/loginlog/list', '127.0.0.1', NULL, '{\"params\":{}}', '{\"code\":200,\"msg\":\"查询成功\",\"rows\":[{\"browser\":\"Chrome\",\"ipaddr\":\"127.0.0.1\",\"loginId\":26,\"loginLocation\":\"内网IP\",\"loginTime\":\"2025-11-12 19:43:43\",\"msg\":\"登录成功\",\"os\":\"Windows 10\",\"params\":{},\"status\":0,\"userName\":\"admin\"},{\"browser\":\"Chrome\",\"ipaddr\":\"127.0.0.1\",\"loginId\":25,\"loginLocation\":\"内网IP\",\"loginTime\":\"2025-11-12 19:43:40\",\"msg\":\"验证码错误\",\"os\":\"Windows 10\",\"params\":{},\"status\":1,\"userName\":\"admin\"},{\"browser\":\"Chrome\",\"ipaddr\":\"127.0.0.1\",\"loginId\":24,\"loginLocation\":\"内网IP\",\"loginTime\":\"2025-11-12 19:43:37\",\"msg\":\"验证码错误\",\"os\":\"Windows 10\",\"params\":{},\"status\":1,\"userName\":\"admin\"},{\"browser\":\"Chrome 14\",\"ipaddr\":\"127.0.0.1\",\"loginId\":23,\"loginLocation\":\"内网IP\",\"loginTime\":\"2025-11-12 19:43:34\",\"msg\":\"退出成功\",\"os\":\"Windows 10\",\"params\":{},\"status\":0,\"userName\":\"未知用户\"},{\"browser\":\"Chrome 14\",\"ipaddr\":\"127.0.0.1\",\"loginId\":22,\"loginLocation\":\"内网IP\",\"loginTime\":\"2025-11-12 19:43:34\",\"msg\":\"退出成功\",\"os\":\"Windows 10\",\"params\":{},\"status\":0},{\"browser\":\"Chrome\",\"ipaddr\":\"127.0.0.1\",\"loginId\":21,\"loginLocation\":\"内网IP\",\"loginTime\":\"2025-11-12 19:42:16\",\"msg\":\"登录成功\",\"os\":\"Windows 10\",\"params\":{},\"status\":0,\"userName\":\"admin\"},{\"browser\":\"Chrome\",\"ipaddr\":\"127.0.0.1\",\"loginId\":20,\"loginLocation\":\"内网IP\",\"loginTime\":\"2025-11-12 19:42:14\",\"msg\":\"验证码错误\",\"os\":\"Windows 10\",\"params\":{},\"status\":1,\"userName\":\"admin\"},{\"browser\":\"Chrome 14\",\"ipaddr\":\"127.0.0.1\",\"loginId\":19,\"loginLocation\":\"内网IP\",\"loginTime\":\"2025-11-12 19:42:11\",\"msg\":\"退出成功\",\"os\":\"Windows 10\",\"params\":{},\"status\":0},{\"browser\":\"Chrome\",\"ipaddr\":\"127.0.0.1\",\"loginId\":18,\"loginLocation\":\"内网IP\",\"loginTime\":\"2025-11-12 19:41:35\",\"msg\":\"登录成功\",\"os\":\"Windows 10\",\"params\":{},\"status\":0,\"userName\":\"admin\"},{\"browser\":\"Chrome 14\",\"ipaddr\":\"127.0.0.1\",\"loginId\":17,\"loginLocation\":\"内网IP\",\"loginTime\":\"2025-11-12 19:41:25\",\"msg\":\"退出成功\",\"os\":\"Windows 10\",\"params\":{},\"status\":0,\"userName\":\"未知用户\"}],\"total\":26}', 0, NULL, '2025-11-12 19:52:33');
INSERT INTO `class_oper_log` VALUES (148, '登录日志', 0, 'com.ruoyi.web.controller.proj_cyq.ClassLoginLogController.list()', 'GET', 1, '系统用户', '系统部门', '/proj_cyq/loginlog/list', '127.0.0.1', NULL, '{\"params\":{}}', '{\"code\":200,\"msg\":\"查询成功\",\"rows\":[{\"browser\":\"Chrome\",\"ipaddr\":\"127.0.0.1\",\"loginId\":27,\"loginLocation\":\"内网IP\",\"loginTime\":\"2025-11-12 19:52:41\",\"msg\":\"登录成功\",\"os\":\"Windows 10\",\"params\":{},\"status\":0,\"userName\":\"admin\"},{\"browser\":\"Chrome\",\"ipaddr\":\"127.0.0.1\",\"loginId\":26,\"loginLocation\":\"内网IP\",\"loginTime\":\"2025-11-12 19:43:43\",\"msg\":\"登录成功\",\"os\":\"Windows 10\",\"params\":{},\"status\":0,\"userName\":\"admin\"},{\"browser\":\"Chrome\",\"ipaddr\":\"127.0.0.1\",\"loginId\":25,\"loginLocation\":\"内网IP\",\"loginTime\":\"2025-11-12 19:43:40\",\"msg\":\"验证码错误\",\"os\":\"Windows 10\",\"params\":{},\"status\":1,\"userName\":\"admin\"},{\"browser\":\"Chrome\",\"ipaddr\":\"127.0.0.1\",\"loginId\":24,\"loginLocation\":\"内网IP\",\"loginTime\":\"2025-11-12 19:43:37\",\"msg\":\"验证码错误\",\"os\":\"Windows 10\",\"params\":{},\"status\":1,\"userName\":\"admin\"},{\"browser\":\"Chrome 14\",\"ipaddr\":\"127.0.0.1\",\"loginId\":23,\"loginLocation\":\"内网IP\",\"loginTime\":\"2025-11-12 19:43:34\",\"msg\":\"退出成功\",\"os\":\"Windows 10\",\"params\":{},\"status\":0,\"userName\":\"未知用户\"},{\"browser\":\"Chrome 14\",\"ipaddr\":\"127.0.0.1\",\"loginId\":22,\"loginLocation\":\"内网IP\",\"loginTime\":\"2025-11-12 19:43:34\",\"msg\":\"退出成功\",\"os\":\"Windows 10\",\"params\":{},\"status\":0},{\"browser\":\"Chrome\",\"ipaddr\":\"127.0.0.1\",\"loginId\":21,\"loginLocation\":\"内网IP\",\"loginTime\":\"2025-11-12 19:42:16\",\"msg\":\"登录成功\",\"os\":\"Windows 10\",\"params\":{},\"status\":0,\"userName\":\"admin\"},{\"browser\":\"Chrome\",\"ipaddr\":\"127.0.0.1\",\"loginId\":20,\"loginLocation\":\"内网IP\",\"loginTime\":\"2025-11-12 19:42:14\",\"msg\":\"验证码错误\",\"os\":\"Windows 10\",\"params\":{},\"status\":1,\"userName\":\"admin\"},{\"browser\":\"Chrome 14\",\"ipaddr\":\"127.0.0.1\",\"loginId\":19,\"loginLocation\":\"内网IP\",\"loginTime\":\"2025-11-12 19:42:11\",\"msg\":\"退出成功\",\"os\":\"Windows 10\",\"params\":{},\"status\":0},{\"browser\":\"Chrome\",\"ipaddr\":\"127.0.0.1\",\"loginId\":18,\"loginLocation\":\"内网IP\",\"loginTime\":\"2025-11-12 19:41:35\",\"msg\":\"登录成功\",\"os\":\"Windows 10\",\"params\":{},\"status\":0,\"userName\":\"admin\"}],\"total\":27}', 0, NULL, '2025-11-12 19:52:45');
INSERT INTO `class_oper_log` VALUES (149, '操作日志', 0, 'com.ruoyi.web.controller.proj_cyq.ClassOperLogController.list()', 'GET', 1, '系统用户', '系统部门', '/proj_cyq/operlog/list', '127.0.0.1', NULL, '{\"params\":{}}', '{\"code\":200,\"msg\":\"查询成功\",\"rows\":[{\"businessType\":0,\"deptName\":\"系统部门\",\"jsonResult\":\"{\\\"code\\\":200,\\\"msg\\\":\\\"查询成功\\\",\\\"rows\\\":[{\\\"browser\\\":\\\"Chrome\\\",\\\"ipaddr\\\":\\\"127.0.0.1\\\",\\\"loginId\\\":27,\\\"loginLocation\\\":\\\"内网IP\\\",\\\"loginTime\\\":\\\"2025-11-12 19:52:41\\\",\\\"msg\\\":\\\"登录成功\\\",\\\"os\\\":\\\"Windows 10\\\",\\\"params\\\":{},\\\"status\\\":0,\\\"userName\\\":\\\"admin\\\"},{\\\"browser\\\":\\\"Chrome\\\",\\\"ipaddr\\\":\\\"127.0.0.1\\\",\\\"loginId\\\":26,\\\"loginLocation\\\":\\\"内网IP\\\",\\\"loginTime\\\":\\\"2025-11-12 19:43:43\\\",\\\"msg\\\":\\\"登录成功\\\",\\\"os\\\":\\\"Windows 10\\\",\\\"params\\\":{},\\\"status\\\":0,\\\"userName\\\":\\\"admin\\\"},{\\\"browser\\\":\\\"Chrome\\\",\\\"ipaddr\\\":\\\"127.0.0.1\\\",\\\"loginId\\\":25,\\\"loginLocation\\\":\\\"内网IP\\\",\\\"loginTime\\\":\\\"2025-11-12 19:43:40\\\",\\\"msg\\\":\\\"验证码错误\\\",\\\"os\\\":\\\"Windows 10\\\",\\\"params\\\":{},\\\"status\\\":1,\\\"userName\\\":\\\"admin\\\"},{\\\"browser\\\":\\\"Chrome\\\",\\\"ipaddr\\\":\\\"127.0.0.1\\\",\\\"loginId\\\":24,\\\"loginLocation\\\":\\\"内网IP\\\",\\\"loginTime\\\":\\\"2025-11-12 19:43:37\\\",\\\"msg\\\":\\\"验证码错误\\\",\\\"os\\\":\\\"Windows 10\\\",\\\"params\\\":{},\\\"status\\\":1,\\\"userName\\\":\\\"admin\\\"},{\\\"browser\\\":\\\"Chrome 14\\\",\\\"ipaddr\\\":\\\"127.0.0.1\\\",\\\"loginId\\\":23,\\\"loginLocation\\\":\\\"内网IP\\\",\\\"loginTime\\\":\\\"2025-11-12 19:43:34\\\",\\\"msg\\\":\\\"退出成功\\\",\\\"os\\\":\\\"Windows 10\\\",\\\"params\\\":{},\\\"status\\\":0,\\\"userName\\\":\\\"未知用户\\\"},{\\\"browser\\\":\\\"Chrome 14\\\",\\\"ipaddr\\\":\\\"127.0.0.1\\\",\\\"loginId\\\":22,\\\"loginLocation\\\":\\\"内网IP\\\",\\\"loginTime\\\":\\\"2025-11-12 19:43:34\\\",\\\"msg\\\":\\\"退出成功\\\",\\\"os\\\":\\\"Windows 10\\\",\\\"params\\\":{},\\\"status\\\":0},{\\\"browser\\\":\\\"Chrome\\\",\\\"ipaddr\\\":\\\"127.0.0.1\\\",\\\"loginId\\\":21,\\\"loginLocation\\\":\\\"内网IP\\\",\\\"loginTime\\\":\\\"2025-11-12 19:42:16\\\",\\\"msg\\\":\\\"登录成功\\\",\\\"os\\\":\\\"Windows 10\\\",\\\"params\\\":{},\\\"status\\\":0,\\\"userName\\\":\\\"admin\\\"},{\\\"browser\\\":\\\"Chrome\\\",\\\"ipaddr\\\":\\\"127.0.0.1\\\",\\\"loginId\\\":20,\\\"loginLocation\\\":\\\"内网IP\\\",\\\"loginTime\\\":\\\"2025-11-12 19:42:14\\\",\\\"msg\\\":\\\"验证码错误\\\",\\\"os\\\":\\\"Windows 10\\\",\\\"params\\\":{},\\\"status\\\":1,\\\"userName\\\":\\\"admin\\\"},{\\\"browser\\\":\\\"Chrome 14\\\",\\\"ipaddr\\\":\\\"127.0.0.1\\\",\\\"loginId\\\":19,\\\"loginLocation\\\":\\\"内网IP\\\",\\\"loginTime\\\":\\\"2025-11-12 19:42:11\\\",\\\"msg\\\"', 0, NULL, '2025-11-12 19:53:08');
INSERT INTO `class_oper_log` VALUES (150, '登录日志', 0, 'com.ruoyi.web.controller.proj_cyq.ClassLoginLogController.list()', 'GET', 1, '系统用户', '系统部门', '/proj_cyq/loginlog/list', '127.0.0.1', NULL, '{\"params\":{}}', '{\"code\":200,\"msg\":\"查询成功\",\"rows\":[{\"browser\":\"Chrome\",\"ipaddr\":\"127.0.0.1\",\"loginId\":28,\"loginLocation\":\"内网IP\",\"loginTime\":\"2025-11-12 19:53:04\",\"msg\":\"登录成功\",\"os\":\"Windows 10\",\"params\":{},\"status\":0,\"userName\":\"teacher_zhang\"},{\"browser\":\"Chrome\",\"ipaddr\":\"127.0.0.1\",\"loginId\":27,\"loginLocation\":\"内网IP\",\"loginTime\":\"2025-11-12 19:52:41\",\"msg\":\"登录成功\",\"os\":\"Windows 10\",\"params\":{},\"status\":0,\"userName\":\"admin\"},{\"browser\":\"Chrome\",\"ipaddr\":\"127.0.0.1\",\"loginId\":26,\"loginLocation\":\"内网IP\",\"loginTime\":\"2025-11-12 19:43:43\",\"msg\":\"登录成功\",\"os\":\"Windows 10\",\"params\":{},\"status\":0,\"userName\":\"admin\"},{\"browser\":\"Chrome\",\"ipaddr\":\"127.0.0.1\",\"loginId\":25,\"loginLocation\":\"内网IP\",\"loginTime\":\"2025-11-12 19:43:40\",\"msg\":\"验证码错误\",\"os\":\"Windows 10\",\"params\":{},\"status\":1,\"userName\":\"admin\"},{\"browser\":\"Chrome\",\"ipaddr\":\"127.0.0.1\",\"loginId\":24,\"loginLocation\":\"内网IP\",\"loginTime\":\"2025-11-12 19:43:37\",\"msg\":\"验证码错误\",\"os\":\"Windows 10\",\"params\":{},\"status\":1,\"userName\":\"admin\"},{\"browser\":\"Chrome 14\",\"ipaddr\":\"127.0.0.1\",\"loginId\":23,\"loginLocation\":\"内网IP\",\"loginTime\":\"2025-11-12 19:43:34\",\"msg\":\"退出成功\",\"os\":\"Windows 10\",\"params\":{},\"status\":0,\"userName\":\"未知用户\"},{\"browser\":\"Chrome 14\",\"ipaddr\":\"127.0.0.1\",\"loginId\":22,\"loginLocation\":\"内网IP\",\"loginTime\":\"2025-11-12 19:43:34\",\"msg\":\"退出成功\",\"os\":\"Windows 10\",\"params\":{},\"status\":0},{\"browser\":\"Chrome\",\"ipaddr\":\"127.0.0.1\",\"loginId\":21,\"loginLocation\":\"内网IP\",\"loginTime\":\"2025-11-12 19:42:16\",\"msg\":\"登录成功\",\"os\":\"Windows 10\",\"params\":{},\"status\":0,\"userName\":\"admin\"},{\"browser\":\"Chrome\",\"ipaddr\":\"127.0.0.1\",\"loginId\":20,\"loginLocation\":\"内网IP\",\"loginTime\":\"2025-11-12 19:42:14\",\"msg\":\"验证码错误\",\"os\":\"Windows 10\",\"params\":{},\"status\":1,\"userName\":\"admin\"},{\"browser\":\"Chrome 14\",\"ipaddr\":\"127.0.0.1\",\"loginId\":19,\"loginLocation\":\"内网IP\",\"loginTime\":\"2025-11-12 19:42:11\",\"msg\":\"退出成功\",\"os\":\"Windows 10\",\"params\":{},\"status\":0}],\"total\":28}', 0, NULL, '2025-11-12 19:53:09');
INSERT INTO `class_oper_log` VALUES (151, '登录日志', 0, 'com.ruoyi.web.controller.proj_cyq.ClassLoginLogController.list()', 'GET', 1, '系统用户', '系统部门', '/proj_cyq/loginlog/list', '127.0.0.1', NULL, '{\"params\":{}}', '{\"code\":200,\"msg\":\"查询成功\",\"rows\":[{\"browser\":\"Chrome\",\"ipaddr\":\"127.0.0.1\",\"loginId\":28,\"loginLocation\":\"内网IP\",\"loginTime\":\"2025-11-12 19:53:04\",\"msg\":\"登录成功\",\"os\":\"Windows 10\",\"params\":{},\"status\":0,\"userName\":\"teacher_zhang\"},{\"browser\":\"Chrome\",\"ipaddr\":\"127.0.0.1\",\"loginId\":27,\"loginLocation\":\"内网IP\",\"loginTime\":\"2025-11-12 19:52:41\",\"msg\":\"登录成功\",\"os\":\"Windows 10\",\"params\":{},\"status\":0,\"userName\":\"admin\"},{\"browser\":\"Chrome\",\"ipaddr\":\"127.0.0.1\",\"loginId\":26,\"loginLocation\":\"内网IP\",\"loginTime\":\"2025-11-12 19:43:43\",\"msg\":\"登录成功\",\"os\":\"Windows 10\",\"params\":{},\"status\":0,\"userName\":\"admin\"},{\"browser\":\"Chrome\",\"ipaddr\":\"127.0.0.1\",\"loginId\":25,\"loginLocation\":\"内网IP\",\"loginTime\":\"2025-11-12 19:43:40\",\"msg\":\"验证码错误\",\"os\":\"Windows 10\",\"params\":{},\"status\":1,\"userName\":\"admin\"},{\"browser\":\"Chrome\",\"ipaddr\":\"127.0.0.1\",\"loginId\":24,\"loginLocation\":\"内网IP\",\"loginTime\":\"2025-11-12 19:43:37\",\"msg\":\"验证码错误\",\"os\":\"Windows 10\",\"params\":{},\"status\":1,\"userName\":\"admin\"},{\"browser\":\"Chrome 14\",\"ipaddr\":\"127.0.0.1\",\"loginId\":23,\"loginLocation\":\"内网IP\",\"loginTime\":\"2025-11-12 19:43:34\",\"msg\":\"退出成功\",\"os\":\"Windows 10\",\"params\":{},\"status\":0,\"userName\":\"未知用户\"},{\"browser\":\"Chrome 14\",\"ipaddr\":\"127.0.0.1\",\"loginId\":22,\"loginLocation\":\"内网IP\",\"loginTime\":\"2025-11-12 19:43:34\",\"msg\":\"退出成功\",\"os\":\"Windows 10\",\"params\":{},\"status\":0},{\"browser\":\"Chrome\",\"ipaddr\":\"127.0.0.1\",\"loginId\":21,\"loginLocation\":\"内网IP\",\"loginTime\":\"2025-11-12 19:42:16\",\"msg\":\"登录成功\",\"os\":\"Windows 10\",\"params\":{},\"status\":0,\"userName\":\"admin\"},{\"browser\":\"Chrome\",\"ipaddr\":\"127.0.0.1\",\"loginId\":20,\"loginLocation\":\"内网IP\",\"loginTime\":\"2025-11-12 19:42:14\",\"msg\":\"验证码错误\",\"os\":\"Windows 10\",\"params\":{},\"status\":1,\"userName\":\"admin\"},{\"browser\":\"Chrome 14\",\"ipaddr\":\"127.0.0.1\",\"loginId\":19,\"loginLocation\":\"内网IP\",\"loginTime\":\"2025-11-12 19:42:11\",\"msg\":\"退出成功\",\"os\":\"Windows 10\",\"params\":{},\"status\":0}],\"total\":28}', 0, NULL, '2025-11-12 19:53:27');
INSERT INTO `class_oper_log` VALUES (152, '登录日志', 0, 'com.ruoyi.web.controller.proj_cyq.ClassLoginLogController.list()', 'GET', 1, '系统用户', '系统部门', '/proj_cyq/loginlog/list', '127.0.0.1', NULL, '{\"params\":{}}', '{\"code\":200,\"msg\":\"查询成功\",\"rows\":[{\"browser\":\"Chrome\",\"ipaddr\":\"127.0.0.1\",\"loginId\":30,\"loginLocation\":\"内网IP\",\"loginTime\":\"2025-11-12 19:53:44\",\"msg\":\"登录成功\",\"os\":\"Windows 10\",\"params\":{},\"status\":0,\"userName\":\"admin\"},{\"browser\":\"Chrome 14\",\"ipaddr\":\"127.0.0.1\",\"loginId\":29,\"loginLocation\":\"内网IP\",\"loginTime\":\"2025-11-12 19:53:34\",\"msg\":\"退出成功\",\"os\":\"Windows 10\",\"params\":{},\"status\":0},{\"browser\":\"Chrome\",\"ipaddr\":\"127.0.0.1\",\"loginId\":28,\"loginLocation\":\"内网IP\",\"loginTime\":\"2025-11-12 19:53:04\",\"msg\":\"登录成功\",\"os\":\"Windows 10\",\"params\":{},\"status\":0,\"userName\":\"teacher_zhang\"},{\"browser\":\"Chrome\",\"ipaddr\":\"127.0.0.1\",\"loginId\":27,\"loginLocation\":\"内网IP\",\"loginTime\":\"2025-11-12 19:52:41\",\"msg\":\"登录成功\",\"os\":\"Windows 10\",\"params\":{},\"status\":0,\"userName\":\"admin\"},{\"browser\":\"Chrome\",\"ipaddr\":\"127.0.0.1\",\"loginId\":26,\"loginLocation\":\"内网IP\",\"loginTime\":\"2025-11-12 19:43:43\",\"msg\":\"登录成功\",\"os\":\"Windows 10\",\"params\":{},\"status\":0,\"userName\":\"admin\"},{\"browser\":\"Chrome\",\"ipaddr\":\"127.0.0.1\",\"loginId\":25,\"loginLocation\":\"内网IP\",\"loginTime\":\"2025-11-12 19:43:40\",\"msg\":\"验证码错误\",\"os\":\"Windows 10\",\"params\":{},\"status\":1,\"userName\":\"admin\"},{\"browser\":\"Chrome\",\"ipaddr\":\"127.0.0.1\",\"loginId\":24,\"loginLocation\":\"内网IP\",\"loginTime\":\"2025-11-12 19:43:37\",\"msg\":\"验证码错误\",\"os\":\"Windows 10\",\"params\":{},\"status\":1,\"userName\":\"admin\"},{\"browser\":\"Chrome 14\",\"ipaddr\":\"127.0.0.1\",\"loginId\":23,\"loginLocation\":\"内网IP\",\"loginTime\":\"2025-11-12 19:43:34\",\"msg\":\"退出成功\",\"os\":\"Windows 10\",\"params\":{},\"status\":0,\"userName\":\"未知用户\"},{\"browser\":\"Chrome 14\",\"ipaddr\":\"127.0.0.1\",\"loginId\":22,\"loginLocation\":\"内网IP\",\"loginTime\":\"2025-11-12 19:43:34\",\"msg\":\"退出成功\",\"os\":\"Windows 10\",\"params\":{},\"status\":0},{\"browser\":\"Chrome\",\"ipaddr\":\"127.0.0.1\",\"loginId\":21,\"loginLocation\":\"内网IP\",\"loginTime\":\"2025-11-12 19:42:16\",\"msg\":\"登录成功\",\"os\":\"Windows 10\",\"params\":{},\"status\":0,\"userName\":\"admin\"}],\"total\":30}', 0, NULL, '2025-11-12 19:53:47');
INSERT INTO `class_oper_log` VALUES (153, '登录日志', 0, 'com.ruoyi.web.controller.proj_cyq.ClassLoginLogController.list()', 'GET', 1, '系统用户', '系统部门', '/proj_cyq/loginlog/list', '127.0.0.1', NULL, '{\"params\":{}}', '{\"code\":200,\"msg\":\"查询成功\",\"rows\":[{\"browser\":\"Chrome\",\"ipaddr\":\"127.0.0.1\",\"loginId\":30,\"loginLocation\":\"内网IP\",\"loginTime\":\"2025-11-12 19:53:44\",\"msg\":\"登录成功\",\"os\":\"Windows 10\",\"params\":{},\"status\":0,\"userName\":\"admin\"},{\"browser\":\"Chrome 14\",\"ipaddr\":\"127.0.0.1\",\"loginId\":29,\"loginLocation\":\"内网IP\",\"loginTime\":\"2025-11-12 19:53:34\",\"msg\":\"退出成功\",\"os\":\"Windows 10\",\"params\":{},\"status\":0},{\"browser\":\"Chrome\",\"ipaddr\":\"127.0.0.1\",\"loginId\":28,\"loginLocation\":\"内网IP\",\"loginTime\":\"2025-11-12 19:53:04\",\"msg\":\"登录成功\",\"os\":\"Windows 10\",\"params\":{},\"status\":0,\"userName\":\"teacher_zhang\"},{\"browser\":\"Chrome\",\"ipaddr\":\"127.0.0.1\",\"loginId\":27,\"loginLocation\":\"内网IP\",\"loginTime\":\"2025-11-12 19:52:41\",\"msg\":\"登录成功\",\"os\":\"Windows 10\",\"params\":{},\"status\":0,\"userName\":\"admin\"},{\"browser\":\"Chrome\",\"ipaddr\":\"127.0.0.1\",\"loginId\":26,\"loginLocation\":\"内网IP\",\"loginTime\":\"2025-11-12 19:43:43\",\"msg\":\"登录成功\",\"os\":\"Windows 10\",\"params\":{},\"status\":0,\"userName\":\"admin\"},{\"browser\":\"Chrome\",\"ipaddr\":\"127.0.0.1\",\"loginId\":25,\"loginLocation\":\"内网IP\",\"loginTime\":\"2025-11-12 19:43:40\",\"msg\":\"验证码错误\",\"os\":\"Windows 10\",\"params\":{},\"status\":1,\"userName\":\"admin\"},{\"browser\":\"Chrome\",\"ipaddr\":\"127.0.0.1\",\"loginId\":24,\"loginLocation\":\"内网IP\",\"loginTime\":\"2025-11-12 19:43:37\",\"msg\":\"验证码错误\",\"os\":\"Windows 10\",\"params\":{},\"status\":1,\"userName\":\"admin\"},{\"browser\":\"Chrome 14\",\"ipaddr\":\"127.0.0.1\",\"loginId\":23,\"loginLocation\":\"内网IP\",\"loginTime\":\"2025-11-12 19:43:34\",\"msg\":\"退出成功\",\"os\":\"Windows 10\",\"params\":{},\"status\":0,\"userName\":\"未知用户\"},{\"browser\":\"Chrome 14\",\"ipaddr\":\"127.0.0.1\",\"loginId\":22,\"loginLocation\":\"内网IP\",\"loginTime\":\"2025-11-12 19:43:34\",\"msg\":\"退出成功\",\"os\":\"Windows 10\",\"params\":{},\"status\":0},{\"browser\":\"Chrome\",\"ipaddr\":\"127.0.0.1\",\"loginId\":21,\"loginLocation\":\"内网IP\",\"loginTime\":\"2025-11-12 19:42:16\",\"msg\":\"登录成功\",\"os\":\"Windows 10\",\"params\":{},\"status\":0,\"userName\":\"admin\"}],\"total\":30}', 0, NULL, '2025-11-12 19:57:09');
INSERT INTO `class_oper_log` VALUES (154, '登录日志', 0, 'com.ruoyi.web.controller.proj_cyq.ClassLoginLogController.list()', 'GET', 1, '系统用户', '系统部门', '/proj_cyq/loginlog/list', '127.0.0.1', NULL, '{\"params\":{}}', '{\"code\":200,\"msg\":\"查询成功\",\"rows\":[{\"browser\":\"Chrome\",\"ipaddr\":\"127.0.0.1\",\"loginId\":34,\"loginLocation\":\"内网IP\",\"loginTime\":\"2025-11-12 19:57:24\",\"msg\":\"登录成功\",\"os\":\"Windows 10\",\"params\":{},\"status\":0,\"userName\":\"admin\"},{\"browser\":\"Chrome\",\"ipaddr\":\"127.0.0.1\",\"loginId\":33,\"loginLocation\":\"内网IP\",\"loginTime\":\"2025-11-12 19:57:21\",\"msg\":\"验证码错误\",\"os\":\"Windows 10\",\"params\":{},\"status\":1,\"userName\":\"admin\"},{\"browser\":\"Chrome\",\"ipaddr\":\"127.0.0.1\",\"loginId\":32,\"loginLocation\":\"内网IP\",\"loginTime\":\"2025-11-12 19:57:17\",\"msg\":\"验证码错误\",\"os\":\"Windows 10\",\"params\":{},\"status\":1,\"userName\":\"admin\"},{\"browser\":\"Chrome 14\",\"ipaddr\":\"127.0.0.1\",\"loginId\":31,\"loginLocation\":\"内网IP\",\"loginTime\":\"2025-11-12 19:57:15\",\"msg\":\"退出成功\",\"os\":\"Windows 10\",\"params\":{},\"status\":0},{\"browser\":\"Chrome\",\"ipaddr\":\"127.0.0.1\",\"loginId\":30,\"loginLocation\":\"内网IP\",\"loginTime\":\"2025-11-12 19:53:44\",\"msg\":\"登录成功\",\"os\":\"Windows 10\",\"params\":{},\"status\":0,\"userName\":\"admin\"},{\"browser\":\"Chrome 14\",\"ipaddr\":\"127.0.0.1\",\"loginId\":29,\"loginLocation\":\"内网IP\",\"loginTime\":\"2025-11-12 19:53:34\",\"msg\":\"退出成功\",\"os\":\"Windows 10\",\"params\":{},\"status\":0},{\"browser\":\"Chrome\",\"ipaddr\":\"127.0.0.1\",\"loginId\":28,\"loginLocation\":\"内网IP\",\"loginTime\":\"2025-11-12 19:53:04\",\"msg\":\"登录成功\",\"os\":\"Windows 10\",\"params\":{},\"status\":0,\"userName\":\"teacher_zhang\"},{\"browser\":\"Chrome\",\"ipaddr\":\"127.0.0.1\",\"loginId\":27,\"loginLocation\":\"内网IP\",\"loginTime\":\"2025-11-12 19:52:41\",\"msg\":\"登录成功\",\"os\":\"Windows 10\",\"params\":{},\"status\":0,\"userName\":\"admin\"},{\"browser\":\"Chrome\",\"ipaddr\":\"127.0.0.1\",\"loginId\":26,\"loginLocation\":\"内网IP\",\"loginTime\":\"2025-11-12 19:43:43\",\"msg\":\"登录成功\",\"os\":\"Windows 10\",\"params\":{},\"status\":0,\"userName\":\"admin\"},{\"browser\":\"Chrome\",\"ipaddr\":\"127.0.0.1\",\"loginId\":25,\"loginLocation\":\"内网IP\",\"loginTime\":\"2025-11-12 19:43:40\",\"msg\":\"验证码错误\",\"os\":\"Windows 10\",\"params\":{},\"status\":1,\"userName\":\"admin\"}],\"total\":34}', 0, NULL, '2025-11-12 19:57:28');
INSERT INTO `class_oper_log` VALUES (155, '登录日志', 0, 'com.ruoyi.web.controller.proj_cyq.ClassLoginLogController.list()', 'GET', 1, '系统用户', '系统部门', '/proj_cyq/loginlog/list', '127.0.0.1', NULL, '{\"params\":{}}', '{\"code\":200,\"msg\":\"查询成功\",\"rows\":[{\"browser\":\"Chrome\",\"ipaddr\":\"127.0.0.1\",\"loginId\":34,\"loginLocation\":\"内网IP\",\"loginTime\":\"2025-11-12 19:57:24\",\"msg\":\"登录成功\",\"os\":\"Windows 10\",\"params\":{},\"status\":0,\"userName\":\"admin\"},{\"browser\":\"Chrome\",\"ipaddr\":\"127.0.0.1\",\"loginId\":33,\"loginLocation\":\"内网IP\",\"loginTime\":\"2025-11-12 19:57:21\",\"msg\":\"验证码错误\",\"os\":\"Windows 10\",\"params\":{},\"status\":1,\"userName\":\"admin\"},{\"browser\":\"Chrome\",\"ipaddr\":\"127.0.0.1\",\"loginId\":32,\"loginLocation\":\"内网IP\",\"loginTime\":\"2025-11-12 19:57:17\",\"msg\":\"验证码错误\",\"os\":\"Windows 10\",\"params\":{},\"status\":1,\"userName\":\"admin\"},{\"browser\":\"Chrome 14\",\"ipaddr\":\"127.0.0.1\",\"loginId\":31,\"loginLocation\":\"内网IP\",\"loginTime\":\"2025-11-12 19:57:15\",\"msg\":\"退出成功\",\"os\":\"Windows 10\",\"params\":{},\"status\":0},{\"browser\":\"Chrome\",\"ipaddr\":\"127.0.0.1\",\"loginId\":30,\"loginLocation\":\"内网IP\",\"loginTime\":\"2025-11-12 19:53:44\",\"msg\":\"登录成功\",\"os\":\"Windows 10\",\"params\":{},\"status\":0,\"userName\":\"admin\"},{\"browser\":\"Chrome 14\",\"ipaddr\":\"127.0.0.1\",\"loginId\":29,\"loginLocation\":\"内网IP\",\"loginTime\":\"2025-11-12 19:53:34\",\"msg\":\"退出成功\",\"os\":\"Windows 10\",\"params\":{},\"status\":0},{\"browser\":\"Chrome\",\"ipaddr\":\"127.0.0.1\",\"loginId\":28,\"loginLocation\":\"内网IP\",\"loginTime\":\"2025-11-12 19:53:04\",\"msg\":\"登录成功\",\"os\":\"Windows 10\",\"params\":{},\"status\":0,\"userName\":\"teacher_zhang\"},{\"browser\":\"Chrome\",\"ipaddr\":\"127.0.0.1\",\"loginId\":27,\"loginLocation\":\"内网IP\",\"loginTime\":\"2025-11-12 19:52:41\",\"msg\":\"登录成功\",\"os\":\"Windows 10\",\"params\":{},\"status\":0,\"userName\":\"admin\"},{\"browser\":\"Chrome\",\"ipaddr\":\"127.0.0.1\",\"loginId\":26,\"loginLocation\":\"内网IP\",\"loginTime\":\"2025-11-12 19:43:43\",\"msg\":\"登录成功\",\"os\":\"Windows 10\",\"params\":{},\"status\":0,\"userName\":\"admin\"},{\"browser\":\"Chrome\",\"ipaddr\":\"127.0.0.1\",\"loginId\":25,\"loginLocation\":\"内网IP\",\"loginTime\":\"2025-11-12 19:43:40\",\"msg\":\"验证码错误\",\"os\":\"Windows 10\",\"params\":{},\"status\":1,\"userName\":\"admin\"}],\"total\":34}', 0, NULL, '2025-11-12 20:03:27');
INSERT INTO `class_oper_log` VALUES (156, '登录日志', 0, 'com.ruoyi.web.controller.proj_cyq.ClassLoginLogController.list()', 'GET', 1, '系统用户', '系统部门', '/proj_cyq/loginlog/list', '127.0.0.1', NULL, '{\"params\":{}}', '{\"code\":200,\"msg\":\"查询成功\",\"rows\":[{\"browser\":\"Chrome\",\"ipaddr\":\"127.0.0.1\",\"loginId\":37,\"loginLocation\":\"内网IP\",\"loginTime\":\"2025-11-12 20:03:38\",\"msg\":\"登录成功\",\"os\":\"Windows 10\",\"params\":{},\"status\":0,\"userName\":\"admin\"},{\"browser\":\"Chrome\",\"ipaddr\":\"127.0.0.1\",\"loginId\":36,\"loginLocation\":\"内网IP\",\"loginTime\":\"2025-11-12 20:03:35\",\"msg\":\"验证码错误\",\"os\":\"Windows 10\",\"params\":{},\"status\":1,\"userName\":\"admin\"},{\"browser\":\"Chrome 14\",\"ipaddr\":\"127.0.0.1\",\"loginId\":35,\"loginLocation\":\"内网IP\",\"loginTime\":\"2025-11-12 20:03:32\",\"msg\":\"退出成功\",\"os\":\"Windows 10\",\"params\":{},\"status\":0,\"userName\":\"未知用户\"},{\"browser\":\"Chrome\",\"ipaddr\":\"127.0.0.1\",\"loginId\":34,\"loginLocation\":\"内网IP\",\"loginTime\":\"2025-11-12 19:57:24\",\"msg\":\"登录成功\",\"os\":\"Windows 10\",\"params\":{},\"status\":0,\"userName\":\"admin\"},{\"browser\":\"Chrome\",\"ipaddr\":\"127.0.0.1\",\"loginId\":33,\"loginLocation\":\"内网IP\",\"loginTime\":\"2025-11-12 19:57:21\",\"msg\":\"验证码错误\",\"os\":\"Windows 10\",\"params\":{},\"status\":1,\"userName\":\"admin\"},{\"browser\":\"Chrome\",\"ipaddr\":\"127.0.0.1\",\"loginId\":32,\"loginLocation\":\"内网IP\",\"loginTime\":\"2025-11-12 19:57:17\",\"msg\":\"验证码错误\",\"os\":\"Windows 10\",\"params\":{},\"status\":1,\"userName\":\"admin\"},{\"browser\":\"Chrome 14\",\"ipaddr\":\"127.0.0.1\",\"loginId\":31,\"loginLocation\":\"内网IP\",\"loginTime\":\"2025-11-12 19:57:15\",\"msg\":\"退出成功\",\"os\":\"Windows 10\",\"params\":{},\"status\":0},{\"browser\":\"Chrome\",\"ipaddr\":\"127.0.0.1\",\"loginId\":30,\"loginLocation\":\"内网IP\",\"loginTime\":\"2025-11-12 19:53:44\",\"msg\":\"登录成功\",\"os\":\"Windows 10\",\"params\":{},\"status\":0,\"userName\":\"admin\"},{\"browser\":\"Chrome 14\",\"ipaddr\":\"127.0.0.1\",\"loginId\":29,\"loginLocation\":\"内网IP\",\"loginTime\":\"2025-11-12 19:53:34\",\"msg\":\"退出成功\",\"os\":\"Windows 10\",\"params\":{},\"status\":0},{\"browser\":\"Chrome\",\"ipaddr\":\"127.0.0.1\",\"loginId\":28,\"loginLocation\":\"内网IP\",\"loginTime\":\"2025-11-12 19:53:04\",\"msg\":\"登录成功\",\"os\":\"Windows 10\",\"params\":{},\"status\":0,\"userName\":\"teacher_zhang\"}],\"total\":37}', 0, NULL, '2025-11-12 20:03:42');
INSERT INTO `class_oper_log` VALUES (157, '登录日志', 0, 'com.ruoyi.web.controller.proj_cyq.ClassLoginLogController.list()', 'GET', 1, '系统用户', '系统部门', '/proj_cyq/loginlog/list', '127.0.0.1', NULL, '{\"params\":{}}', '{\"code\":200,\"msg\":\"查询成功\",\"rows\":[{\"browser\":\"Chrome\",\"ipaddr\":\"127.0.0.1\",\"loginId\":40,\"loginLocation\":\"内网IP\",\"loginTime\":\"2025-11-12 20:04:59\",\"msg\":\"登录成功\",\"os\":\"Windows 10\",\"params\":{},\"status\":0,\"userName\":\"admin\"},{\"browser\":\"Chrome\",\"ipaddr\":\"127.0.0.1\",\"loginId\":39,\"loginLocation\":\"内网IP\",\"loginTime\":\"2025-11-12 20:04:57\",\"msg\":\"验证码错误\",\"os\":\"Windows 10\",\"params\":{},\"status\":1,\"userName\":\"admin\"},{\"browser\":\"Chrome 14\",\"ipaddr\":\"127.0.0.1\",\"loginId\":38,\"loginLocation\":\"内网IP\",\"loginTime\":\"2025-11-12 20:04:53\",\"msg\":\"退出成功\",\"os\":\"Windows 10\",\"params\":{},\"status\":0,\"userName\":\"未知用户\"},{\"browser\":\"Chrome\",\"ipaddr\":\"127.0.0.1\",\"loginId\":37,\"loginLocation\":\"内网IP\",\"loginTime\":\"2025-11-12 20:03:38\",\"msg\":\"登录成功\",\"os\":\"Windows 10\",\"params\":{},\"status\":0,\"userName\":\"admin\"},{\"browser\":\"Chrome\",\"ipaddr\":\"127.0.0.1\",\"loginId\":36,\"loginLocation\":\"内网IP\",\"loginTime\":\"2025-11-12 20:03:35\",\"msg\":\"验证码错误\",\"os\":\"Windows 10\",\"params\":{},\"status\":1,\"userName\":\"admin\"},{\"browser\":\"Chrome 14\",\"ipaddr\":\"127.0.0.1\",\"loginId\":35,\"loginLocation\":\"内网IP\",\"loginTime\":\"2025-11-12 20:03:32\",\"msg\":\"退出成功\",\"os\":\"Windows 10\",\"params\":{},\"status\":0,\"userName\":\"未知用户\"},{\"browser\":\"Chrome\",\"ipaddr\":\"127.0.0.1\",\"loginId\":34,\"loginLocation\":\"内网IP\",\"loginTime\":\"2025-11-12 19:57:24\",\"msg\":\"登录成功\",\"os\":\"Windows 10\",\"params\":{},\"status\":0,\"userName\":\"admin\"},{\"browser\":\"Chrome\",\"ipaddr\":\"127.0.0.1\",\"loginId\":33,\"loginLocation\":\"内网IP\",\"loginTime\":\"2025-11-12 19:57:21\",\"msg\":\"验证码错误\",\"os\":\"Windows 10\",\"params\":{},\"status\":1,\"userName\":\"admin\"},{\"browser\":\"Chrome\",\"ipaddr\":\"127.0.0.1\",\"loginId\":32,\"loginLocation\":\"内网IP\",\"loginTime\":\"2025-11-12 19:57:17\",\"msg\":\"验证码错误\",\"os\":\"Windows 10\",\"params\":{},\"status\":1,\"userName\":\"admin\"},{\"browser\":\"Chrome 14\",\"ipaddr\":\"127.0.0.1\",\"loginId\":31,\"loginLocation\":\"内网IP\",\"loginTime\":\"2025-11-12 19:57:15\",\"msg\":\"退出成功\",\"os\":\"Windows 10\",\"params\":{},\"status\":0}],\"total\":40}', 0, NULL, '2025-11-12 20:05:02');
INSERT INTO `class_oper_log` VALUES (158, '登录日志', 0, 'com.ruoyi.web.controller.proj_cyq.ClassLoginLogController.list()', 'GET', 1, '系统用户', '系统部门', '/proj_cyq/loginlog/list', '127.0.0.1', NULL, '{\"params\":{}}', '{\"code\":200,\"msg\":\"查询成功\",\"rows\":[{\"browser\":\"Chrome\",\"ipaddr\":\"127.0.0.1\",\"loginId\":40,\"loginLocation\":\"内网IP\",\"loginTime\":\"2025-11-12 20:04:59\",\"msg\":\"登录成功\",\"os\":\"Windows 10\",\"params\":{},\"status\":0,\"userName\":\"admin\"},{\"browser\":\"Chrome\",\"ipaddr\":\"127.0.0.1\",\"loginId\":39,\"loginLocation\":\"内网IP\",\"loginTime\":\"2025-11-12 20:04:57\",\"msg\":\"验证码错误\",\"os\":\"Windows 10\",\"params\":{},\"status\":1,\"userName\":\"admin\"},{\"browser\":\"Chrome 14\",\"ipaddr\":\"127.0.0.1\",\"loginId\":38,\"loginLocation\":\"内网IP\",\"loginTime\":\"2025-11-12 20:04:53\",\"msg\":\"退出成功\",\"os\":\"Windows 10\",\"params\":{},\"status\":0,\"userName\":\"未知用户\"},{\"browser\":\"Chrome\",\"ipaddr\":\"127.0.0.1\",\"loginId\":37,\"loginLocation\":\"内网IP\",\"loginTime\":\"2025-11-12 20:03:38\",\"msg\":\"登录成功\",\"os\":\"Windows 10\",\"params\":{},\"status\":0,\"userName\":\"admin\"},{\"browser\":\"Chrome\",\"ipaddr\":\"127.0.0.1\",\"loginId\":36,\"loginLocation\":\"内网IP\",\"loginTime\":\"2025-11-12 20:03:35\",\"msg\":\"验证码错误\",\"os\":\"Windows 10\",\"params\":{},\"status\":1,\"userName\":\"admin\"},{\"browser\":\"Chrome 14\",\"ipaddr\":\"127.0.0.1\",\"loginId\":35,\"loginLocation\":\"内网IP\",\"loginTime\":\"2025-11-12 20:03:32\",\"msg\":\"退出成功\",\"os\":\"Windows 10\",\"params\":{},\"status\":0,\"userName\":\"未知用户\"},{\"browser\":\"Chrome\",\"ipaddr\":\"127.0.0.1\",\"loginId\":34,\"loginLocation\":\"内网IP\",\"loginTime\":\"2025-11-12 19:57:24\",\"msg\":\"登录成功\",\"os\":\"Windows 10\",\"params\":{},\"status\":0,\"userName\":\"admin\"},{\"browser\":\"Chrome\",\"ipaddr\":\"127.0.0.1\",\"loginId\":33,\"loginLocation\":\"内网IP\",\"loginTime\":\"2025-11-12 19:57:21\",\"msg\":\"验证码错误\",\"os\":\"Windows 10\",\"params\":{},\"status\":1,\"userName\":\"admin\"},{\"browser\":\"Chrome\",\"ipaddr\":\"127.0.0.1\",\"loginId\":32,\"loginLocation\":\"内网IP\",\"loginTime\":\"2025-11-12 19:57:17\",\"msg\":\"验证码错误\",\"os\":\"Windows 10\",\"params\":{},\"status\":1,\"userName\":\"admin\"},{\"browser\":\"Chrome 14\",\"ipaddr\":\"127.0.0.1\",\"loginId\":31,\"loginLocation\":\"内网IP\",\"loginTime\":\"2025-11-12 19:57:15\",\"msg\":\"退出成功\",\"os\":\"Windows 10\",\"params\":{},\"status\":0}],\"total\":40}', 0, NULL, '2025-11-12 20:09:30');
INSERT INTO `class_oper_log` VALUES (159, '登录日志', 0, 'com.ruoyi.web.controller.proj_cyq.ClassLoginLogController.list()', 'GET', 1, '系统用户', '系统部门', '/proj_cyq/loginlog/list', '127.0.0.1', NULL, '{\"params\":{}}', '{\"code\":200,\"msg\":\"查询成功\",\"rows\":[{\"browser\":\"Chrome\",\"ipaddr\":\"127.0.0.1\",\"loginId\":42,\"loginLocation\":\"内网IP\",\"loginTime\":\"2025-11-12 20:09:36\",\"msg\":\"登录成功\",\"os\":\"Windows 10\",\"params\":{},\"status\":0,\"userName\":\"admin\"},{\"browser\":\"Chrome 14\",\"ipaddr\":\"127.0.0.1\",\"loginId\":41,\"loginLocation\":\"内网IP\",\"loginTime\":\"2025-11-12 20:09:32\",\"msg\":\"退出成功\",\"os\":\"Windows 10\",\"params\":{},\"status\":0,\"userName\":\"admin\"},{\"browser\":\"Chrome\",\"ipaddr\":\"127.0.0.1\",\"loginId\":40,\"loginLocation\":\"内网IP\",\"loginTime\":\"2025-11-12 20:04:59\",\"msg\":\"登录成功\",\"os\":\"Windows 10\",\"params\":{},\"status\":0,\"userName\":\"admin\"},{\"browser\":\"Chrome\",\"ipaddr\":\"127.0.0.1\",\"loginId\":39,\"loginLocation\":\"内网IP\",\"loginTime\":\"2025-11-12 20:04:57\",\"msg\":\"验证码错误\",\"os\":\"Windows 10\",\"params\":{},\"status\":1,\"userName\":\"admin\"},{\"browser\":\"Chrome 14\",\"ipaddr\":\"127.0.0.1\",\"loginId\":38,\"loginLocation\":\"内网IP\",\"loginTime\":\"2025-11-12 20:04:53\",\"msg\":\"退出成功\",\"os\":\"Windows 10\",\"params\":{},\"status\":0,\"userName\":\"未知用户\"},{\"browser\":\"Chrome\",\"ipaddr\":\"127.0.0.1\",\"loginId\":37,\"loginLocation\":\"内网IP\",\"loginTime\":\"2025-11-12 20:03:38\",\"msg\":\"登录成功\",\"os\":\"Windows 10\",\"params\":{},\"status\":0,\"userName\":\"admin\"},{\"browser\":\"Chrome\",\"ipaddr\":\"127.0.0.1\",\"loginId\":36,\"loginLocation\":\"内网IP\",\"loginTime\":\"2025-11-12 20:03:35\",\"msg\":\"验证码错误\",\"os\":\"Windows 10\",\"params\":{},\"status\":1,\"userName\":\"admin\"},{\"browser\":\"Chrome 14\",\"ipaddr\":\"127.0.0.1\",\"loginId\":35,\"loginLocation\":\"内网IP\",\"loginTime\":\"2025-11-12 20:03:32\",\"msg\":\"退出成功\",\"os\":\"Windows 10\",\"params\":{},\"status\":0,\"userName\":\"未知用户\"},{\"browser\":\"Chrome\",\"ipaddr\":\"127.0.0.1\",\"loginId\":34,\"loginLocation\":\"内网IP\",\"loginTime\":\"2025-11-12 19:57:24\",\"msg\":\"登录成功\",\"os\":\"Windows 10\",\"params\":{},\"status\":0,\"userName\":\"admin\"},{\"browser\":\"Chrome\",\"ipaddr\":\"127.0.0.1\",\"loginId\":33,\"loginLocation\":\"内网IP\",\"loginTime\":\"2025-11-12 19:57:21\",\"msg\":\"验证码错误\",\"os\":\"Windows 10\",\"params\":{},\"status\":1,\"userName\":\"admin\"}],\"total\":42}', 0, NULL, '2025-11-12 20:09:39');
INSERT INTO `class_oper_log` VALUES (160, '登录日志', 0, 'com.ruoyi.web.controller.proj_cyq.ClassLoginLogController.list()', 'GET', 1, '系统用户', '系统部门', '/proj_cyq/loginlog/list', '127.0.0.1', NULL, '{\"params\":{}}', '{\"code\":200,\"msg\":\"查询成功\",\"rows\":[{\"browser\":\"Chrome\",\"ipaddr\":\"127.0.0.1\",\"loginId\":44,\"loginLocation\":\"内网IP\",\"loginTime\":\"2025-11-12 20:10:05\",\"msg\":\"登录成功\",\"os\":\"Windows 10\",\"params\":{},\"status\":0,\"userName\":\"teacher_zhang\"},{\"browser\":\"Chrome 14\",\"ipaddr\":\"127.0.0.1\",\"loginId\":43,\"loginLocation\":\"内网IP\",\"loginTime\":\"2025-11-12 20:09:53\",\"msg\":\"退出成功\",\"os\":\"Windows 10\",\"params\":{},\"status\":0,\"userName\":\"admin\"},{\"browser\":\"Chrome\",\"ipaddr\":\"127.0.0.1\",\"loginId\":42,\"loginLocation\":\"内网IP\",\"loginTime\":\"2025-11-12 20:09:36\",\"msg\":\"登录成功\",\"os\":\"Windows 10\",\"params\":{},\"status\":0,\"userName\":\"admin\"},{\"browser\":\"Chrome 14\",\"ipaddr\":\"127.0.0.1\",\"loginId\":41,\"loginLocation\":\"内网IP\",\"loginTime\":\"2025-11-12 20:09:32\",\"msg\":\"退出成功\",\"os\":\"Windows 10\",\"params\":{},\"status\":0,\"userName\":\"admin\"},{\"browser\":\"Chrome\",\"ipaddr\":\"127.0.0.1\",\"loginId\":40,\"loginLocation\":\"内网IP\",\"loginTime\":\"2025-11-12 20:04:59\",\"msg\":\"登录成功\",\"os\":\"Windows 10\",\"params\":{},\"status\":0,\"userName\":\"admin\"},{\"browser\":\"Chrome\",\"ipaddr\":\"127.0.0.1\",\"loginId\":39,\"loginLocation\":\"内网IP\",\"loginTime\":\"2025-11-12 20:04:57\",\"msg\":\"验证码错误\",\"os\":\"Windows 10\",\"params\":{},\"status\":1,\"userName\":\"admin\"},{\"browser\":\"Chrome 14\",\"ipaddr\":\"127.0.0.1\",\"loginId\":38,\"loginLocation\":\"内网IP\",\"loginTime\":\"2025-11-12 20:04:53\",\"msg\":\"退出成功\",\"os\":\"Windows 10\",\"params\":{},\"status\":0,\"userName\":\"未知用户\"},{\"browser\":\"Chrome\",\"ipaddr\":\"127.0.0.1\",\"loginId\":37,\"loginLocation\":\"内网IP\",\"loginTime\":\"2025-11-12 20:03:38\",\"msg\":\"登录成功\",\"os\":\"Windows 10\",\"params\":{},\"status\":0,\"userName\":\"admin\"},{\"browser\":\"Chrome\",\"ipaddr\":\"127.0.0.1\",\"loginId\":36,\"loginLocation\":\"内网IP\",\"loginTime\":\"2025-11-12 20:03:35\",\"msg\":\"验证码错误\",\"os\":\"Windows 10\",\"params\":{},\"status\":1,\"userName\":\"admin\"},{\"browser\":\"Chrome 14\",\"ipaddr\":\"127.0.0.1\",\"loginId\":35,\"loginLocation\":\"内网IP\",\"loginTime\":\"2025-11-12 20:03:32\",\"msg\":\"退出成功\",\"os\":\"Windows 10\",\"params\":{},\"status\":0,\"userName\":\"未知用户\"}],\"total\":44}', 0, NULL, '2025-11-12 20:10:09');
INSERT INTO `class_oper_log` VALUES (161, '登录日志', 0, 'com.ruoyi.web.controller.proj_cyq.ClassLoginLogController.list()', 'GET', 1, '系统用户', '系统部门', '/proj_cyq/loginlog/list', '127.0.0.1', NULL, '{\"params\":{}}', '{\"code\":200,\"msg\":\"查询成功\",\"rows\":[{\"browser\":\"Chrome\",\"ipaddr\":\"127.0.0.1\",\"loginId\":46,\"loginLocation\":\"内网IP\",\"loginTime\":\"2025-11-12 20:10:25\",\"msg\":\"登录成功\",\"os\":\"Windows 10\",\"params\":{},\"status\":0,\"userName\":\"admin\"},{\"browser\":\"Chrome 14\",\"ipaddr\":\"127.0.0.1\",\"loginId\":45,\"loginLocation\":\"内网IP\",\"loginTime\":\"2025-11-12 20:10:14\",\"msg\":\"退出成功\",\"os\":\"Windows 10\",\"params\":{},\"status\":0,\"userName\":\"teacher_zhang\"},{\"browser\":\"Chrome\",\"ipaddr\":\"127.0.0.1\",\"loginId\":44,\"loginLocation\":\"内网IP\",\"loginTime\":\"2025-11-12 20:10:05\",\"msg\":\"登录成功\",\"os\":\"Windows 10\",\"params\":{},\"status\":0,\"userName\":\"teacher_zhang\"},{\"browser\":\"Chrome 14\",\"ipaddr\":\"127.0.0.1\",\"loginId\":43,\"loginLocation\":\"内网IP\",\"loginTime\":\"2025-11-12 20:09:53\",\"msg\":\"退出成功\",\"os\":\"Windows 10\",\"params\":{},\"status\":0,\"userName\":\"admin\"},{\"browser\":\"Chrome\",\"ipaddr\":\"127.0.0.1\",\"loginId\":42,\"loginLocation\":\"内网IP\",\"loginTime\":\"2025-11-12 20:09:36\",\"msg\":\"登录成功\",\"os\":\"Windows 10\",\"params\":{},\"status\":0,\"userName\":\"admin\"},{\"browser\":\"Chrome 14\",\"ipaddr\":\"127.0.0.1\",\"loginId\":41,\"loginLocation\":\"内网IP\",\"loginTime\":\"2025-11-12 20:09:32\",\"msg\":\"退出成功\",\"os\":\"Windows 10\",\"params\":{},\"status\":0,\"userName\":\"admin\"},{\"browser\":\"Chrome\",\"ipaddr\":\"127.0.0.1\",\"loginId\":40,\"loginLocation\":\"内网IP\",\"loginTime\":\"2025-11-12 20:04:59\",\"msg\":\"登录成功\",\"os\":\"Windows 10\",\"params\":{},\"status\":0,\"userName\":\"admin\"},{\"browser\":\"Chrome\",\"ipaddr\":\"127.0.0.1\",\"loginId\":39,\"loginLocation\":\"内网IP\",\"loginTime\":\"2025-11-12 20:04:57\",\"msg\":\"验证码错误\",\"os\":\"Windows 10\",\"params\":{},\"status\":1,\"userName\":\"admin\"},{\"browser\":\"Chrome 14\",\"ipaddr\":\"127.0.0.1\",\"loginId\":38,\"loginLocation\":\"内网IP\",\"loginTime\":\"2025-11-12 20:04:53\",\"msg\":\"退出成功\",\"os\":\"Windows 10\",\"params\":{},\"status\":0,\"userName\":\"未知用户\"},{\"browser\":\"Chrome\",\"ipaddr\":\"127.0.0.1\",\"loginId\":37,\"loginLocation\":\"内网IP\",\"loginTime\":\"2025-11-12 20:03:38\",\"msg\":\"登录成功\",\"os\":\"Windows 10\",\"params\":{},\"status\":0,\"userName\":\"admin\"}],\"total\":46}', 0, NULL, '2025-11-12 20:10:30');
INSERT INTO `class_oper_log` VALUES (162, '登录日志', 5, 'com.ruoyi.web.controller.proj_cyq.ClassLoginLogController.export()', 'GET', 1, '系统用户', '系统部门', '/proj_cyq/loginlog/export', '127.0.0.1', NULL, '{\"params\":{}}', NULL, 0, NULL, '2025-11-12 20:10:45');
INSERT INTO `class_oper_log` VALUES (163, '操作日志', 0, 'com.ruoyi.web.controller.proj_cyq.ClassOperLogController.list()', 'GET', 1, '系统用户', '系统部门', '/proj_cyq/operlog/list', '127.0.0.1', NULL, '{\"params\":{}}', '{\"code\":200,\"msg\":\"查询成功\",\"rows\":[{\"businessType\":5,\"deptName\":\"系统部门\",\"method\":\"com.ruoyi.web.controller.proj_cyq.ClassLoginLogController.export()\",\"operId\":162,\"operIp\":\"127.0.0.1\",\"operName\":\"系统用户\",\"operParam\":\"{\\\"params\\\":{}}\",\"operTime\":\"2025-11-12 20:10:45\",\"operUrl\":\"/proj_cyq/loginlog/export\",\"operatorType\":1,\"params\":{},\"requestMethod\":\"GET\",\"status\":0,\"title\":\"登录日志\"},{\"businessType\":0,\"deptName\":\"系统部门\",\"jsonResult\":\"{\\\"code\\\":200,\\\"msg\\\":\\\"查询成功\\\",\\\"rows\\\":[{\\\"browser\\\":\\\"Chrome\\\",\\\"ipaddr\\\":\\\"127.0.0.1\\\",\\\"loginId\\\":46,\\\"loginLocation\\\":\\\"内网IP\\\",\\\"loginTime\\\":\\\"2025-11-12 20:10:25\\\",\\\"msg\\\":\\\"登录成功\\\",\\\"os\\\":\\\"Windows 10\\\",\\\"params\\\":{},\\\"status\\\":0,\\\"userName\\\":\\\"admin\\\"},{\\\"browser\\\":\\\"Chrome 14\\\",\\\"ipaddr\\\":\\\"127.0.0.1\\\",\\\"loginId\\\":45,\\\"loginLocation\\\":\\\"内网IP\\\",\\\"loginTime\\\":\\\"2025-11-12 20:10:14\\\",\\\"msg\\\":\\\"退出成功\\\",\\\"os\\\":\\\"Windows 10\\\",\\\"params\\\":{},\\\"status\\\":0,\\\"userName\\\":\\\"teacher_zhang\\\"},{\\\"browser\\\":\\\"Chrome\\\",\\\"ipaddr\\\":\\\"127.0.0.1\\\",\\\"loginId\\\":44,\\\"loginLocation\\\":\\\"内网IP\\\",\\\"loginTime\\\":\\\"2025-11-12 20:10:05\\\",\\\"msg\\\":\\\"登录成功\\\",\\\"os\\\":\\\"Windows 10\\\",\\\"params\\\":{},\\\"status\\\":0,\\\"userName\\\":\\\"teacher_zhang\\\"},{\\\"browser\\\":\\\"Chrome 14\\\",\\\"ipaddr\\\":\\\"127.0.0.1\\\",\\\"loginId\\\":43,\\\"loginLocation\\\":\\\"内网IP\\\",\\\"loginTime\\\":\\\"2025-11-12 20:09:53\\\",\\\"msg\\\":\\\"退出成功\\\",\\\"os\\\":\\\"Windows 10\\\",\\\"params\\\":{},\\\"status\\\":0,\\\"userName\\\":\\\"admin\\\"},{\\\"browser\\\":\\\"Chrome\\\",\\\"ipaddr\\\":\\\"127.0.0.1\\\",\\\"loginId\\\":42,\\\"loginLocation\\\":\\\"内网IP\\\",\\\"loginTime\\\":\\\"2025-11-12 20:09:36\\\",\\\"msg\\\":\\\"登录成功\\\",\\\"os\\\":\\\"Windows 10\\\",\\\"params\\\":{},\\\"status\\\":0,\\\"userName\\\":\\\"admin\\\"},{\\\"browser\\\":\\\"Chrome 14\\\",\\\"ipaddr\\\":\\\"127.0.0.1\\\",\\\"loginId\\\":41,\\\"loginLocation\\\":\\\"内网IP\\\",\\\"loginTime\\\":\\\"2025-11-12 20:09:32\\\",\\\"msg\\\":\\\"退出成功\\\",\\\"os\\\":\\\"Windows 10\\\",\\\"params\\\":{},\\\"status\\\":0,\\\"userName\\\":\\\"admin\\\"},{\\\"browser\\\":\\\"Chrome\\\",\\\"ipaddr\\\":\\\"127.0.0.1\\\",\\\"loginId\\\":40,\\\"loginLocation\\\":\\\"内网IP\\\",\\\"loginTime\\\":\\\"2025-11-12 20:04:59\\\",\\\"msg\\\":\\\"登录成功\\\",\\\"os\\\":\\\"Windows 10\\\",\\\"params\\\":{},\\\"status\\\"', 0, NULL, '2025-11-12 23:02:45');
INSERT INTO `class_oper_log` VALUES (164, '登录日志', 0, 'com.ruoyi.web.controller.proj_cyq.ClassLoginLogController.list()', 'GET', 1, '系统用户', '系统部门', '/proj_cyq/loginlog/list', '127.0.0.1', NULL, '{\"params\":{}}', '{\"code\":200,\"msg\":\"查询成功\",\"rows\":[{\"browser\":\"Chrome\",\"ipaddr\":\"127.0.0.1\",\"loginId\":47,\"loginLocation\":\"内网IP\",\"loginTime\":\"2025-11-12 23:02:33\",\"msg\":\"登录成功\",\"os\":\"Windows 10\",\"params\":{},\"status\":0,\"userName\":\"admin\"},{\"browser\":\"Chrome\",\"ipaddr\":\"127.0.0.1\",\"loginId\":46,\"loginLocation\":\"内网IP\",\"loginTime\":\"2025-11-12 20:10:25\",\"msg\":\"登录成功\",\"os\":\"Windows 10\",\"params\":{},\"status\":0,\"userName\":\"admin\"},{\"browser\":\"Chrome 14\",\"ipaddr\":\"127.0.0.1\",\"loginId\":45,\"loginLocation\":\"内网IP\",\"loginTime\":\"2025-11-12 20:10:14\",\"msg\":\"退出成功\",\"os\":\"Windows 10\",\"params\":{},\"status\":0,\"userName\":\"teacher_zhang\"},{\"browser\":\"Chrome\",\"ipaddr\":\"127.0.0.1\",\"loginId\":44,\"loginLocation\":\"内网IP\",\"loginTime\":\"2025-11-12 20:10:05\",\"msg\":\"登录成功\",\"os\":\"Windows 10\",\"params\":{},\"status\":0,\"userName\":\"teacher_zhang\"},{\"browser\":\"Chrome 14\",\"ipaddr\":\"127.0.0.1\",\"loginId\":43,\"loginLocation\":\"内网IP\",\"loginTime\":\"2025-11-12 20:09:53\",\"msg\":\"退出成功\",\"os\":\"Windows 10\",\"params\":{},\"status\":0,\"userName\":\"admin\"},{\"browser\":\"Chrome\",\"ipaddr\":\"127.0.0.1\",\"loginId\":42,\"loginLocation\":\"内网IP\",\"loginTime\":\"2025-11-12 20:09:36\",\"msg\":\"登录成功\",\"os\":\"Windows 10\",\"params\":{},\"status\":0,\"userName\":\"admin\"},{\"browser\":\"Chrome 14\",\"ipaddr\":\"127.0.0.1\",\"loginId\":41,\"loginLocation\":\"内网IP\",\"loginTime\":\"2025-11-12 20:09:32\",\"msg\":\"退出成功\",\"os\":\"Windows 10\",\"params\":{},\"status\":0,\"userName\":\"admin\"},{\"browser\":\"Chrome\",\"ipaddr\":\"127.0.0.1\",\"loginId\":40,\"loginLocation\":\"内网IP\",\"loginTime\":\"2025-11-12 20:04:59\",\"msg\":\"登录成功\",\"os\":\"Windows 10\",\"params\":{},\"status\":0,\"userName\":\"admin\"},{\"browser\":\"Chrome\",\"ipaddr\":\"127.0.0.1\",\"loginId\":39,\"loginLocation\":\"内网IP\",\"loginTime\":\"2025-11-12 20:04:57\",\"msg\":\"验证码错误\",\"os\":\"Windows 10\",\"params\":{},\"status\":1,\"userName\":\"admin\"},{\"browser\":\"Chrome 14\",\"ipaddr\":\"127.0.0.1\",\"loginId\":38,\"loginLocation\":\"内网IP\",\"loginTime\":\"2025-11-12 20:04:53\",\"msg\":\"退出成功\",\"os\":\"Windows 10\",\"params\":{},\"status\":0,\"userName\":\"未知用户\"}],\"total\":47}', 0, NULL, '2025-11-12 23:02:47');
INSERT INTO `class_oper_log` VALUES (165, '操作日志', 0, 'com.ruoyi.web.controller.proj_cyq.ClassOperLogController.list()', 'GET', 1, '系统用户', '系统部门', '/proj_cyq/operlog/list', '127.0.0.1', NULL, '{\"params\":{}}', '{\"code\":200,\"msg\":\"查询成功\",\"rows\":[{\"businessType\":0,\"deptName\":\"系统部门\",\"jsonResult\":\"{\\\"code\\\":200,\\\"msg\\\":\\\"查询成功\\\",\\\"rows\\\":[{\\\"browser\\\":\\\"Chrome\\\",\\\"ipaddr\\\":\\\"127.0.0.1\\\",\\\"loginId\\\":47,\\\"loginLocation\\\":\\\"内网IP\\\",\\\"loginTime\\\":\\\"2025-11-12 23:02:33\\\",\\\"msg\\\":\\\"登录成功\\\",\\\"os\\\":\\\"Windows 10\\\",\\\"params\\\":{},\\\"status\\\":0,\\\"userName\\\":\\\"admin\\\"},{\\\"browser\\\":\\\"Chrome\\\",\\\"ipaddr\\\":\\\"127.0.0.1\\\",\\\"loginId\\\":46,\\\"loginLocation\\\":\\\"内网IP\\\",\\\"loginTime\\\":\\\"2025-11-12 20:10:25\\\",\\\"msg\\\":\\\"登录成功\\\",\\\"os\\\":\\\"Windows 10\\\",\\\"params\\\":{},\\\"status\\\":0,\\\"userName\\\":\\\"admin\\\"},{\\\"browser\\\":\\\"Chrome 14\\\",\\\"ipaddr\\\":\\\"127.0.0.1\\\",\\\"loginId\\\":45,\\\"loginLocation\\\":\\\"内网IP\\\",\\\"loginTime\\\":\\\"2025-11-12 20:10:14\\\",\\\"msg\\\":\\\"退出成功\\\",\\\"os\\\":\\\"Windows 10\\\",\\\"params\\\":{},\\\"status\\\":0,\\\"userName\\\":\\\"teacher_zhang\\\"},{\\\"browser\\\":\\\"Chrome\\\",\\\"ipaddr\\\":\\\"127.0.0.1\\\",\\\"loginId\\\":44,\\\"loginLocation\\\":\\\"内网IP\\\",\\\"loginTime\\\":\\\"2025-11-12 20:10:05\\\",\\\"msg\\\":\\\"登录成功\\\",\\\"os\\\":\\\"Windows 10\\\",\\\"params\\\":{},\\\"status\\\":0,\\\"userName\\\":\\\"teacher_zhang\\\"},{\\\"browser\\\":\\\"Chrome 14\\\",\\\"ipaddr\\\":\\\"127.0.0.1\\\",\\\"loginId\\\":43,\\\"loginLocation\\\":\\\"内网IP\\\",\\\"loginTime\\\":\\\"2025-11-12 20:09:53\\\",\\\"msg\\\":\\\"退出成功\\\",\\\"os\\\":\\\"Windows 10\\\",\\\"params\\\":{},\\\"status\\\":0,\\\"userName\\\":\\\"admin\\\"},{\\\"browser\\\":\\\"Chrome\\\",\\\"ipaddr\\\":\\\"127.0.0.1\\\",\\\"loginId\\\":42,\\\"loginLocation\\\":\\\"内网IP\\\",\\\"loginTime\\\":\\\"2025-11-12 20:09:36\\\",\\\"msg\\\":\\\"登录成功\\\",\\\"os\\\":\\\"Windows 10\\\",\\\"params\\\":{},\\\"status\\\":0,\\\"userName\\\":\\\"admin\\\"},{\\\"browser\\\":\\\"Chrome 14\\\",\\\"ipaddr\\\":\\\"127.0.0.1\\\",\\\"loginId\\\":41,\\\"loginLocation\\\":\\\"内网IP\\\",\\\"loginTime\\\":\\\"2025-11-12 20:09:32\\\",\\\"msg\\\":\\\"退出成功\\\",\\\"os\\\":\\\"Windows 10\\\",\\\"params\\\":{},\\\"status\\\":0,\\\"userName\\\":\\\"admin\\\"},{\\\"browser\\\":\\\"Chrome\\\",\\\"ipaddr\\\":\\\"127.0.0.1\\\",\\\"loginId\\\":40,\\\"loginLocation\\\":\\\"内网IP\\\",\\\"loginTime\\\":\\\"2025-11-12 20:04:59\\\",\\\"msg\\\":\\\"登录成功\\\",\\\"os\\\":\\\"Windows 10\\\",\\\"params\\\":{},\\\"status\\\":0,\\\"userName\\\":\\\"admin\\\"},{\\\"browser\\\":\\\"Chrome\\\",\\\"ipaddr\\\":\\\"127.0.0.1\\\",\\\"loginId\\\":39,\\\"loginLocation\\\":\\\"内网IP\\\",\\\"loginT', 0, NULL, '2025-11-12 23:08:21');
INSERT INTO `class_oper_log` VALUES (166, '操作日志', 0, 'com.ruoyi.web.controller.proj_cyq.ClassOperLogController.list()', 'GET', 1, '系统用户', '系统部门', '/proj_cyq/operlog/list', '127.0.0.1', NULL, '{\"params\":{}}', '{\"code\":200,\"msg\":\"查询成功\",\"rows\":[{\"businessType\":0,\"deptName\":\"系统部门\",\"jsonResult\":\"{\\\"code\\\":200,\\\"msg\\\":\\\"查询成功\\\",\\\"rows\\\":[{\\\"businessType\\\":0,\\\"deptName\\\":\\\"系统部门\\\",\\\"jsonResult\\\":\\\"{\\\\\\\"code\\\\\\\":200,\\\\\\\"msg\\\\\\\":\\\\\\\"查询成功\\\\\\\",\\\\\\\"rows\\\\\\\":[{\\\\\\\"browser\\\\\\\":\\\\\\\"Chrome\\\\\\\",\\\\\\\"ipaddr\\\\\\\":\\\\\\\"127.0.0.1\\\\\\\",\\\\\\\"loginId\\\\\\\":47,\\\\\\\"loginLocation\\\\\\\":\\\\\\\"内网IP\\\\\\\",\\\\\\\"loginTime\\\\\\\":\\\\\\\"2025-11-12 23:02:33\\\\\\\",\\\\\\\"msg\\\\\\\":\\\\\\\"登录成功\\\\\\\",\\\\\\\"os\\\\\\\":\\\\\\\"Windows 10\\\\\\\",\\\\\\\"params\\\\\\\":{},\\\\\\\"status\\\\\\\":0,\\\\\\\"userName\\\\\\\":\\\\\\\"admin\\\\\\\"},{\\\\\\\"browser\\\\\\\":\\\\\\\"Chrome\\\\\\\",\\\\\\\"ipaddr\\\\\\\":\\\\\\\"127.0.0.1\\\\\\\",\\\\\\\"loginId\\\\\\\":46,\\\\\\\"loginLocation\\\\\\\":\\\\\\\"内网IP\\\\\\\",\\\\\\\"loginTime\\\\\\\":\\\\\\\"2025-11-12 20:10:25\\\\\\\",\\\\\\\"msg\\\\\\\":\\\\\\\"登录成功\\\\\\\",\\\\\\\"os\\\\\\\":\\\\\\\"Windows 10\\\\\\\",\\\\\\\"params\\\\\\\":{},\\\\\\\"status\\\\\\\":0,\\\\\\\"userName\\\\\\\":\\\\\\\"admin\\\\\\\"},{\\\\\\\"browser\\\\\\\":\\\\\\\"Chrome 14\\\\\\\",\\\\\\\"ipaddr\\\\\\\":\\\\\\\"127.0.0.1\\\\\\\",\\\\\\\"loginId\\\\\\\":45,\\\\\\\"loginLocation\\\\\\\":\\\\\\\"内网IP\\\\\\\",\\\\\\\"loginTime\\\\\\\":\\\\\\\"2025-11-12 20:10:14\\\\\\\",\\\\\\\"msg\\\\\\\":\\\\\\\"退出成功\\\\\\\",\\\\\\\"os\\\\\\\":\\\\\\\"Windows 10\\\\\\\",\\\\\\\"params\\\\\\\":{},\\\\\\\"status\\\\\\\":0,\\\\\\\"userName\\\\\\\":\\\\\\\"teacher_zhang\\\\\\\"},{\\\\\\\"browser\\\\\\\":\\\\\\\"Chrome\\\\\\\",\\\\\\\"ipaddr\\\\\\\":\\\\\\\"127.0.0.1\\\\\\\",\\\\\\\"loginId\\\\\\\":44,\\\\\\\"loginLocation\\\\\\\":\\\\\\\"内网IP\\\\\\\",\\\\\\\"loginTime\\\\\\\":\\\\\\\"2025-11-12 20:10:05\\\\\\\",\\\\\\\"msg\\\\\\\":\\\\\\\"登录成功\\\\\\\",\\\\\\\"os\\\\\\\":\\\\\\\"Windows 10\\\\\\\",\\\\\\\"params\\\\\\\":{},\\\\\\\"status\\\\\\\":0,\\\\\\\"userName\\\\\\\":\\\\\\\"teacher_zhang\\\\\\\"},{\\\\\\\"browser\\\\\\\":\\\\\\\"Chrome 14\\\\\\\",\\\\\\\"ipaddr\\\\\\\":\\\\\\\"127.0.0.1\\\\\\\",\\\\\\\"loginId\\\\\\\":43,\\\\\\\"loginLocation\\\\\\\":\\\\\\\"内网IP\\\\\\\",\\\\\\\"loginTime\\\\\\\":\\\\\\\"2025-11-12 20:09:53\\\\\\\",\\\\\\\"msg\\\\\\\":\\\\\\\"退出成功\\\\\\\",\\\\\\\"os\\\\\\\":\\\\\\\"Windows 10\\\\\\\",\\\\\\\"params\\\\\\\":{},\\\\\\\"status\\\\\\\":0,\\\\\\\"userName\\\\\\\":\\\\\\\"admin\\\\\\\"},{\\\\\\\"browser\\\\\\\":\\\\\\\"Chrome\\\\\\\",\\\\\\\"ipaddr\\\\\\\":\\\\\\\"127.0.0.1\\\\\\\",\\\\\\\"loginId\\\\\\\":42,\\\\\\\"loginLocation\\\\\\\":\\\\\\\"内网IP\\\\\\\",\\\\\\\"loginTime\\\\\\\":\\\\\\\"2025-11-12 20:09:36\\\\\\\",\\\\\\\"msg\\\\\\\":\\\\\\\"登录成功\\\\\\\",\\\\\\\"os\\\\\\\":\\\\\\\"Windows 10\\\\\\\",\\\\\\\"params\\\\\\\":{},\\\\\\\"status\\\\\\\":0,\\\\\\\"userName\\\\\\\":\\\\\\\"admin\\\\\\\"},{\\\\\\\"browser\\\\\\\"', 0, NULL, '2025-11-12 23:08:25');
INSERT INTO `class_oper_log` VALUES (167, '登录日志', 0, 'com.ruoyi.web.controller.proj_cyq.ClassLoginLogController.list()', 'GET', 1, '系统用户', '系统部门', '/proj_cyq/loginlog/list', '127.0.0.1', NULL, '{\"params\":{}}', '{\"code\":200,\"msg\":\"查询成功\",\"rows\":[{\"browser\":\"Chrome\",\"ipaddr\":\"127.0.0.1\",\"loginId\":47,\"loginLocation\":\"内网IP\",\"loginTime\":\"2025-11-12 23:02:33\",\"msg\":\"登录成功\",\"os\":\"Windows 10\",\"params\":{},\"status\":0,\"userName\":\"admin\"},{\"browser\":\"Chrome\",\"ipaddr\":\"127.0.0.1\",\"loginId\":46,\"loginLocation\":\"内网IP\",\"loginTime\":\"2025-11-12 20:10:25\",\"msg\":\"登录成功\",\"os\":\"Windows 10\",\"params\":{},\"status\":0,\"userName\":\"admin\"},{\"browser\":\"Chrome 14\",\"ipaddr\":\"127.0.0.1\",\"loginId\":45,\"loginLocation\":\"内网IP\",\"loginTime\":\"2025-11-12 20:10:14\",\"msg\":\"退出成功\",\"os\":\"Windows 10\",\"params\":{},\"status\":0,\"userName\":\"teacher_zhang\"},{\"browser\":\"Chrome\",\"ipaddr\":\"127.0.0.1\",\"loginId\":44,\"loginLocation\":\"内网IP\",\"loginTime\":\"2025-11-12 20:10:05\",\"msg\":\"登录成功\",\"os\":\"Windows 10\",\"params\":{},\"status\":0,\"userName\":\"teacher_zhang\"},{\"browser\":\"Chrome 14\",\"ipaddr\":\"127.0.0.1\",\"loginId\":43,\"loginLocation\":\"内网IP\",\"loginTime\":\"2025-11-12 20:09:53\",\"msg\":\"退出成功\",\"os\":\"Windows 10\",\"params\":{},\"status\":0,\"userName\":\"admin\"},{\"browser\":\"Chrome\",\"ipaddr\":\"127.0.0.1\",\"loginId\":42,\"loginLocation\":\"内网IP\",\"loginTime\":\"2025-11-12 20:09:36\",\"msg\":\"登录成功\",\"os\":\"Windows 10\",\"params\":{},\"status\":0,\"userName\":\"admin\"},{\"browser\":\"Chrome 14\",\"ipaddr\":\"127.0.0.1\",\"loginId\":41,\"loginLocation\":\"内网IP\",\"loginTime\":\"2025-11-12 20:09:32\",\"msg\":\"退出成功\",\"os\":\"Windows 10\",\"params\":{},\"status\":0,\"userName\":\"admin\"},{\"browser\":\"Chrome\",\"ipaddr\":\"127.0.0.1\",\"loginId\":40,\"loginLocation\":\"内网IP\",\"loginTime\":\"2025-11-12 20:04:59\",\"msg\":\"登录成功\",\"os\":\"Windows 10\",\"params\":{},\"status\":0,\"userName\":\"admin\"},{\"browser\":\"Chrome\",\"ipaddr\":\"127.0.0.1\",\"loginId\":39,\"loginLocation\":\"内网IP\",\"loginTime\":\"2025-11-12 20:04:57\",\"msg\":\"验证码错误\",\"os\":\"Windows 10\",\"params\":{},\"status\":1,\"userName\":\"admin\"},{\"browser\":\"Chrome 14\",\"ipaddr\":\"127.0.0.1\",\"loginId\":38,\"loginLocation\":\"内网IP\",\"loginTime\":\"2025-11-12 20:04:53\",\"msg\":\"退出成功\",\"os\":\"Windows 10\",\"params\":{},\"status\":0,\"userName\":\"未知用户\"}],\"total\":47}', 0, NULL, '2025-11-12 23:08:26');
INSERT INTO `class_oper_log` VALUES (168, '登录日志', 0, 'com.ruoyi.web.controller.proj_cyq.ClassLoginLogController.list()', 'GET', 1, '系统用户', '系统部门', '/proj_cyq/loginlog/list', '127.0.0.1', NULL, '{\"params\":{}}', '{\"code\":200,\"msg\":\"查询成功\",\"rows\":[{\"browser\":\"Chrome\",\"ipaddr\":\"127.0.0.1\",\"loginId\":47,\"loginLocation\":\"内网IP\",\"loginTime\":\"2025-11-12 23:02:33\",\"msg\":\"登录成功\",\"os\":\"Windows 10\",\"params\":{},\"status\":0,\"userName\":\"admin\"},{\"browser\":\"Chrome\",\"ipaddr\":\"127.0.0.1\",\"loginId\":46,\"loginLocation\":\"内网IP\",\"loginTime\":\"2025-11-12 20:10:25\",\"msg\":\"登录成功\",\"os\":\"Windows 10\",\"params\":{},\"status\":0,\"userName\":\"admin\"},{\"browser\":\"Chrome 14\",\"ipaddr\":\"127.0.0.1\",\"loginId\":45,\"loginLocation\":\"内网IP\",\"loginTime\":\"2025-11-12 20:10:14\",\"msg\":\"退出成功\",\"os\":\"Windows 10\",\"params\":{},\"status\":0,\"userName\":\"teacher_zhang\"},{\"browser\":\"Chrome\",\"ipaddr\":\"127.0.0.1\",\"loginId\":44,\"loginLocation\":\"内网IP\",\"loginTime\":\"2025-11-12 20:10:05\",\"msg\":\"登录成功\",\"os\":\"Windows 10\",\"params\":{},\"status\":0,\"userName\":\"teacher_zhang\"},{\"browser\":\"Chrome 14\",\"ipaddr\":\"127.0.0.1\",\"loginId\":43,\"loginLocation\":\"内网IP\",\"loginTime\":\"2025-11-12 20:09:53\",\"msg\":\"退出成功\",\"os\":\"Windows 10\",\"params\":{},\"status\":0,\"userName\":\"admin\"},{\"browser\":\"Chrome\",\"ipaddr\":\"127.0.0.1\",\"loginId\":42,\"loginLocation\":\"内网IP\",\"loginTime\":\"2025-11-12 20:09:36\",\"msg\":\"登录成功\",\"os\":\"Windows 10\",\"params\":{},\"status\":0,\"userName\":\"admin\"},{\"browser\":\"Chrome 14\",\"ipaddr\":\"127.0.0.1\",\"loginId\":41,\"loginLocation\":\"内网IP\",\"loginTime\":\"2025-11-12 20:09:32\",\"msg\":\"退出成功\",\"os\":\"Windows 10\",\"params\":{},\"status\":0,\"userName\":\"admin\"},{\"browser\":\"Chrome\",\"ipaddr\":\"127.0.0.1\",\"loginId\":40,\"loginLocation\":\"内网IP\",\"loginTime\":\"2025-11-12 20:04:59\",\"msg\":\"登录成功\",\"os\":\"Windows 10\",\"params\":{},\"status\":0,\"userName\":\"admin\"},{\"browser\":\"Chrome\",\"ipaddr\":\"127.0.0.1\",\"loginId\":39,\"loginLocation\":\"内网IP\",\"loginTime\":\"2025-11-12 20:04:57\",\"msg\":\"验证码错误\",\"os\":\"Windows 10\",\"params\":{},\"status\":1,\"userName\":\"admin\"},{\"browser\":\"Chrome 14\",\"ipaddr\":\"127.0.0.1\",\"loginId\":38,\"loginLocation\":\"内网IP\",\"loginTime\":\"2025-11-12 20:04:53\",\"msg\":\"退出成功\",\"os\":\"Windows 10\",\"params\":{},\"status\":0,\"userName\":\"未知用户\"}],\"total\":47}', 0, NULL, '2025-11-12 23:08:28');
INSERT INTO `class_oper_log` VALUES (169, '操作日志', 0, 'com.ruoyi.web.controller.proj_cyq.ClassOperLogController.list()', 'GET', 1, '系统用户', '系统部门', '/proj_cyq/operlog/list', '127.0.0.1', NULL, '{\"params\":{}}', '{\"code\":200,\"msg\":\"查询成功\",\"rows\":[{\"businessType\":0,\"deptName\":\"系统部门\",\"jsonResult\":\"{\\\"code\\\":200,\\\"msg\\\":\\\"查询成功\\\",\\\"rows\\\":[{\\\"browser\\\":\\\"Chrome\\\",\\\"ipaddr\\\":\\\"127.0.0.1\\\",\\\"loginId\\\":47,\\\"loginLocation\\\":\\\"内网IP\\\",\\\"loginTime\\\":\\\"2025-11-12 23:02:33\\\",\\\"msg\\\":\\\"登录成功\\\",\\\"os\\\":\\\"Windows 10\\\",\\\"params\\\":{},\\\"status\\\":0,\\\"userName\\\":\\\"admin\\\"},{\\\"browser\\\":\\\"Chrome\\\",\\\"ipaddr\\\":\\\"127.0.0.1\\\",\\\"loginId\\\":46,\\\"loginLocation\\\":\\\"内网IP\\\",\\\"loginTime\\\":\\\"2025-11-12 20:10:25\\\",\\\"msg\\\":\\\"登录成功\\\",\\\"os\\\":\\\"Windows 10\\\",\\\"params\\\":{},\\\"status\\\":0,\\\"userName\\\":\\\"admin\\\"},{\\\"browser\\\":\\\"Chrome 14\\\",\\\"ipaddr\\\":\\\"127.0.0.1\\\",\\\"loginId\\\":45,\\\"loginLocation\\\":\\\"内网IP\\\",\\\"loginTime\\\":\\\"2025-11-12 20:10:14\\\",\\\"msg\\\":\\\"退出成功\\\",\\\"os\\\":\\\"Windows 10\\\",\\\"params\\\":{},\\\"status\\\":0,\\\"userName\\\":\\\"teacher_zhang\\\"},{\\\"browser\\\":\\\"Chrome\\\",\\\"ipaddr\\\":\\\"127.0.0.1\\\",\\\"loginId\\\":44,\\\"loginLocation\\\":\\\"内网IP\\\",\\\"loginTime\\\":\\\"2025-11-12 20:10:05\\\",\\\"msg\\\":\\\"登录成功\\\",\\\"os\\\":\\\"Windows 10\\\",\\\"params\\\":{},\\\"status\\\":0,\\\"userName\\\":\\\"teacher_zhang\\\"},{\\\"browser\\\":\\\"Chrome 14\\\",\\\"ipaddr\\\":\\\"127.0.0.1\\\",\\\"loginId\\\":43,\\\"loginLocation\\\":\\\"内网IP\\\",\\\"loginTime\\\":\\\"2025-11-12 20:09:53\\\",\\\"msg\\\":\\\"退出成功\\\",\\\"os\\\":\\\"Windows 10\\\",\\\"params\\\":{},\\\"status\\\":0,\\\"userName\\\":\\\"admin\\\"},{\\\"browser\\\":\\\"Chrome\\\",\\\"ipaddr\\\":\\\"127.0.0.1\\\",\\\"loginId\\\":42,\\\"loginLocation\\\":\\\"内网IP\\\",\\\"loginTime\\\":\\\"2025-11-12 20:09:36\\\",\\\"msg\\\":\\\"登录成功\\\",\\\"os\\\":\\\"Windows 10\\\",\\\"params\\\":{},\\\"status\\\":0,\\\"userName\\\":\\\"admin\\\"},{\\\"browser\\\":\\\"Chrome 14\\\",\\\"ipaddr\\\":\\\"127.0.0.1\\\",\\\"loginId\\\":41,\\\"loginLocation\\\":\\\"内网IP\\\",\\\"loginTime\\\":\\\"2025-11-12 20:09:32\\\",\\\"msg\\\":\\\"退出成功\\\",\\\"os\\\":\\\"Windows 10\\\",\\\"params\\\":{},\\\"status\\\":0,\\\"userName\\\":\\\"admin\\\"},{\\\"browser\\\":\\\"Chrome\\\",\\\"ipaddr\\\":\\\"127.0.0.1\\\",\\\"loginId\\\":40,\\\"loginLocation\\\":\\\"内网IP\\\",\\\"loginTime\\\":\\\"2025-11-12 20:04:59\\\",\\\"msg\\\":\\\"登录成功\\\",\\\"os\\\":\\\"Windows 10\\\",\\\"params\\\":{},\\\"status\\\":0,\\\"userName\\\":\\\"admin\\\"},{\\\"browser\\\":\\\"Chrome\\\",\\\"ipaddr\\\":\\\"127.0.0.1\\\",\\\"loginId\\\":39,\\\"loginLocation\\\":\\\"内网IP\\\",\\\"loginT', 0, NULL, '2025-11-17 21:14:51');
INSERT INTO `class_oper_log` VALUES (170, '操作日志', 0, 'com.ruoyi.web.controller.proj_cyq.ClassOperLogController.list()', 'GET', 1, '系统用户', '系统部门', '/proj_cyq/operlog/list', '127.0.0.1', NULL, '{\"params\":{}}', '{\"code\":200,\"msg\":\"查询成功\",\"rows\":[{\"businessType\":0,\"deptName\":\"系统部门\",\"jsonResult\":\"{\\\"code\\\":200,\\\"msg\\\":\\\"查询成功\\\",\\\"rows\\\":[{\\\"businessType\\\":0,\\\"deptName\\\":\\\"系统部门\\\",\\\"jsonResult\\\":\\\"{\\\\\\\"code\\\\\\\":200,\\\\\\\"msg\\\\\\\":\\\\\\\"查询成功\\\\\\\",\\\\\\\"rows\\\\\\\":[{\\\\\\\"browser\\\\\\\":\\\\\\\"Chrome\\\\\\\",\\\\\\\"ipaddr\\\\\\\":\\\\\\\"127.0.0.1\\\\\\\",\\\\\\\"loginId\\\\\\\":47,\\\\\\\"loginLocation\\\\\\\":\\\\\\\"内网IP\\\\\\\",\\\\\\\"loginTime\\\\\\\":\\\\\\\"2025-11-12 23:02:33\\\\\\\",\\\\\\\"msg\\\\\\\":\\\\\\\"登录成功\\\\\\\",\\\\\\\"os\\\\\\\":\\\\\\\"Windows 10\\\\\\\",\\\\\\\"params\\\\\\\":{},\\\\\\\"status\\\\\\\":0,\\\\\\\"userName\\\\\\\":\\\\\\\"admin\\\\\\\"},{\\\\\\\"browser\\\\\\\":\\\\\\\"Chrome\\\\\\\",\\\\\\\"ipaddr\\\\\\\":\\\\\\\"127.0.0.1\\\\\\\",\\\\\\\"loginId\\\\\\\":46,\\\\\\\"loginLocation\\\\\\\":\\\\\\\"内网IP\\\\\\\",\\\\\\\"loginTime\\\\\\\":\\\\\\\"2025-11-12 20:10:25\\\\\\\",\\\\\\\"msg\\\\\\\":\\\\\\\"登录成功\\\\\\\",\\\\\\\"os\\\\\\\":\\\\\\\"Windows 10\\\\\\\",\\\\\\\"params\\\\\\\":{},\\\\\\\"status\\\\\\\":0,\\\\\\\"userName\\\\\\\":\\\\\\\"admin\\\\\\\"},{\\\\\\\"browser\\\\\\\":\\\\\\\"Chrome 14\\\\\\\",\\\\\\\"ipaddr\\\\\\\":\\\\\\\"127.0.0.1\\\\\\\",\\\\\\\"loginId\\\\\\\":45,\\\\\\\"loginLocation\\\\\\\":\\\\\\\"内网IP\\\\\\\",\\\\\\\"loginTime\\\\\\\":\\\\\\\"2025-11-12 20:10:14\\\\\\\",\\\\\\\"msg\\\\\\\":\\\\\\\"退出成功\\\\\\\",\\\\\\\"os\\\\\\\":\\\\\\\"Windows 10\\\\\\\",\\\\\\\"params\\\\\\\":{},\\\\\\\"status\\\\\\\":0,\\\\\\\"userName\\\\\\\":\\\\\\\"teacher_zhang\\\\\\\"},{\\\\\\\"browser\\\\\\\":\\\\\\\"Chrome\\\\\\\",\\\\\\\"ipaddr\\\\\\\":\\\\\\\"127.0.0.1\\\\\\\",\\\\\\\"loginId\\\\\\\":44,\\\\\\\"loginLocation\\\\\\\":\\\\\\\"内网IP\\\\\\\",\\\\\\\"loginTime\\\\\\\":\\\\\\\"2025-11-12 20:10:05\\\\\\\",\\\\\\\"msg\\\\\\\":\\\\\\\"登录成功\\\\\\\",\\\\\\\"os\\\\\\\":\\\\\\\"Windows 10\\\\\\\",\\\\\\\"params\\\\\\\":{},\\\\\\\"status\\\\\\\":0,\\\\\\\"userName\\\\\\\":\\\\\\\"teacher_zhang\\\\\\\"},{\\\\\\\"browser\\\\\\\":\\\\\\\"Chrome 14\\\\\\\",\\\\\\\"ipaddr\\\\\\\":\\\\\\\"127.0.0.1\\\\\\\",\\\\\\\"loginId\\\\\\\":43,\\\\\\\"loginLocation\\\\\\\":\\\\\\\"内网IP\\\\\\\",\\\\\\\"loginTime\\\\\\\":\\\\\\\"2025-11-12 20:09:53\\\\\\\",\\\\\\\"msg\\\\\\\":\\\\\\\"退出成功\\\\\\\",\\\\\\\"os\\\\\\\":\\\\\\\"Windows 10\\\\\\\",\\\\\\\"params\\\\\\\":{},\\\\\\\"status\\\\\\\":0,\\\\\\\"userName\\\\\\\":\\\\\\\"admin\\\\\\\"},{\\\\\\\"browser\\\\\\\":\\\\\\\"Chrome\\\\\\\",\\\\\\\"ipaddr\\\\\\\":\\\\\\\"127.0.0.1\\\\\\\",\\\\\\\"loginId\\\\\\\":42,\\\\\\\"loginLocation\\\\\\\":\\\\\\\"内网IP\\\\\\\",\\\\\\\"loginTime\\\\\\\":\\\\\\\"2025-11-12 20:09:36\\\\\\\",\\\\\\\"msg\\\\\\\":\\\\\\\"登录成功\\\\\\\",\\\\\\\"os\\\\\\\":\\\\\\\"Windows 10\\\\\\\",\\\\\\\"params\\\\\\\":{},\\\\\\\"status\\\\\\\":0,\\\\\\\"userName\\\\\\\":\\\\\\\"admin\\\\\\\"},{\\\\\\\"browser\\\\\\\"', 0, NULL, '2025-11-17 21:31:06');
INSERT INTO `class_oper_log` VALUES (171, '操作日志', 0, 'com.ruoyi.web.controller.proj_cyq.ClassOperLogController.list()', 'GET', 1, '系统用户', '系统部门', '/proj_cyq/operlog/list', '127.0.0.1', NULL, '{\"params\":{}}', '{\"code\":200,\"msg\":\"查询成功\",\"rows\":[{\"businessType\":0,\"deptName\":\"系统部门\",\"jsonResult\":\"{\\\"code\\\":200,\\\"msg\\\":\\\"查询成功\\\",\\\"rows\\\":[{\\\"businessType\\\":0,\\\"deptName\\\":\\\"系统部门\\\",\\\"jsonResult\\\":\\\"{\\\\\\\"code\\\\\\\":200,\\\\\\\"msg\\\\\\\":\\\\\\\"查询成功\\\\\\\",\\\\\\\"rows\\\\\\\":[{\\\\\\\"businessType\\\\\\\":0,\\\\\\\"deptName\\\\\\\":\\\\\\\"系统部门\\\\\\\",\\\\\\\"jsonResult\\\\\\\":\\\\\\\"{\\\\\\\\\\\\\\\"code\\\\\\\\\\\\\\\":200,\\\\\\\\\\\\\\\"msg\\\\\\\\\\\\\\\":\\\\\\\\\\\\\\\"查询成功\\\\\\\\\\\\\\\",\\\\\\\\\\\\\\\"rows\\\\\\\\\\\\\\\":[{\\\\\\\\\\\\\\\"browser\\\\\\\\\\\\\\\":\\\\\\\\\\\\\\\"Chrome\\\\\\\\\\\\\\\",\\\\\\\\\\\\\\\"ipaddr\\\\\\\\\\\\\\\":\\\\\\\\\\\\\\\"127.0.0.1\\\\\\\\\\\\\\\",\\\\\\\\\\\\\\\"loginId\\\\\\\\\\\\\\\":47,\\\\\\\\\\\\\\\"loginLocation\\\\\\\\\\\\\\\":\\\\\\\\\\\\\\\"内网IP\\\\\\\\\\\\\\\",\\\\\\\\\\\\\\\"loginTime\\\\\\\\\\\\\\\":\\\\\\\\\\\\\\\"2025-11-12 23:02:33\\\\\\\\\\\\\\\",\\\\\\\\\\\\\\\"msg\\\\\\\\\\\\\\\":\\\\\\\\\\\\\\\"登录成功\\\\\\\\\\\\\\\",\\\\\\\\\\\\\\\"os\\\\\\\\\\\\\\\":\\\\\\\\\\\\\\\"Windows 10\\\\\\\\\\\\\\\",\\\\\\\\\\\\\\\"params\\\\\\\\\\\\\\\":{},\\\\\\\\\\\\\\\"status\\\\\\\\\\\\\\\":0,\\\\\\\\\\\\\\\"userName\\\\\\\\\\\\\\\":\\\\\\\\\\\\\\\"admin\\\\\\\\\\\\\\\"},{\\\\\\\\\\\\\\\"browser\\\\\\\\\\\\\\\":\\\\\\\\\\\\\\\"Chrome\\\\\\\\\\\\\\\",\\\\\\\\\\\\\\\"ipaddr\\\\\\\\\\\\\\\":\\\\\\\\\\\\\\\"127.0.0.1\\\\\\\\\\\\\\\",\\\\\\\\\\\\\\\"loginId\\\\\\\\\\\\\\\":46,\\\\\\\\\\\\\\\"loginLocation\\\\\\\\\\\\\\\":\\\\\\\\\\\\\\\"内网IP\\\\\\\\\\\\\\\",\\\\\\\\\\\\\\\"loginTime\\\\\\\\\\\\\\\":\\\\\\\\\\\\\\\"2025-11-12 20:10:25\\\\\\\\\\\\\\\",\\\\\\\\\\\\\\\"msg\\\\\\\\\\\\\\\":\\\\\\\\\\\\\\\"登录成功\\\\\\\\\\\\\\\",\\\\\\\\\\\\\\\"os\\\\\\\\\\\\\\\":\\\\\\\\\\\\\\\"Windows 10\\\\\\\\\\\\\\\",\\\\\\\\\\\\\\\"params\\\\\\\\\\\\\\\":{},\\\\\\\\\\\\\\\"status\\\\\\\\\\\\\\\":0,\\\\\\\\\\\\\\\"userName\\\\\\\\\\\\\\\":\\\\\\\\\\\\\\\"admin\\\\\\\\\\\\\\\"},{\\\\\\\\\\\\\\\"browser\\\\\\\\\\\\\\\":\\\\\\\\\\\\\\\"Chrome 14\\\\\\\\\\\\\\\",\\\\\\\\\\\\\\\"ipaddr\\\\\\\\\\\\\\\":\\\\\\\\\\\\\\\"127.0.0.1\\\\\\\\\\\\\\\",\\\\\\\\\\\\\\\"loginId\\\\\\\\\\\\\\\":45,\\\\\\\\\\\\\\\"loginLocation\\\\\\\\\\\\\\\":\\\\\\\\\\\\\\\"内网IP\\\\\\\\\\\\\\\",\\\\\\\\\\\\\\\"loginTime\\\\\\\\\\\\\\\":\\\\\\\\\\\\\\\"2025-11-12 20:10:14\\\\\\\\\\\\\\\",\\\\\\\\\\\\\\\"msg\\\\\\\\\\\\\\\":\\\\\\\\\\\\\\\"退出成功\\\\\\\\\\\\\\\",\\\\\\\\\\\\\\\"os\\\\\\\\\\\\\\\":\\\\\\\\\\\\\\\"Windows 10\\\\\\\\\\\\\\\",\\\\\\\\\\\\\\\"params\\\\\\\\\\\\\\\":{},\\\\\\\\\\\\\\\"status\\\\\\\\\\\\\\\":0,\\\\\\\\\\\\\\\"userName\\\\\\\\\\\\\\\":\\\\\\\\\\\\\\\"teacher_zhang\\\\\\\\\\\\\\\"},{\\\\\\\\\\\\\\\"browser\\\\\\\\\\\\\\\":\\\\\\\\\\\\\\\"Chrome\\\\\\\\\\\\\\\",\\\\\\\\\\\\\\\"ipaddr\\\\\\\\\\\\\\\":\\\\\\\\\\\\\\\"127.0.0.1\\\\\\\\\\\\\\\",\\\\\\\\\\\\\\\"loginId\\\\\\\\\\\\\\\":44,\\\\\\\\\\\\\\\"loginLocation\\\\\\\\\\\\\\\":\\\\\\\\\\\\\\\"内网IP\\\\\\\\\\\\\\\",\\\\\\\\\\\\\\\"loginTime\\\\\\\\\\\\\\\":\\\\\\\\\\\\\\\"2025-11-12 20:10:05\\\\\\\\\\\\\\\",\\\\\\\\\\\\\\\"msg\\\\\\\\\\\\\\\":\\\\\\\\\\\\\\\"登录成功\\\\\\\\\\\\\\\",\\\\\\\\\\\\\\\"os\\\\\\\\\\\\\\\":\\\\\\\\\\\\\\\"Windows 1', 0, NULL, '2025-11-17 21:35:18');
INSERT INTO `class_oper_log` VALUES (172, '操作日志', 0, 'com.ruoyi.web.controller.proj_cyq.ClassOperLogController.list()', 'GET', 1, '系统用户', '系统部门', '/proj_cyq/operlog/list', '127.0.0.1', NULL, '{\"params\":{}}', '{\"code\":200,\"msg\":\"查询成功\",\"rows\":[{\"businessType\":0,\"deptName\":\"系统部门\",\"jsonResult\":\"{\\\"code\\\":200,\\\"msg\\\":\\\"查询成功\\\",\\\"rows\\\":[{\\\"businessType\\\":0,\\\"deptName\\\":\\\"系统部门\\\",\\\"jsonResult\\\":\\\"{\\\\\\\"code\\\\\\\":200,\\\\\\\"msg\\\\\\\":\\\\\\\"查询成功\\\\\\\",\\\\\\\"rows\\\\\\\":[{\\\\\\\"businessType\\\\\\\":0,\\\\\\\"deptName\\\\\\\":\\\\\\\"系统部门\\\\\\\",\\\\\\\"jsonResult\\\\\\\":\\\\\\\"{\\\\\\\\\\\\\\\"code\\\\\\\\\\\\\\\":200,\\\\\\\\\\\\\\\"msg\\\\\\\\\\\\\\\":\\\\\\\\\\\\\\\"查询成功\\\\\\\\\\\\\\\",\\\\\\\\\\\\\\\"rows\\\\\\\\\\\\\\\":[{\\\\\\\\\\\\\\\"businessType\\\\\\\\\\\\\\\":0,\\\\\\\\\\\\\\\"deptName\\\\\\\\\\\\\\\":\\\\\\\\\\\\\\\"系统部门\\\\\\\\\\\\\\\",\\\\\\\\\\\\\\\"jsonResult\\\\\\\\\\\\\\\":\\\\\\\\\\\\\\\"{\\\\\\\\\\\\\\\\\\\\\\\\\\\\\\\"code\\\\\\\\\\\\\\\\\\\\\\\\\\\\\\\":200,\\\\\\\\\\\\\\\\\\\\\\\\\\\\\\\"msg\\\\\\\\\\\\\\\\\\\\\\\\\\\\\\\":\\\\\\\\\\\\\\\\\\\\\\\\\\\\\\\"查询成功\\\\\\\\\\\\\\\\\\\\\\\\\\\\\\\",\\\\\\\\\\\\\\\\\\\\\\\\\\\\\\\"rows\\\\\\\\\\\\\\\\\\\\\\\\\\\\\\\":[{\\\\\\\\\\\\\\\\\\\\\\\\\\\\\\\"browser\\\\\\\\\\\\\\\\\\\\\\\\\\\\\\\":\\\\\\\\\\\\\\\\\\\\\\\\\\\\\\\"Chrome\\\\\\\\\\\\\\\\\\\\\\\\\\\\\\\",\\\\\\\\\\\\\\\\\\\\\\\\\\\\\\\"ipaddr\\\\\\\\\\\\\\\\\\\\\\\\\\\\\\\":\\\\\\\\\\\\\\\\\\\\\\\\\\\\\\\"127.0.0.1\\\\\\\\\\\\\\\\\\\\\\\\\\\\\\\",\\\\\\\\\\\\\\\\\\\\\\\\\\\\\\\"loginId\\\\\\\\\\\\\\\\\\\\\\\\\\\\\\\":47,\\\\\\\\\\\\\\\\\\\\\\\\\\\\\\\"loginLocation\\\\\\\\\\\\\\\\\\\\\\\\\\\\\\\":\\\\\\\\\\\\\\\\\\\\\\\\\\\\\\\"内网IP\\\\\\\\\\\\\\\\\\\\\\\\\\\\\\\",\\\\\\\\\\\\\\\\\\\\\\\\\\\\\\\"loginTime\\\\\\\\\\\\\\\\\\\\\\\\\\\\\\\":\\\\\\\\\\\\\\\\\\\\\\\\\\\\\\\"2025-11-12 23:02:33\\\\\\\\\\\\\\\\\\\\\\\\\\\\\\\",\\\\\\\\\\\\\\\\\\\\\\\\\\\\\\\"msg\\\\\\\\\\\\\\\\\\\\\\\\\\\\\\\":\\\\\\\\\\\\\\\\\\\\\\\\\\\\\\\"登录成功\\\\\\\\\\\\\\\\\\\\\\\\\\\\\\\",\\\\\\\\\\\\\\\\\\\\\\\\\\\\\\\"os\\\\\\\\\\\\\\\\\\\\\\\\\\\\\\\":\\\\\\\\\\\\\\\\\\\\\\\\\\\\\\\"Windows 10\\\\\\\\\\\\\\\\\\\\\\\\\\\\\\\",\\\\\\\\\\\\\\\\\\\\\\\\\\\\\\\"params\\\\\\\\\\\\\\\\\\\\\\\\\\\\\\\":{},\\\\\\\\\\\\\\\\\\\\\\\\\\\\\\\"status\\\\\\\\\\\\\\\\\\\\\\\\\\\\\\\":0,\\\\\\\\\\\\\\\\\\\\\\\\\\\\\\\"userName\\\\\\\\\\\\\\\\\\\\\\\\\\\\\\\":\\\\\\\\\\\\\\\\\\\\\\\\\\\\\\\"admin\\\\\\\\\\\\\\\\\\\\\\\\\\\\\\\"},{\\\\\\\\\\\\\\\\\\\\\\\\\\\\\\\"browser\\\\\\\\\\\\\\\\\\\\\\\\\\\\\\\":\\\\\\\\\\\\\\\\\\\\\\\\\\\\\\\"Chrome\\\\\\\\\\\\\\\\\\\\\\\\\\\\\\\",\\\\\\\\\\\\\\\\\\\\\\\\\\\\\\\"ipaddr\\\\\\\\\\\\\\\\\\\\\\\\\\\\\\\":\\\\\\\\\\\\\\\\\\\\\\\\\\\\\\\"127.0.0.1\\\\\\\\\\\\\\\\\\\\\\\\\\\\\\\",\\\\\\\\\\\\\\\\\\\\\\\\\\\\\\\"loginId\\\\\\\\\\\\\\\\\\\\\\\\\\\\\\\":46,\\\\\\\\\\\\\\\\\\\\\\\\\\\\\\\"loginLocation\\\\\\\\\\\\\\\\\\\\\\\\\\\\\\\":\\\\\\\\\\\\\\\\\\\\\\\\\\\\\\\"内网IP\\\\\\\\\\\\\\\\\\\\\\\\\\\\\\\",\\\\\\\\\\\\\\\\\\\\\\\\\\\\\\\"loginTime\\\\\\\\\\\\\\\\\\\\\\\\\\\\\\\":\\\\\\\\\\\\\\\\\\\\\\\\\\\\\\\"2025-11-12 20:10:25\\\\\\\\\\\\\\\\\\\\\\\\\\\\\\\",\\\\\\\\\\\\\\\\\\\\\\\\\\\\\\\"msg\\\\\\\\\\\\\\\\\\\\\\\\\\\\\\\":\\\\\\\\\\\\\\\\\\\\\\\\\\\\\\\"登录成功\\\\\\\\\\\\\\\\\\\\\\\\\\\\\\\",\\\\\\\\\\\\\\\\\\\\\\\\\\\\\\\"os\\\\\\\\\\\\\\\\\\\\\\\\\\\\\\\":\\\\\\\\\\\\\\\\\\\\\\\\\\\\\\\"Windows 10\\\\\\\\\\\\\\\\\\\\\\\\\\\\\\\",\\\\\\\\\\\\\\\\\\\\\\\\\\\\\\\"params\\\\\\\\\\\\\\\\\\\\\\\\\\\\\\\":{},\\\\\\\\\\\\\\\\\\\\\\\\\\\\\\\"status\\\\\\\\\\\\\\\\\\\\\\\\\\\\\\\":0,\\\\\\\\\\\\\\\\\\\\\\\\\\\\\\\"us', 0, NULL, '2025-11-17 21:36:05');
INSERT INTO `class_oper_log` VALUES (173, '操作日志', 0, 'com.ruoyi.web.controller.proj_cyq.ClassOperLogController.list()', 'GET', 1, '系统用户', '系统部门', '/proj_cyq/operlog/list', '127.0.0.1', NULL, '{\"params\":{}}', '{\"code\":200,\"msg\":\"查询成功\",\"rows\":[{\"businessType\":0,\"deptName\":\"系统部门\",\"jsonResult\":\"{\\\"code\\\":200,\\\"msg\\\":\\\"查询成功\\\",\\\"rows\\\":[{\\\"businessType\\\":0,\\\"deptName\\\":\\\"系统部门\\\",\\\"jsonResult\\\":\\\"{\\\\\\\"code\\\\\\\":200,\\\\\\\"msg\\\\\\\":\\\\\\\"查询成功\\\\\\\",\\\\\\\"rows\\\\\\\":[{\\\\\\\"businessType\\\\\\\":0,\\\\\\\"deptName\\\\\\\":\\\\\\\"系统部门\\\\\\\",\\\\\\\"jsonResult\\\\\\\":\\\\\\\"{\\\\\\\\\\\\\\\"code\\\\\\\\\\\\\\\":200,\\\\\\\\\\\\\\\"msg\\\\\\\\\\\\\\\":\\\\\\\\\\\\\\\"查询成功\\\\\\\\\\\\\\\",\\\\\\\\\\\\\\\"rows\\\\\\\\\\\\\\\":[{\\\\\\\\\\\\\\\"businessType\\\\\\\\\\\\\\\":0,\\\\\\\\\\\\\\\"deptName\\\\\\\\\\\\\\\":\\\\\\\\\\\\\\\"系统部门\\\\\\\\\\\\\\\",\\\\\\\\\\\\\\\"jsonResult\\\\\\\\\\\\\\\":\\\\\\\\\\\\\\\"{\\\\\\\\\\\\\\\\\\\\\\\\\\\\\\\"code\\\\\\\\\\\\\\\\\\\\\\\\\\\\\\\":200,\\\\\\\\\\\\\\\\\\\\\\\\\\\\\\\"msg\\\\\\\\\\\\\\\\\\\\\\\\\\\\\\\":\\\\\\\\\\\\\\\\\\\\\\\\\\\\\\\"查询成功\\\\\\\\\\\\\\\\\\\\\\\\\\\\\\\",\\\\\\\\\\\\\\\\\\\\\\\\\\\\\\\"rows\\\\\\\\\\\\\\\\\\\\\\\\\\\\\\\":[{\\\\\\\\\\\\\\\\\\\\\\\\\\\\\\\"businessType\\\\\\\\\\\\\\\\\\\\\\\\\\\\\\\":0,\\\\\\\\\\\\\\\\\\\\\\\\\\\\\\\"deptName\\\\\\\\\\\\\\\\\\\\\\\\\\\\\\\":\\\\\\\\\\\\\\\\\\\\\\\\\\\\\\\"系统部门\\\\\\\\\\\\\\\\\\\\\\\\\\\\\\\",\\\\\\\\\\\\\\\\\\\\\\\\\\\\\\\"jsonResult\\\\\\\\\\\\\\\\\\\\\\\\\\\\\\\":\\\\\\\\\\\\\\\\\\\\\\\\\\\\\\\"{\\\\\\\\\\\\\\\\\\\\\\\\\\\\\\\\\\\\\\\\\\\\\\\\\\\\\\\\\\\\\\\"code\\\\\\\\\\\\\\\\\\\\\\\\\\\\\\\\\\\\\\\\\\\\\\\\\\\\\\\\\\\\\\\":200,\\\\\\\\\\\\\\\\\\\\\\\\\\\\\\\\\\\\\\\\\\\\\\\\\\\\\\\\\\\\\\\"msg\\\\\\\\\\\\\\\\\\\\\\\\\\\\\\\\\\\\\\\\\\\\\\\\\\\\\\\\\\\\\\\":\\\\\\\\\\\\\\\\\\\\\\\\\\\\\\\\\\\\\\\\\\\\\\\\\\\\\\\\\\\\\\\"查询成功\\\\\\\\\\\\\\\\\\\\\\\\\\\\\\\\\\\\\\\\\\\\\\\\\\\\\\\\\\\\\\\",\\\\\\\\\\\\\\\\\\\\\\\\\\\\\\\\\\\\\\\\\\\\\\\\\\\\\\\\\\\\\\\"rows\\\\\\\\\\\\\\\\\\\\\\\\\\\\\\\\\\\\\\\\\\\\\\\\\\\\\\\\\\\\\\\":[{\\\\\\\\\\\\\\\\\\\\\\\\\\\\\\\\\\\\\\\\\\\\\\\\\\\\\\\\\\\\\\\"browser\\\\\\\\\\\\\\\\\\\\\\\\\\\\\\\\\\\\\\\\\\\\\\\\\\\\\\\\\\\\\\\":\\\\\\\\\\\\\\\\\\\\\\\\\\\\\\\\\\\\\\\\\\\\\\\\\\\\\\\\\\\\\\\"Chrome\\\\\\\\\\\\\\\\\\\\\\\\\\\\\\\\\\\\\\\\\\\\\\\\\\\\\\\\\\\\\\\",\\\\\\\\\\\\\\\\\\\\\\\\\\\\\\\\\\\\\\\\\\\\\\\\\\\\\\\\\\\\\\\"ipaddr\\\\\\\\\\\\\\\\\\\\\\\\\\\\\\\\\\\\\\\\\\\\\\\\\\\\\\\\\\\\\\\":\\\\\\\\\\\\\\\\\\\\\\\\\\\\\\\\\\\\\\\\\\\\\\\\\\\\\\\\\\\\\\\"127.0.0.1\\\\\\\\\\\\\\\\\\\\\\\\\\\\\\\\\\\\\\\\\\\\\\\\\\\\\\\\\\\\\\\",\\\\\\\\\\\\\\\\\\\\\\\\\\\\\\\\\\\\\\\\\\\\\\\\\\\\\\\\\\\\\\\"loginId\\\\\\\\\\\\\\\\\\\\\\\\\\\\\\\\\\\\\\\\\\\\\\\\\\\\\\\\\\\\\\\":47,\\\\\\\\\\\\\\\\\\\\\\\\\\\\\\\\\\\\\\\\\\\\\\\\\\\\\\\\\\\\\\\"loginLocation\\\\\\\\\\\\\\\\\\\\\\\\\\\\\\\\\\\\\\\\\\\\\\\\\\\\\\\\\\\\\\\":\\\\\\\\\\\\\\\\\\\\\\\\\\\\\\\\\\\\\\\\\\\\\\\\\\\\\\\\\\\\\\\"内网IP\\\\\\\\\\\\\\\\\\\\\\\\\\\\\\\\\\\\\\\\\\\\\\\\\\\\\\\\\\\\\\\",\\\\\\\\\\\\\\\\\\\\\\\\\\\\\\\\\\\\\\\\\\\\\\\\\\\\\\\\\\\\\\\"loginTime\\\\\\\\\\\\\\\\\\\\\\\\\\\\\\\\\\\\\\\\\\\\\\\\\\\\\\\\\\\\\\\":\\\\\\\\\\\\\\\\\\\\\\\\\\\\\\\\\\\\\\\\\\\\\\\\\\\\\\\\\\\\\\\"2025-11-12 23:02:33\\\\\\\\\\\\\\\\\\\\\\\\\\\\\\\\\\\\\\\\\\\\\\\\\\\\\\\\\\\\\\\",\\\\\\\\\\\\\\\\\\\\\\\\\\\\\\\\\\\\\\\\\\\\\\\\\\\\\\\\\\\\\\\"msg\\\\\\\\\\\\\\\\\\\\\\\\\\\\\\\\\\\\\\\\\\\\\\\\\\\\\\\\\\\\\\\":\\\\\\\\\\\\\\\\\\\\\\\\\\\\\\\\\\\\\\\\\\\\\\\\\\\\\\\\\\\\\\\"登录成功\\\\\\\\\\\\\\\\\\\\\\\\\\\\\\\\\\\\\\\\\\\\\\\\\\\\\\\\\\\\\\\",\\\\\\\\\\\\\\\\\\\\\\\\\\\\\\\\\\\\\\\\\\\\\\\\\\\\\\\\\\\\\\\"os\\\\\\\\\\\\\\\\\\\\\\\\\\\\\\\\\\\\\\\\\\\\', 0, NULL, '2025-11-17 21:36:13');
INSERT INTO `class_oper_log` VALUES (174, '操作日志', 0, 'com.ruoyi.web.controller.proj_cyq.ClassOperLogController.list()', 'GET', 1, '系统用户', '系统部门', '/proj_cyq/operlog/list', '127.0.0.1', NULL, '{\"params\":{}}', '{\"code\":200,\"msg\":\"查询成功\",\"rows\":[{\"businessType\":0,\"deptName\":\"系统部门\",\"jsonResult\":\"{\\\"code\\\":200,\\\"msg\\\":\\\"查询成功\\\",\\\"rows\\\":[{\\\"businessType\\\":0,\\\"deptName\\\":\\\"系统部门\\\",\\\"jsonResult\\\":\\\"{\\\\\\\"code\\\\\\\":200,\\\\\\\"msg\\\\\\\":\\\\\\\"查询成功\\\\\\\",\\\\\\\"rows\\\\\\\":[{\\\\\\\"businessType\\\\\\\":0,\\\\\\\"deptName\\\\\\\":\\\\\\\"系统部门\\\\\\\",\\\\\\\"jsonResult\\\\\\\":\\\\\\\"{\\\\\\\\\\\\\\\"code\\\\\\\\\\\\\\\":200,\\\\\\\\\\\\\\\"msg\\\\\\\\\\\\\\\":\\\\\\\\\\\\\\\"查询成功\\\\\\\\\\\\\\\",\\\\\\\\\\\\\\\"rows\\\\\\\\\\\\\\\":[{\\\\\\\\\\\\\\\"businessType\\\\\\\\\\\\\\\":0,\\\\\\\\\\\\\\\"deptName\\\\\\\\\\\\\\\":\\\\\\\\\\\\\\\"系统部门\\\\\\\\\\\\\\\",\\\\\\\\\\\\\\\"jsonResult\\\\\\\\\\\\\\\":\\\\\\\\\\\\\\\"{\\\\\\\\\\\\\\\\\\\\\\\\\\\\\\\"code\\\\\\\\\\\\\\\\\\\\\\\\\\\\\\\":200,\\\\\\\\\\\\\\\\\\\\\\\\\\\\\\\"msg\\\\\\\\\\\\\\\\\\\\\\\\\\\\\\\":\\\\\\\\\\\\\\\\\\\\\\\\\\\\\\\"查询成功\\\\\\\\\\\\\\\\\\\\\\\\\\\\\\\",\\\\\\\\\\\\\\\\\\\\\\\\\\\\\\\"rows\\\\\\\\\\\\\\\\\\\\\\\\\\\\\\\":[{\\\\\\\\\\\\\\\\\\\\\\\\\\\\\\\"businessType\\\\\\\\\\\\\\\\\\\\\\\\\\\\\\\":0,\\\\\\\\\\\\\\\\\\\\\\\\\\\\\\\"deptName\\\\\\\\\\\\\\\\\\\\\\\\\\\\\\\":\\\\\\\\\\\\\\\\\\\\\\\\\\\\\\\"系统部门\\\\\\\\\\\\\\\\\\\\\\\\\\\\\\\",\\\\\\\\\\\\\\\\\\\\\\\\\\\\\\\"jsonResult\\\\\\\\\\\\\\\\\\\\\\\\\\\\\\\":\\\\\\\\\\\\\\\\\\\\\\\\\\\\\\\"{\\\\\\\\\\\\\\\\\\\\\\\\\\\\\\\\\\\\\\\\\\\\\\\\\\\\\\\\\\\\\\\"code\\\\\\\\\\\\\\\\\\\\\\\\\\\\\\\\\\\\\\\\\\\\\\\\\\\\\\\\\\\\\\\":200,\\\\\\\\\\\\\\\\\\\\\\\\\\\\\\\\\\\\\\\\\\\\\\\\\\\\\\\\\\\\\\\"msg\\\\\\\\\\\\\\\\\\\\\\\\\\\\\\\\\\\\\\\\\\\\\\\\\\\\\\\\\\\\\\\":\\\\\\\\\\\\\\\\\\\\\\\\\\\\\\\\\\\\\\\\\\\\\\\\\\\\\\\\\\\\\\\"查询成功\\\\\\\\\\\\\\\\\\\\\\\\\\\\\\\\\\\\\\\\\\\\\\\\\\\\\\\\\\\\\\\",\\\\\\\\\\\\\\\\\\\\\\\\\\\\\\\\\\\\\\\\\\\\\\\\\\\\\\\\\\\\\\\"rows\\\\\\\\\\\\\\\\\\\\\\\\\\\\\\\\\\\\\\\\\\\\\\\\\\\\\\\\\\\\\\\":[{\\\\\\\\\\\\\\\\\\\\\\\\\\\\\\\\\\\\\\\\\\\\\\\\\\\\\\\\\\\\\\\"businessType\\\\\\\\\\\\\\\\\\\\\\\\\\\\\\\\\\\\\\\\\\\\\\\\\\\\\\\\\\\\\\\":0,\\\\\\\\\\\\\\\\\\\\\\\\\\\\\\\\\\\\\\\\\\\\\\\\\\\\\\\\\\\\\\\"deptName\\\\\\\\\\\\\\\\\\\\\\\\\\\\\\\\\\\\\\\\\\\\\\\\\\\\\\\\\\\\\\\":\\\\\\\\\\\\\\\\\\\\\\\\\\\\\\\\\\\\\\\\\\\\\\\\\\\\\\\\\\\\\\\"系统部门\\\\\\\\\\\\\\\\\\\\\\\\\\\\\\\\\\\\\\\\\\\\\\\\\\\\\\\\\\\\\\\",\\\\\\\\\\\\\\\\\\\\\\\\\\\\\\\\\\\\\\\\\\\\\\\\\\\\\\\\\\\\\\\"jsonResult\\\\\\\\\\\\\\\\\\\\\\\\\\\\\\\\\\\\\\\\\\\\\\\\\\\\\\\\\\\\\\\":\\\\\\\\\\\\\\\\\\\\\\\\\\\\\\\\\\\\\\\\\\\\\\\\\\\\\\\\\\\\\\\"{\\\\\\\\\\\\\\\\\\\\\\\\\\\\\\\\\\\\\\\\\\\\\\\\\\\\\\\\\\\\\\\\\\\\\\\\\\\\\\\\\\\\\\\\\\\\\\\\\\\\\\\\\\\\\\\\\\\\\\\\\\\\\\\"code\\\\\\\\\\\\\\\\\\\\\\\\\\\\\\\\\\\\\\\\\\\\\\\\\\\\\\\\\\\\\\\\\\\\\\\\\\\\\\\\\\\\\\\\\\\\\\\\\\\\\\\\\\\\\\\\\\\\\\\\\\\\\\\":200,\\\\\\\\\\\\\\\\\\\\\\\\\\\\\\\\\\\\\\\\\\\\\\\\\\\\\\\\\\\\\\\\\\\\\\\\\\\\\\\\\\\\\\\\\\\\\\\\\\\\\\\\\\\\\\\\\\\\\\\\\\\\\\\"msg\\\\\\\\\\\\\\\\\\\\\\\\\\\\\\\\\\\\\\\\\\\\\\\\\\\\\\\\\\\\\\\\\\\\\\\\\\\\\\\\\\\\\\\\\\\\\\\\\\\\\\\\\\\\\\\\\\\\\\\\\\\\\\\":\\\\\\\\\\\\\\\\\\\\\\\\\\\\\\\\\\\\\\\\\\\\\\\\\\\\\\\\\\\\\\\\\\\\\\\\\\\\\\\\\\\\\\\\\\\\\\\\\\\\\\\\\\\\\\\\\\\\\\\\\\\\\\\"查询成功\\\\\\\\\\\\\\\\\\\\\\\\\\\\\\\\\\\\\\\\\\\\\\\\\\\\\\\\\\\\\\\\\\\\\\\\\\\\\\\\\\\\\\\\\\\\\\\\\\\\\\\\\\\\\\\\\\\\\\\\\\\\\\\",\\\\\\\\\\\\\\\\\\\\\\\\\\\\\\\\\\\\\\\\\\\\\\\\\\\\\\\\\\\\\\\\\\\\\\\\\\\\\\\\\\\\\\\\\\\\\\\\\\\\\\\\\\\\\\\\\\\\\\\\\\\\\\\"rows\\\\\\\\\\\\\\\\\\\\\\\\\\\\\\\\\\\\\\\\\\\\\\\\\\\\\\\\\\\\\\\\\\\\\\\\\\\\\\\\\\\\\\\\\\\\\\\\\\\\\\\\\\\\\\\\\\\\\\\\\\\\', 0, NULL, '2025-11-17 21:48:56');
INSERT INTO `class_oper_log` VALUES (175, '操作日志', 0, 'com.ruoyi.web.controller.proj_cyq.ClassOperLogController.list()', 'GET', 1, '系统用户', '系统部门', '/proj_cyq/operlog/list', '127.0.0.1', NULL, '{\"params\":{}}', '{\"code\":200,\"msg\":\"查询成功\",\"rows\":[{\"businessType\":0,\"deptName\":\"系统部门\",\"jsonResult\":\"{\\\"code\\\":200,\\\"msg\\\":\\\"查询成功\\\",\\\"rows\\\":[{\\\"businessType\\\":0,\\\"deptName\\\":\\\"系统部门\\\",\\\"jsonResult\\\":\\\"{\\\\\\\"code\\\\\\\":200,\\\\\\\"msg\\\\\\\":\\\\\\\"查询成功\\\\\\\",\\\\\\\"rows\\\\\\\":[{\\\\\\\"businessType\\\\\\\":0,\\\\\\\"deptName\\\\\\\":\\\\\\\"系统部门\\\\\\\",\\\\\\\"jsonResult\\\\\\\":\\\\\\\"{\\\\\\\\\\\\\\\"code\\\\\\\\\\\\\\\":200,\\\\\\\\\\\\\\\"msg\\\\\\\\\\\\\\\":\\\\\\\\\\\\\\\"查询成功\\\\\\\\\\\\\\\",\\\\\\\\\\\\\\\"rows\\\\\\\\\\\\\\\":[{\\\\\\\\\\\\\\\"businessType\\\\\\\\\\\\\\\":0,\\\\\\\\\\\\\\\"deptName\\\\\\\\\\\\\\\":\\\\\\\\\\\\\\\"系统部门\\\\\\\\\\\\\\\",\\\\\\\\\\\\\\\"jsonResult\\\\\\\\\\\\\\\":\\\\\\\\\\\\\\\"{\\\\\\\\\\\\\\\\\\\\\\\\\\\\\\\"code\\\\\\\\\\\\\\\\\\\\\\\\\\\\\\\":200,\\\\\\\\\\\\\\\\\\\\\\\\\\\\\\\"msg\\\\\\\\\\\\\\\\\\\\\\\\\\\\\\\":\\\\\\\\\\\\\\\\\\\\\\\\\\\\\\\"查询成功\\\\\\\\\\\\\\\\\\\\\\\\\\\\\\\",\\\\\\\\\\\\\\\\\\\\\\\\\\\\\\\"rows\\\\\\\\\\\\\\\\\\\\\\\\\\\\\\\":[{\\\\\\\\\\\\\\\\\\\\\\\\\\\\\\\"businessType\\\\\\\\\\\\\\\\\\\\\\\\\\\\\\\":0,\\\\\\\\\\\\\\\\\\\\\\\\\\\\\\\"deptName\\\\\\\\\\\\\\\\\\\\\\\\\\\\\\\":\\\\\\\\\\\\\\\\\\\\\\\\\\\\\\\"系统部门\\\\\\\\\\\\\\\\\\\\\\\\\\\\\\\",\\\\\\\\\\\\\\\\\\\\\\\\\\\\\\\"jsonResult\\\\\\\\\\\\\\\\\\\\\\\\\\\\\\\":\\\\\\\\\\\\\\\\\\\\\\\\\\\\\\\"{\\\\\\\\\\\\\\\\\\\\\\\\\\\\\\\\\\\\\\\\\\\\\\\\\\\\\\\\\\\\\\\"code\\\\\\\\\\\\\\\\\\\\\\\\\\\\\\\\\\\\\\\\\\\\\\\\\\\\\\\\\\\\\\\":200,\\\\\\\\\\\\\\\\\\\\\\\\\\\\\\\\\\\\\\\\\\\\\\\\\\\\\\\\\\\\\\\"msg\\\\\\\\\\\\\\\\\\\\\\\\\\\\\\\\\\\\\\\\\\\\\\\\\\\\\\\\\\\\\\\":\\\\\\\\\\\\\\\\\\\\\\\\\\\\\\\\\\\\\\\\\\\\\\\\\\\\\\\\\\\\\\\"查询成功\\\\\\\\\\\\\\\\\\\\\\\\\\\\\\\\\\\\\\\\\\\\\\\\\\\\\\\\\\\\\\\",\\\\\\\\\\\\\\\\\\\\\\\\\\\\\\\\\\\\\\\\\\\\\\\\\\\\\\\\\\\\\\\"rows\\\\\\\\\\\\\\\\\\\\\\\\\\\\\\\\\\\\\\\\\\\\\\\\\\\\\\\\\\\\\\\":[{\\\\\\\\\\\\\\\\\\\\\\\\\\\\\\\\\\\\\\\\\\\\\\\\\\\\\\\\\\\\\\\"businessType\\\\\\\\\\\\\\\\\\\\\\\\\\\\\\\\\\\\\\\\\\\\\\\\\\\\\\\\\\\\\\\":0,\\\\\\\\\\\\\\\\\\\\\\\\\\\\\\\\\\\\\\\\\\\\\\\\\\\\\\\\\\\\\\\"deptName\\\\\\\\\\\\\\\\\\\\\\\\\\\\\\\\\\\\\\\\\\\\\\\\\\\\\\\\\\\\\\\":\\\\\\\\\\\\\\\\\\\\\\\\\\\\\\\\\\\\\\\\\\\\\\\\\\\\\\\\\\\\\\\"系统部门\\\\\\\\\\\\\\\\\\\\\\\\\\\\\\\\\\\\\\\\\\\\\\\\\\\\\\\\\\\\\\\",\\\\\\\\\\\\\\\\\\\\\\\\\\\\\\\\\\\\\\\\\\\\\\\\\\\\\\\\\\\\\\\"jsonResult\\\\\\\\\\\\\\\\\\\\\\\\\\\\\\\\\\\\\\\\\\\\\\\\\\\\\\\\\\\\\\\":\\\\\\\\\\\\\\\\\\\\\\\\\\\\\\\\\\\\\\\\\\\\\\\\\\\\\\\\\\\\\\\"{\\\\\\\\\\\\\\\\\\\\\\\\\\\\\\\\\\\\\\\\\\\\\\\\\\\\\\\\\\\\\\\\\\\\\\\\\\\\\\\\\\\\\\\\\\\\\\\\\\\\\\\\\\\\\\\\\\\\\\\\\\\\\\\"code\\\\\\\\\\\\\\\\\\\\\\\\\\\\\\\\\\\\\\\\\\\\\\\\\\\\\\\\\\\\\\\\\\\\\\\\\\\\\\\\\\\\\\\\\\\\\\\\\\\\\\\\\\\\\\\\\\\\\\\\\\\\\\\":200,\\\\\\\\\\\\\\\\\\\\\\\\\\\\\\\\\\\\\\\\\\\\\\\\\\\\\\\\\\\\\\\\\\\\\\\\\\\\\\\\\\\\\\\\\\\\\\\\\\\\\\\\\\\\\\\\\\\\\\\\\\\\\\\"msg\\\\\\\\\\\\\\\\\\\\\\\\\\\\\\\\\\\\\\\\\\\\\\\\\\\\\\\\\\\\\\\\\\\\\\\\\\\\\\\\\\\\\\\\\\\\\\\\\\\\\\\\\\\\\\\\\\\\\\\\\\\\\\\":\\\\\\\\\\\\\\\\\\\\\\\\\\\\\\\\\\\\\\\\\\\\\\\\\\\\\\\\\\\\\\\\\\\\\\\\\\\\\\\\\\\\\\\\\\\\\\\\\\\\\\\\\\\\\\\\\\\\\\\\\\\\\\\"查询成功\\\\\\\\\\\\\\\\\\\\\\\\\\\\\\\\\\\\\\\\\\\\\\\\\\\\\\\\\\\\\\\\\\\\\\\\\\\\\\\\\\\\\\\\\\\\\\\\\\\\\\\\\\\\\\\\\\\\\\\\\\\\\\\",\\\\\\\\\\\\\\\\\\\\\\\\\\\\\\\\\\\\\\\\\\\\\\\\\\\\\\\\\\\\\\\\\\\\\\\\\\\\\\\\\\\\\\\\\\\\\\\\\\\\\\\\\\\\\\\\\\\\\\\\\\\\\\\"rows\\\\\\\\\\\\\\\\\\\\\\\\\\\\\\\\\\\\\\\\\\\\\\\\\\\\\\\\\\\\\\\\\\\\\\\\\\\\\\\\\\\\\\\\\\\\\\\\\\\\\\\\\\\\\\\\\\\\\\\\\\\\', 0, NULL, '2025-11-17 22:46:29');
INSERT INTO `class_oper_log` VALUES (176, '操作日志', 0, 'com.ruoyi.web.controller.proj_cyq.ClassOperLogController.list()', 'GET', 1, '系统用户', '系统部门', '/proj_cyq/operlog/list', '127.0.0.1', NULL, '{\"params\":{}}', '{\"code\":200,\"msg\":\"查询成功\",\"rows\":[{\"businessType\":0,\"deptName\":\"系统部门\",\"jsonResult\":\"{\\\"code\\\":200,\\\"msg\\\":\\\"查询成功\\\",\\\"rows\\\":[{\\\"businessType\\\":0,\\\"deptName\\\":\\\"系统部门\\\",\\\"jsonResult\\\":\\\"{\\\\\\\"code\\\\\\\":200,\\\\\\\"msg\\\\\\\":\\\\\\\"查询成功\\\\\\\",\\\\\\\"rows\\\\\\\":[{\\\\\\\"businessType\\\\\\\":0,\\\\\\\"deptName\\\\\\\":\\\\\\\"系统部门\\\\\\\",\\\\\\\"jsonResult\\\\\\\":\\\\\\\"{\\\\\\\\\\\\\\\"code\\\\\\\\\\\\\\\":200,\\\\\\\\\\\\\\\"msg\\\\\\\\\\\\\\\":\\\\\\\\\\\\\\\"查询成功\\\\\\\\\\\\\\\",\\\\\\\\\\\\\\\"rows\\\\\\\\\\\\\\\":[{\\\\\\\\\\\\\\\"businessType\\\\\\\\\\\\\\\":0,\\\\\\\\\\\\\\\"deptName\\\\\\\\\\\\\\\":\\\\\\\\\\\\\\\"系统部门\\\\\\\\\\\\\\\",\\\\\\\\\\\\\\\"jsonResult\\\\\\\\\\\\\\\":\\\\\\\\\\\\\\\"{\\\\\\\\\\\\\\\\\\\\\\\\\\\\\\\"code\\\\\\\\\\\\\\\\\\\\\\\\\\\\\\\":200,\\\\\\\\\\\\\\\\\\\\\\\\\\\\\\\"msg\\\\\\\\\\\\\\\\\\\\\\\\\\\\\\\":\\\\\\\\\\\\\\\\\\\\\\\\\\\\\\\"查询成功\\\\\\\\\\\\\\\\\\\\\\\\\\\\\\\",\\\\\\\\\\\\\\\\\\\\\\\\\\\\\\\"rows\\\\\\\\\\\\\\\\\\\\\\\\\\\\\\\":[{\\\\\\\\\\\\\\\\\\\\\\\\\\\\\\\"businessType\\\\\\\\\\\\\\\\\\\\\\\\\\\\\\\":0,\\\\\\\\\\\\\\\\\\\\\\\\\\\\\\\"deptName\\\\\\\\\\\\\\\\\\\\\\\\\\\\\\\":\\\\\\\\\\\\\\\\\\\\\\\\\\\\\\\"系统部门\\\\\\\\\\\\\\\\\\\\\\\\\\\\\\\",\\\\\\\\\\\\\\\\\\\\\\\\\\\\\\\"jsonResult\\\\\\\\\\\\\\\\\\\\\\\\\\\\\\\":\\\\\\\\\\\\\\\\\\\\\\\\\\\\\\\"{\\\\\\\\\\\\\\\\\\\\\\\\\\\\\\\\\\\\\\\\\\\\\\\\\\\\\\\\\\\\\\\"code\\\\\\\\\\\\\\\\\\\\\\\\\\\\\\\\\\\\\\\\\\\\\\\\\\\\\\\\\\\\\\\":200,\\\\\\\\\\\\\\\\\\\\\\\\\\\\\\\\\\\\\\\\\\\\\\\\\\\\\\\\\\\\\\\"msg\\\\\\\\\\\\\\\\\\\\\\\\\\\\\\\\\\\\\\\\\\\\\\\\\\\\\\\\\\\\\\\":\\\\\\\\\\\\\\\\\\\\\\\\\\\\\\\\\\\\\\\\\\\\\\\\\\\\\\\\\\\\\\\"查询成功\\\\\\\\\\\\\\\\\\\\\\\\\\\\\\\\\\\\\\\\\\\\\\\\\\\\\\\\\\\\\\\",\\\\\\\\\\\\\\\\\\\\\\\\\\\\\\\\\\\\\\\\\\\\\\\\\\\\\\\\\\\\\\\"rows\\\\\\\\\\\\\\\\\\\\\\\\\\\\\\\\\\\\\\\\\\\\\\\\\\\\\\\\\\\\\\\":[{\\\\\\\\\\\\\\\\\\\\\\\\\\\\\\\\\\\\\\\\\\\\\\\\\\\\\\\\\\\\\\\"businessType\\\\\\\\\\\\\\\\\\\\\\\\\\\\\\\\\\\\\\\\\\\\\\\\\\\\\\\\\\\\\\\":0,\\\\\\\\\\\\\\\\\\\\\\\\\\\\\\\\\\\\\\\\\\\\\\\\\\\\\\\\\\\\\\\"deptName\\\\\\\\\\\\\\\\\\\\\\\\\\\\\\\\\\\\\\\\\\\\\\\\\\\\\\\\\\\\\\\":\\\\\\\\\\\\\\\\\\\\\\\\\\\\\\\\\\\\\\\\\\\\\\\\\\\\\\\\\\\\\\\"系统部门\\\\\\\\\\\\\\\\\\\\\\\\\\\\\\\\\\\\\\\\\\\\\\\\\\\\\\\\\\\\\\\",\\\\\\\\\\\\\\\\\\\\\\\\\\\\\\\\\\\\\\\\\\\\\\\\\\\\\\\\\\\\\\\"jsonResult\\\\\\\\\\\\\\\\\\\\\\\\\\\\\\\\\\\\\\\\\\\\\\\\\\\\\\\\\\\\\\\":\\\\\\\\\\\\\\\\\\\\\\\\\\\\\\\\\\\\\\\\\\\\\\\\\\\\\\\\\\\\\\\"{\\\\\\\\\\\\\\\\\\\\\\\\\\\\\\\\\\\\\\\\\\\\\\\\\\\\\\\\\\\\\\\\\\\\\\\\\\\\\\\\\\\\\\\\\\\\\\\\\\\\\\\\\\\\\\\\\\\\\\\\\\\\\\\"code\\\\\\\\\\\\\\\\\\\\\\\\\\\\\\\\\\\\\\\\\\\\\\\\\\\\\\\\\\\\\\\\\\\\\\\\\\\\\\\\\\\\\\\\\\\\\\\\\\\\\\\\\\\\\\\\\\\\\\\\\\\\\\\":200,\\\\\\\\\\\\\\\\\\\\\\\\\\\\\\\\\\\\\\\\\\\\\\\\\\\\\\\\\\\\\\\\\\\\\\\\\\\\\\\\\\\\\\\\\\\\\\\\\\\\\\\\\\\\\\\\\\\\\\\\\\\\\\\"msg\\\\\\\\\\\\\\\\\\\\\\\\\\\\\\\\\\\\\\\\\\\\\\\\\\\\\\\\\\\\\\\\\\\\\\\\\\\\\\\\\\\\\\\\\\\\\\\\\\\\\\\\\\\\\\\\\\\\\\\\\\\\\\\":\\\\\\\\\\\\\\\\\\\\\\\\\\\\\\\\\\\\\\\\\\\\\\\\\\\\\\\\\\\\\\\\\\\\\\\\\\\\\\\\\\\\\\\\\\\\\\\\\\\\\\\\\\\\\\\\\\\\\\\\\\\\\\\"查询成功\\\\\\\\\\\\\\\\\\\\\\\\\\\\\\\\\\\\\\\\\\\\\\\\\\\\\\\\\\\\\\\\\\\\\\\\\\\\\\\\\\\\\\\\\\\\\\\\\\\\\\\\\\\\\\\\\\\\\\\\\\\\\\\",\\\\\\\\\\\\\\\\\\\\\\\\\\\\\\\\\\\\\\\\\\\\\\\\\\\\\\\\\\\\\\\\\\\\\\\\\\\\\\\\\\\\\\\\\\\\\\\\\\\\\\\\\\\\\\\\\\\\\\\\\\\\\\\"rows\\\\\\\\\\\\\\\\\\\\\\\\\\\\\\\\\\\\\\\\\\\\\\\\\\\\\\\\\\\\\\\\\\\\\\\\\\\\\\\\\\\\\\\\\\\\\\\\\\\\\\\\\\\\\\\\\\\\\\\\\\\\', 0, NULL, '2025-11-17 23:16:36');
INSERT INTO `class_oper_log` VALUES (177, '操作日志', 0, 'com.ruoyi.web.controller.proj_cyq.ClassOperLogController.list()', 'GET', 1, '系统用户', '系统部门', '/proj_cyq/operlog/list', '127.0.0.1', NULL, '{\"params\":{}}', '{\"code\":200,\"msg\":\"查询成功\",\"rows\":[{\"businessType\":0,\"deptName\":\"系统部门\",\"jsonResult\":\"{\\\"code\\\":200,\\\"msg\\\":\\\"查询成功\\\",\\\"rows\\\":[{\\\"businessType\\\":0,\\\"deptName\\\":\\\"系统部门\\\",\\\"jsonResult\\\":\\\"{\\\\\\\"code\\\\\\\":200,\\\\\\\"msg\\\\\\\":\\\\\\\"查询成功\\\\\\\",\\\\\\\"rows\\\\\\\":[{\\\\\\\"businessType\\\\\\\":0,\\\\\\\"deptName\\\\\\\":\\\\\\\"系统部门\\\\\\\",\\\\\\\"jsonResult\\\\\\\":\\\\\\\"{\\\\\\\\\\\\\\\"code\\\\\\\\\\\\\\\":200,\\\\\\\\\\\\\\\"msg\\\\\\\\\\\\\\\":\\\\\\\\\\\\\\\"查询成功\\\\\\\\\\\\\\\",\\\\\\\\\\\\\\\"rows\\\\\\\\\\\\\\\":[{\\\\\\\\\\\\\\\"businessType\\\\\\\\\\\\\\\":0,\\\\\\\\\\\\\\\"deptName\\\\\\\\\\\\\\\":\\\\\\\\\\\\\\\"系统部门\\\\\\\\\\\\\\\",\\\\\\\\\\\\\\\"jsonResult\\\\\\\\\\\\\\\":\\\\\\\\\\\\\\\"{\\\\\\\\\\\\\\\\\\\\\\\\\\\\\\\"code\\\\\\\\\\\\\\\\\\\\\\\\\\\\\\\":200,\\\\\\\\\\\\\\\\\\\\\\\\\\\\\\\"msg\\\\\\\\\\\\\\\\\\\\\\\\\\\\\\\":\\\\\\\\\\\\\\\\\\\\\\\\\\\\\\\"查询成功\\\\\\\\\\\\\\\\\\\\\\\\\\\\\\\",\\\\\\\\\\\\\\\\\\\\\\\\\\\\\\\"rows\\\\\\\\\\\\\\\\\\\\\\\\\\\\\\\":[{\\\\\\\\\\\\\\\\\\\\\\\\\\\\\\\"businessType\\\\\\\\\\\\\\\\\\\\\\\\\\\\\\\":0,\\\\\\\\\\\\\\\\\\\\\\\\\\\\\\\"deptName\\\\\\\\\\\\\\\\\\\\\\\\\\\\\\\":\\\\\\\\\\\\\\\\\\\\\\\\\\\\\\\"系统部门\\\\\\\\\\\\\\\\\\\\\\\\\\\\\\\",\\\\\\\\\\\\\\\\\\\\\\\\\\\\\\\"jsonResult\\\\\\\\\\\\\\\\\\\\\\\\\\\\\\\":\\\\\\\\\\\\\\\\\\\\\\\\\\\\\\\"{\\\\\\\\\\\\\\\\\\\\\\\\\\\\\\\\\\\\\\\\\\\\\\\\\\\\\\\\\\\\\\\"code\\\\\\\\\\\\\\\\\\\\\\\\\\\\\\\\\\\\\\\\\\\\\\\\\\\\\\\\\\\\\\\":200,\\\\\\\\\\\\\\\\\\\\\\\\\\\\\\\\\\\\\\\\\\\\\\\\\\\\\\\\\\\\\\\"msg\\\\\\\\\\\\\\\\\\\\\\\\\\\\\\\\\\\\\\\\\\\\\\\\\\\\\\\\\\\\\\\":\\\\\\\\\\\\\\\\\\\\\\\\\\\\\\\\\\\\\\\\\\\\\\\\\\\\\\\\\\\\\\\"查询成功\\\\\\\\\\\\\\\\\\\\\\\\\\\\\\\\\\\\\\\\\\\\\\\\\\\\\\\\\\\\\\\",\\\\\\\\\\\\\\\\\\\\\\\\\\\\\\\\\\\\\\\\\\\\\\\\\\\\\\\\\\\\\\\"rows\\\\\\\\\\\\\\\\\\\\\\\\\\\\\\\\\\\\\\\\\\\\\\\\\\\\\\\\\\\\\\\":[{\\\\\\\\\\\\\\\\\\\\\\\\\\\\\\\\\\\\\\\\\\\\\\\\\\\\\\\\\\\\\\\"businessType\\\\\\\\\\\\\\\\\\\\\\\\\\\\\\\\\\\\\\\\\\\\\\\\\\\\\\\\\\\\\\\":0,\\\\\\\\\\\\\\\\\\\\\\\\\\\\\\\\\\\\\\\\\\\\\\\\\\\\\\\\\\\\\\\"deptName\\\\\\\\\\\\\\\\\\\\\\\\\\\\\\\\\\\\\\\\\\\\\\\\\\\\\\\\\\\\\\\":\\\\\\\\\\\\\\\\\\\\\\\\\\\\\\\\\\\\\\\\\\\\\\\\\\\\\\\\\\\\\\\"系统部门\\\\\\\\\\\\\\\\\\\\\\\\\\\\\\\\\\\\\\\\\\\\\\\\\\\\\\\\\\\\\\\",\\\\\\\\\\\\\\\\\\\\\\\\\\\\\\\\\\\\\\\\\\\\\\\\\\\\\\\\\\\\\\\"jsonResult\\\\\\\\\\\\\\\\\\\\\\\\\\\\\\\\\\\\\\\\\\\\\\\\\\\\\\\\\\\\\\\":\\\\\\\\\\\\\\\\\\\\\\\\\\\\\\\\\\\\\\\\\\\\\\\\\\\\\\\\\\\\\\\"{\\\\\\\\\\\\\\\\\\\\\\\\\\\\\\\\\\\\\\\\\\\\\\\\\\\\\\\\\\\\\\\\\\\\\\\\\\\\\\\\\\\\\\\\\\\\\\\\\\\\\\\\\\\\\\\\\\\\\\\\\\\\\\\"code\\\\\\\\\\\\\\\\\\\\\\\\\\\\\\\\\\\\\\\\\\\\\\\\\\\\\\\\\\\\\\\\\\\\\\\\\\\\\\\\\\\\\\\\\\\\\\\\\\\\\\\\\\\\\\\\\\\\\\\\\\\\\\\":200,\\\\\\\\\\\\\\\\\\\\\\\\\\\\\\\\\\\\\\\\\\\\\\\\\\\\\\\\\\\\\\\\\\\\\\\\\\\\\\\\\\\\\\\\\\\\\\\\\\\\\\\\\\\\\\\\\\\\\\\\\\\\\\\"msg\\\\\\\\\\\\\\\\\\\\\\\\\\\\\\\\\\\\\\\\\\\\\\\\\\\\\\\\\\\\\\\\\\\\\\\\\\\\\\\\\\\\\\\\\\\\\\\\\\\\\\\\\\\\\\\\\\\\\\\\\\\\\\\":\\\\\\\\\\\\\\\\\\\\\\\\\\\\\\\\\\\\\\\\\\\\\\\\\\\\\\\\\\\\\\\\\\\\\\\\\\\\\\\\\\\\\\\\\\\\\\\\\\\\\\\\\\\\\\\\\\\\\\\\\\\\\\\"查询成功\\\\\\\\\\\\\\\\\\\\\\\\\\\\\\\\\\\\\\\\\\\\\\\\\\\\\\\\\\\\\\\\\\\\\\\\\\\\\\\\\\\\\\\\\\\\\\\\\\\\\\\\\\\\\\\\\\\\\\\\\\\\\\\",\\\\\\\\\\\\\\\\\\\\\\\\\\\\\\\\\\\\\\\\\\\\\\\\\\\\\\\\\\\\\\\\\\\\\\\\\\\\\\\\\\\\\\\\\\\\\\\\\\\\\\\\\\\\\\\\\\\\\\\\\\\\\\\"rows\\\\\\\\\\\\\\\\\\\\\\\\\\\\\\\\\\\\\\\\\\\\\\\\\\\\\\\\\\\\\\\\\\\\\\\\\\\\\\\\\\\\\\\\\\\\\\\\\\\\\\\\\\\\\\\\\\\\\\\\\\\\', 0, NULL, '2025-11-17 23:22:13');
INSERT INTO `class_oper_log` VALUES (178, '操作日志', 0, 'com.ruoyi.web.controller.proj_cyq.ClassOperLogController.list()', 'GET', 1, '系统用户', '系统部门', '/proj_cyq/operlog/list', '127.0.0.1', NULL, '{\"params\":{}}', '{\"code\":200,\"msg\":\"查询成功\",\"rows\":[{\"businessType\":0,\"deptName\":\"系统部门\",\"jsonResult\":\"{\\\"code\\\":200,\\\"msg\\\":\\\"查询成功\\\",\\\"rows\\\":[{\\\"businessType\\\":0,\\\"deptName\\\":\\\"系统部门\\\",\\\"jsonResult\\\":\\\"{\\\\\\\"code\\\\\\\":200,\\\\\\\"msg\\\\\\\":\\\\\\\"查询成功\\\\\\\",\\\\\\\"rows\\\\\\\":[{\\\\\\\"businessType\\\\\\\":0,\\\\\\\"deptName\\\\\\\":\\\\\\\"系统部门\\\\\\\",\\\\\\\"jsonResult\\\\\\\":\\\\\\\"{\\\\\\\\\\\\\\\"code\\\\\\\\\\\\\\\":200,\\\\\\\\\\\\\\\"msg\\\\\\\\\\\\\\\":\\\\\\\\\\\\\\\"查询成功\\\\\\\\\\\\\\\",\\\\\\\\\\\\\\\"rows\\\\\\\\\\\\\\\":[{\\\\\\\\\\\\\\\"businessType\\\\\\\\\\\\\\\":0,\\\\\\\\\\\\\\\"deptName\\\\\\\\\\\\\\\":\\\\\\\\\\\\\\\"系统部门\\\\\\\\\\\\\\\",\\\\\\\\\\\\\\\"jsonResult\\\\\\\\\\\\\\\":\\\\\\\\\\\\\\\"{\\\\\\\\\\\\\\\\\\\\\\\\\\\\\\\"code\\\\\\\\\\\\\\\\\\\\\\\\\\\\\\\":200,\\\\\\\\\\\\\\\\\\\\\\\\\\\\\\\"msg\\\\\\\\\\\\\\\\\\\\\\\\\\\\\\\":\\\\\\\\\\\\\\\\\\\\\\\\\\\\\\\"查询成功\\\\\\\\\\\\\\\\\\\\\\\\\\\\\\\",\\\\\\\\\\\\\\\\\\\\\\\\\\\\\\\"rows\\\\\\\\\\\\\\\\\\\\\\\\\\\\\\\":[{\\\\\\\\\\\\\\\\\\\\\\\\\\\\\\\"businessType\\\\\\\\\\\\\\\\\\\\\\\\\\\\\\\":0,\\\\\\\\\\\\\\\\\\\\\\\\\\\\\\\"deptName\\\\\\\\\\\\\\\\\\\\\\\\\\\\\\\":\\\\\\\\\\\\\\\\\\\\\\\\\\\\\\\"系统部门\\\\\\\\\\\\\\\\\\\\\\\\\\\\\\\",\\\\\\\\\\\\\\\\\\\\\\\\\\\\\\\"jsonResult\\\\\\\\\\\\\\\\\\\\\\\\\\\\\\\":\\\\\\\\\\\\\\\\\\\\\\\\\\\\\\\"{\\\\\\\\\\\\\\\\\\\\\\\\\\\\\\\\\\\\\\\\\\\\\\\\\\\\\\\\\\\\\\\"code\\\\\\\\\\\\\\\\\\\\\\\\\\\\\\\\\\\\\\\\\\\\\\\\\\\\\\\\\\\\\\\":200,\\\\\\\\\\\\\\\\\\\\\\\\\\\\\\\\\\\\\\\\\\\\\\\\\\\\\\\\\\\\\\\"msg\\\\\\\\\\\\\\\\\\\\\\\\\\\\\\\\\\\\\\\\\\\\\\\\\\\\\\\\\\\\\\\":\\\\\\\\\\\\\\\\\\\\\\\\\\\\\\\\\\\\\\\\\\\\\\\\\\\\\\\\\\\\\\\"查询成功\\\\\\\\\\\\\\\\\\\\\\\\\\\\\\\\\\\\\\\\\\\\\\\\\\\\\\\\\\\\\\\",\\\\\\\\\\\\\\\\\\\\\\\\\\\\\\\\\\\\\\\\\\\\\\\\\\\\\\\\\\\\\\\"rows\\\\\\\\\\\\\\\\\\\\\\\\\\\\\\\\\\\\\\\\\\\\\\\\\\\\\\\\\\\\\\\":[{\\\\\\\\\\\\\\\\\\\\\\\\\\\\\\\\\\\\\\\\\\\\\\\\\\\\\\\\\\\\\\\"businessType\\\\\\\\\\\\\\\\\\\\\\\\\\\\\\\\\\\\\\\\\\\\\\\\\\\\\\\\\\\\\\\":0,\\\\\\\\\\\\\\\\\\\\\\\\\\\\\\\\\\\\\\\\\\\\\\\\\\\\\\\\\\\\\\\"deptName\\\\\\\\\\\\\\\\\\\\\\\\\\\\\\\\\\\\\\\\\\\\\\\\\\\\\\\\\\\\\\\":\\\\\\\\\\\\\\\\\\\\\\\\\\\\\\\\\\\\\\\\\\\\\\\\\\\\\\\\\\\\\\\"系统部门\\\\\\\\\\\\\\\\\\\\\\\\\\\\\\\\\\\\\\\\\\\\\\\\\\\\\\\\\\\\\\\",\\\\\\\\\\\\\\\\\\\\\\\\\\\\\\\\\\\\\\\\\\\\\\\\\\\\\\\\\\\\\\\"jsonResult\\\\\\\\\\\\\\\\\\\\\\\\\\\\\\\\\\\\\\\\\\\\\\\\\\\\\\\\\\\\\\\":\\\\\\\\\\\\\\\\\\\\\\\\\\\\\\\\\\\\\\\\\\\\\\\\\\\\\\\\\\\\\\\"{\\\\\\\\\\\\\\\\\\\\\\\\\\\\\\\\\\\\\\\\\\\\\\\\\\\\\\\\\\\\\\\\\\\\\\\\\\\\\\\\\\\\\\\\\\\\\\\\\\\\\\\\\\\\\\\\\\\\\\\\\\\\\\\"code\\\\\\\\\\\\\\\\\\\\\\\\\\\\\\\\\\\\\\\\\\\\\\\\\\\\\\\\\\\\\\\\\\\\\\\\\\\\\\\\\\\\\\\\\\\\\\\\\\\\\\\\\\\\\\\\\\\\\\\\\\\\\\\":200,\\\\\\\\\\\\\\\\\\\\\\\\\\\\\\\\\\\\\\\\\\\\\\\\\\\\\\\\\\\\\\\\\\\\\\\\\\\\\\\\\\\\\\\\\\\\\\\\\\\\\\\\\\\\\\\\\\\\\\\\\\\\\\\"msg\\\\\\\\\\\\\\\\\\\\\\\\\\\\\\\\\\\\\\\\\\\\\\\\\\\\\\\\\\\\\\\\\\\\\\\\\\\\\\\\\\\\\\\\\\\\\\\\\\\\\\\\\\\\\\\\\\\\\\\\\\\\\\\":\\\\\\\\\\\\\\\\\\\\\\\\\\\\\\\\\\\\\\\\\\\\\\\\\\\\\\\\\\\\\\\\\\\\\\\\\\\\\\\\\\\\\\\\\\\\\\\\\\\\\\\\\\\\\\\\\\\\\\\\\\\\\\\"查询成功\\\\\\\\\\\\\\\\\\\\\\\\\\\\\\\\\\\\\\\\\\\\\\\\\\\\\\\\\\\\\\\\\\\\\\\\\\\\\\\\\\\\\\\\\\\\\\\\\\\\\\\\\\\\\\\\\\\\\\\\\\\\\\\",\\\\\\\\\\\\\\\\\\\\\\\\\\\\\\\\\\\\\\\\\\\\\\\\\\\\\\\\\\\\\\\\\\\\\\\\\\\\\\\\\\\\\\\\\\\\\\\\\\\\\\\\\\\\\\\\\\\\\\\\\\\\\\\"rows\\\\\\\\\\\\\\\\\\\\\\\\\\\\\\\\\\\\\\\\\\\\\\\\\\\\\\\\\\\\\\\\\\\\\\\\\\\\\\\\\\\\\\\\\\\\\\\\\\\\\\\\\\\\\\\\\\\\\\\\\\\\', 0, NULL, '2025-11-17 23:38:31');
INSERT INTO `class_oper_log` VALUES (179, '操作日志', 0, 'com.ruoyi.web.controller.proj_cyq.ClassOperLogController.list()', 'GET', 1, '系统用户', '系统部门', '/proj_cyq/operlog/list', '127.0.0.1', NULL, '{\"params\":{}}', '{\"code\":200,\"msg\":\"查询成功\",\"rows\":[{\"businessType\":0,\"deptName\":\"系统部门\",\"jsonResult\":\"{\\\"code\\\":200,\\\"msg\\\":\\\"查询成功\\\",\\\"rows\\\":[{\\\"businessType\\\":0,\\\"deptName\\\":\\\"系统部门\\\",\\\"jsonResult\\\":\\\"{\\\\\\\"code\\\\\\\":200,\\\\\\\"msg\\\\\\\":\\\\\\\"查询成功\\\\\\\",\\\\\\\"rows\\\\\\\":[{\\\\\\\"businessType\\\\\\\":0,\\\\\\\"deptName\\\\\\\":\\\\\\\"系统部门\\\\\\\",\\\\\\\"jsonResult\\\\\\\":\\\\\\\"{\\\\\\\\\\\\\\\"code\\\\\\\\\\\\\\\":200,\\\\\\\\\\\\\\\"msg\\\\\\\\\\\\\\\":\\\\\\\\\\\\\\\"查询成功\\\\\\\\\\\\\\\",\\\\\\\\\\\\\\\"rows\\\\\\\\\\\\\\\":[{\\\\\\\\\\\\\\\"businessType\\\\\\\\\\\\\\\":0,\\\\\\\\\\\\\\\"deptName\\\\\\\\\\\\\\\":\\\\\\\\\\\\\\\"系统部门\\\\\\\\\\\\\\\",\\\\\\\\\\\\\\\"jsonResult\\\\\\\\\\\\\\\":\\\\\\\\\\\\\\\"{\\\\\\\\\\\\\\\\\\\\\\\\\\\\\\\"code\\\\\\\\\\\\\\\\\\\\\\\\\\\\\\\":200,\\\\\\\\\\\\\\\\\\\\\\\\\\\\\\\"msg\\\\\\\\\\\\\\\\\\\\\\\\\\\\\\\":\\\\\\\\\\\\\\\\\\\\\\\\\\\\\\\"查询成功\\\\\\\\\\\\\\\\\\\\\\\\\\\\\\\",\\\\\\\\\\\\\\\\\\\\\\\\\\\\\\\"rows\\\\\\\\\\\\\\\\\\\\\\\\\\\\\\\":[{\\\\\\\\\\\\\\\\\\\\\\\\\\\\\\\"businessType\\\\\\\\\\\\\\\\\\\\\\\\\\\\\\\":0,\\\\\\\\\\\\\\\\\\\\\\\\\\\\\\\"deptName\\\\\\\\\\\\\\\\\\\\\\\\\\\\\\\":\\\\\\\\\\\\\\\\\\\\\\\\\\\\\\\"系统部门\\\\\\\\\\\\\\\\\\\\\\\\\\\\\\\",\\\\\\\\\\\\\\\\\\\\\\\\\\\\\\\"jsonResult\\\\\\\\\\\\\\\\\\\\\\\\\\\\\\\":\\\\\\\\\\\\\\\\\\\\\\\\\\\\\\\"{\\\\\\\\\\\\\\\\\\\\\\\\\\\\\\\\\\\\\\\\\\\\\\\\\\\\\\\\\\\\\\\"code\\\\\\\\\\\\\\\\\\\\\\\\\\\\\\\\\\\\\\\\\\\\\\\\\\\\\\\\\\\\\\\":200,\\\\\\\\\\\\\\\\\\\\\\\\\\\\\\\\\\\\\\\\\\\\\\\\\\\\\\\\\\\\\\\"msg\\\\\\\\\\\\\\\\\\\\\\\\\\\\\\\\\\\\\\\\\\\\\\\\\\\\\\\\\\\\\\\":\\\\\\\\\\\\\\\\\\\\\\\\\\\\\\\\\\\\\\\\\\\\\\\\\\\\\\\\\\\\\\\"查询成功\\\\\\\\\\\\\\\\\\\\\\\\\\\\\\\\\\\\\\\\\\\\\\\\\\\\\\\\\\\\\\\",\\\\\\\\\\\\\\\\\\\\\\\\\\\\\\\\\\\\\\\\\\\\\\\\\\\\\\\\\\\\\\\"rows\\\\\\\\\\\\\\\\\\\\\\\\\\\\\\\\\\\\\\\\\\\\\\\\\\\\\\\\\\\\\\\":[{\\\\\\\\\\\\\\\\\\\\\\\\\\\\\\\\\\\\\\\\\\\\\\\\\\\\\\\\\\\\\\\"businessType\\\\\\\\\\\\\\\\\\\\\\\\\\\\\\\\\\\\\\\\\\\\\\\\\\\\\\\\\\\\\\\":0,\\\\\\\\\\\\\\\\\\\\\\\\\\\\\\\\\\\\\\\\\\\\\\\\\\\\\\\\\\\\\\\"deptName\\\\\\\\\\\\\\\\\\\\\\\\\\\\\\\\\\\\\\\\\\\\\\\\\\\\\\\\\\\\\\\":\\\\\\\\\\\\\\\\\\\\\\\\\\\\\\\\\\\\\\\\\\\\\\\\\\\\\\\\\\\\\\\"系统部门\\\\\\\\\\\\\\\\\\\\\\\\\\\\\\\\\\\\\\\\\\\\\\\\\\\\\\\\\\\\\\\",\\\\\\\\\\\\\\\\\\\\\\\\\\\\\\\\\\\\\\\\\\\\\\\\\\\\\\\\\\\\\\\"jsonResult\\\\\\\\\\\\\\\\\\\\\\\\\\\\\\\\\\\\\\\\\\\\\\\\\\\\\\\\\\\\\\\":\\\\\\\\\\\\\\\\\\\\\\\\\\\\\\\\\\\\\\\\\\\\\\\\\\\\\\\\\\\\\\\"{\\\\\\\\\\\\\\\\\\\\\\\\\\\\\\\\\\\\\\\\\\\\\\\\\\\\\\\\\\\\\\\\\\\\\\\\\\\\\\\\\\\\\\\\\\\\\\\\\\\\\\\\\\\\\\\\\\\\\\\\\\\\\\\"code\\\\\\\\\\\\\\\\\\\\\\\\\\\\\\\\\\\\\\\\\\\\\\\\\\\\\\\\\\\\\\\\\\\\\\\\\\\\\\\\\\\\\\\\\\\\\\\\\\\\\\\\\\\\\\\\\\\\\\\\\\\\\\\":200,\\\\\\\\\\\\\\\\\\\\\\\\\\\\\\\\\\\\\\\\\\\\\\\\\\\\\\\\\\\\\\\\\\\\\\\\\\\\\\\\\\\\\\\\\\\\\\\\\\\\\\\\\\\\\\\\\\\\\\\\\\\\\\\"msg\\\\\\\\\\\\\\\\\\\\\\\\\\\\\\\\\\\\\\\\\\\\\\\\\\\\\\\\\\\\\\\\\\\\\\\\\\\\\\\\\\\\\\\\\\\\\\\\\\\\\\\\\\\\\\\\\\\\\\\\\\\\\\\":\\\\\\\\\\\\\\\\\\\\\\\\\\\\\\\\\\\\\\\\\\\\\\\\\\\\\\\\\\\\\\\\\\\\\\\\\\\\\\\\\\\\\\\\\\\\\\\\\\\\\\\\\\\\\\\\\\\\\\\\\\\\\\\"查询成功\\\\\\\\\\\\\\\\\\\\\\\\\\\\\\\\\\\\\\\\\\\\\\\\\\\\\\\\\\\\\\\\\\\\\\\\\\\\\\\\\\\\\\\\\\\\\\\\\\\\\\\\\\\\\\\\\\\\\\\\\\\\\\\",\\\\\\\\\\\\\\\\\\\\\\\\\\\\\\\\\\\\\\\\\\\\\\\\\\\\\\\\\\\\\\\\\\\\\\\\\\\\\\\\\\\\\\\\\\\\\\\\\\\\\\\\\\\\\\\\\\\\\\\\\\\\\\\"rows\\\\\\\\\\\\\\\\\\\\\\\\\\\\\\\\\\\\\\\\\\\\\\\\\\\\\\\\\\\\\\\\\\\\\\\\\\\\\\\\\\\\\\\\\\\\\\\\\\\\\\\\\\\\\\\\\\\\\\\\\\\\', 0, NULL, '2025-11-17 23:58:15');
INSERT INTO `class_oper_log` VALUES (180, '操作日志', 0, 'com.ruoyi.web.controller.proj_cyq.ClassOperLogController.list()', 'GET', 1, '系统用户', '系统部门', '/proj_cyq/operlog/list', '127.0.0.1', NULL, '{\"params\":{}}', '{\"code\":200,\"msg\":\"查询成功\",\"rows\":[{\"businessType\":0,\"deptName\":\"系统部门\",\"jsonResult\":\"{\\\"code\\\":200,\\\"msg\\\":\\\"查询成功\\\",\\\"rows\\\":[{\\\"businessType\\\":0,\\\"deptName\\\":\\\"系统部门\\\",\\\"jsonResult\\\":\\\"{\\\\\\\"code\\\\\\\":200,\\\\\\\"msg\\\\\\\":\\\\\\\"查询成功\\\\\\\",\\\\\\\"rows\\\\\\\":[{\\\\\\\"businessType\\\\\\\":0,\\\\\\\"deptName\\\\\\\":\\\\\\\"系统部门\\\\\\\",\\\\\\\"jsonResult\\\\\\\":\\\\\\\"{\\\\\\\\\\\\\\\"code\\\\\\\\\\\\\\\":200,\\\\\\\\\\\\\\\"msg\\\\\\\\\\\\\\\":\\\\\\\\\\\\\\\"查询成功\\\\\\\\\\\\\\\",\\\\\\\\\\\\\\\"rows\\\\\\\\\\\\\\\":[{\\\\\\\\\\\\\\\"businessType\\\\\\\\\\\\\\\":0,\\\\\\\\\\\\\\\"deptName\\\\\\\\\\\\\\\":\\\\\\\\\\\\\\\"系统部门\\\\\\\\\\\\\\\",\\\\\\\\\\\\\\\"jsonResult\\\\\\\\\\\\\\\":\\\\\\\\\\\\\\\"{\\\\\\\\\\\\\\\\\\\\\\\\\\\\\\\"code\\\\\\\\\\\\\\\\\\\\\\\\\\\\\\\":200,\\\\\\\\\\\\\\\\\\\\\\\\\\\\\\\"msg\\\\\\\\\\\\\\\\\\\\\\\\\\\\\\\":\\\\\\\\\\\\\\\\\\\\\\\\\\\\\\\"查询成功\\\\\\\\\\\\\\\\\\\\\\\\\\\\\\\",\\\\\\\\\\\\\\\\\\\\\\\\\\\\\\\"rows\\\\\\\\\\\\\\\\\\\\\\\\\\\\\\\":[{\\\\\\\\\\\\\\\\\\\\\\\\\\\\\\\"businessType\\\\\\\\\\\\\\\\\\\\\\\\\\\\\\\":0,\\\\\\\\\\\\\\\\\\\\\\\\\\\\\\\"deptName\\\\\\\\\\\\\\\\\\\\\\\\\\\\\\\":\\\\\\\\\\\\\\\\\\\\\\\\\\\\\\\"系统部门\\\\\\\\\\\\\\\\\\\\\\\\\\\\\\\",\\\\\\\\\\\\\\\\\\\\\\\\\\\\\\\"jsonResult\\\\\\\\\\\\\\\\\\\\\\\\\\\\\\\":\\\\\\\\\\\\\\\\\\\\\\\\\\\\\\\"{\\\\\\\\\\\\\\\\\\\\\\\\\\\\\\\\\\\\\\\\\\\\\\\\\\\\\\\\\\\\\\\"code\\\\\\\\\\\\\\\\\\\\\\\\\\\\\\\\\\\\\\\\\\\\\\\\\\\\\\\\\\\\\\\":200,\\\\\\\\\\\\\\\\\\\\\\\\\\\\\\\\\\\\\\\\\\\\\\\\\\\\\\\\\\\\\\\"msg\\\\\\\\\\\\\\\\\\\\\\\\\\\\\\\\\\\\\\\\\\\\\\\\\\\\\\\\\\\\\\\":\\\\\\\\\\\\\\\\\\\\\\\\\\\\\\\\\\\\\\\\\\\\\\\\\\\\\\\\\\\\\\\"查询成功\\\\\\\\\\\\\\\\\\\\\\\\\\\\\\\\\\\\\\\\\\\\\\\\\\\\\\\\\\\\\\\",\\\\\\\\\\\\\\\\\\\\\\\\\\\\\\\\\\\\\\\\\\\\\\\\\\\\\\\\\\\\\\\"rows\\\\\\\\\\\\\\\\\\\\\\\\\\\\\\\\\\\\\\\\\\\\\\\\\\\\\\\\\\\\\\\":[{\\\\\\\\\\\\\\\\\\\\\\\\\\\\\\\\\\\\\\\\\\\\\\\\\\\\\\\\\\\\\\\"businessType\\\\\\\\\\\\\\\\\\\\\\\\\\\\\\\\\\\\\\\\\\\\\\\\\\\\\\\\\\\\\\\":0,\\\\\\\\\\\\\\\\\\\\\\\\\\\\\\\\\\\\\\\\\\\\\\\\\\\\\\\\\\\\\\\"deptName\\\\\\\\\\\\\\\\\\\\\\\\\\\\\\\\\\\\\\\\\\\\\\\\\\\\\\\\\\\\\\\":\\\\\\\\\\\\\\\\\\\\\\\\\\\\\\\\\\\\\\\\\\\\\\\\\\\\\\\\\\\\\\\"系统部门\\\\\\\\\\\\\\\\\\\\\\\\\\\\\\\\\\\\\\\\\\\\\\\\\\\\\\\\\\\\\\\",\\\\\\\\\\\\\\\\\\\\\\\\\\\\\\\\\\\\\\\\\\\\\\\\\\\\\\\\\\\\\\\"jsonResult\\\\\\\\\\\\\\\\\\\\\\\\\\\\\\\\\\\\\\\\\\\\\\\\\\\\\\\\\\\\\\\":\\\\\\\\\\\\\\\\\\\\\\\\\\\\\\\\\\\\\\\\\\\\\\\\\\\\\\\\\\\\\\\"{\\\\\\\\\\\\\\\\\\\\\\\\\\\\\\\\\\\\\\\\\\\\\\\\\\\\\\\\\\\\\\\\\\\\\\\\\\\\\\\\\\\\\\\\\\\\\\\\\\\\\\\\\\\\\\\\\\\\\\\\\\\\\\\"code\\\\\\\\\\\\\\\\\\\\\\\\\\\\\\\\\\\\\\\\\\\\\\\\\\\\\\\\\\\\\\\\\\\\\\\\\\\\\\\\\\\\\\\\\\\\\\\\\\\\\\\\\\\\\\\\\\\\\\\\\\\\\\\":200,\\\\\\\\\\\\\\\\\\\\\\\\\\\\\\\\\\\\\\\\\\\\\\\\\\\\\\\\\\\\\\\\\\\\\\\\\\\\\\\\\\\\\\\\\\\\\\\\\\\\\\\\\\\\\\\\\\\\\\\\\\\\\\\"msg\\\\\\\\\\\\\\\\\\\\\\\\\\\\\\\\\\\\\\\\\\\\\\\\\\\\\\\\\\\\\\\\\\\\\\\\\\\\\\\\\\\\\\\\\\\\\\\\\\\\\\\\\\\\\\\\\\\\\\\\\\\\\\\":\\\\\\\\\\\\\\\\\\\\\\\\\\\\\\\\\\\\\\\\\\\\\\\\\\\\\\\\\\\\\\\\\\\\\\\\\\\\\\\\\\\\\\\\\\\\\\\\\\\\\\\\\\\\\\\\\\\\\\\\\\\\\\\"查询成功\\\\\\\\\\\\\\\\\\\\\\\\\\\\\\\\\\\\\\\\\\\\\\\\\\\\\\\\\\\\\\\\\\\\\\\\\\\\\\\\\\\\\\\\\\\\\\\\\\\\\\\\\\\\\\\\\\\\\\\\\\\\\\\",\\\\\\\\\\\\\\\\\\\\\\\\\\\\\\\\\\\\\\\\\\\\\\\\\\\\\\\\\\\\\\\\\\\\\\\\\\\\\\\\\\\\\\\\\\\\\\\\\\\\\\\\\\\\\\\\\\\\\\\\\\\\\\\"rows\\\\\\\\\\\\\\\\\\\\\\\\\\\\\\\\\\\\\\\\\\\\\\\\\\\\\\\\\\\\\\\\\\\\\\\\\\\\\\\\\\\\\\\\\\\\\\\\\\\\\\\\\\\\\\\\\\\\\\\\\\\\', 0, NULL, '2025-11-18 00:10:12');
INSERT INTO `class_oper_log` VALUES (181, '操作日志', 0, 'com.ruoyi.web.controller.proj_cyq.ClassOperLogController.list()', 'GET', 1, '系统用户', '系统部门', '/proj_cyq/operlog/list', '127.0.0.1', NULL, '{\"params\":{}}', '{\"code\":200,\"msg\":\"查询成功\",\"rows\":[{\"businessType\":0,\"deptName\":\"系统部门\",\"jsonResult\":\"{\\\"code\\\":200,\\\"msg\\\":\\\"查询成功\\\",\\\"rows\\\":[{\\\"businessType\\\":0,\\\"deptName\\\":\\\"系统部门\\\",\\\"jsonResult\\\":\\\"{\\\\\\\"code\\\\\\\":200,\\\\\\\"msg\\\\\\\":\\\\\\\"查询成功\\\\\\\",\\\\\\\"rows\\\\\\\":[{\\\\\\\"businessType\\\\\\\":0,\\\\\\\"deptName\\\\\\\":\\\\\\\"系统部门\\\\\\\",\\\\\\\"jsonResult\\\\\\\":\\\\\\\"{\\\\\\\\\\\\\\\"code\\\\\\\\\\\\\\\":200,\\\\\\\\\\\\\\\"msg\\\\\\\\\\\\\\\":\\\\\\\\\\\\\\\"查询成功\\\\\\\\\\\\\\\",\\\\\\\\\\\\\\\"rows\\\\\\\\\\\\\\\":[{\\\\\\\\\\\\\\\"businessType\\\\\\\\\\\\\\\":0,\\\\\\\\\\\\\\\"deptName\\\\\\\\\\\\\\\":\\\\\\\\\\\\\\\"系统部门\\\\\\\\\\\\\\\",\\\\\\\\\\\\\\\"jsonResult\\\\\\\\\\\\\\\":\\\\\\\\\\\\\\\"{\\\\\\\\\\\\\\\\\\\\\\\\\\\\\\\"code\\\\\\\\\\\\\\\\\\\\\\\\\\\\\\\":200,\\\\\\\\\\\\\\\\\\\\\\\\\\\\\\\"msg\\\\\\\\\\\\\\\\\\\\\\\\\\\\\\\":\\\\\\\\\\\\\\\\\\\\\\\\\\\\\\\"查询成功\\\\\\\\\\\\\\\\\\\\\\\\\\\\\\\",\\\\\\\\\\\\\\\\\\\\\\\\\\\\\\\"rows\\\\\\\\\\\\\\\\\\\\\\\\\\\\\\\":[{\\\\\\\\\\\\\\\\\\\\\\\\\\\\\\\"businessType\\\\\\\\\\\\\\\\\\\\\\\\\\\\\\\":0,\\\\\\\\\\\\\\\\\\\\\\\\\\\\\\\"deptName\\\\\\\\\\\\\\\\\\\\\\\\\\\\\\\":\\\\\\\\\\\\\\\\\\\\\\\\\\\\\\\"系统部门\\\\\\\\\\\\\\\\\\\\\\\\\\\\\\\",\\\\\\\\\\\\\\\\\\\\\\\\\\\\\\\"jsonResult\\\\\\\\\\\\\\\\\\\\\\\\\\\\\\\":\\\\\\\\\\\\\\\\\\\\\\\\\\\\\\\"{\\\\\\\\\\\\\\\\\\\\\\\\\\\\\\\\\\\\\\\\\\\\\\\\\\\\\\\\\\\\\\\"code\\\\\\\\\\\\\\\\\\\\\\\\\\\\\\\\\\\\\\\\\\\\\\\\\\\\\\\\\\\\\\\":200,\\\\\\\\\\\\\\\\\\\\\\\\\\\\\\\\\\\\\\\\\\\\\\\\\\\\\\\\\\\\\\\"msg\\\\\\\\\\\\\\\\\\\\\\\\\\\\\\\\\\\\\\\\\\\\\\\\\\\\\\\\\\\\\\\":\\\\\\\\\\\\\\\\\\\\\\\\\\\\\\\\\\\\\\\\\\\\\\\\\\\\\\\\\\\\\\\"查询成功\\\\\\\\\\\\\\\\\\\\\\\\\\\\\\\\\\\\\\\\\\\\\\\\\\\\\\\\\\\\\\\",\\\\\\\\\\\\\\\\\\\\\\\\\\\\\\\\\\\\\\\\\\\\\\\\\\\\\\\\\\\\\\\"rows\\\\\\\\\\\\\\\\\\\\\\\\\\\\\\\\\\\\\\\\\\\\\\\\\\\\\\\\\\\\\\\":[{\\\\\\\\\\\\\\\\\\\\\\\\\\\\\\\\\\\\\\\\\\\\\\\\\\\\\\\\\\\\\\\"businessType\\\\\\\\\\\\\\\\\\\\\\\\\\\\\\\\\\\\\\\\\\\\\\\\\\\\\\\\\\\\\\\":0,\\\\\\\\\\\\\\\\\\\\\\\\\\\\\\\\\\\\\\\\\\\\\\\\\\\\\\\\\\\\\\\"deptName\\\\\\\\\\\\\\\\\\\\\\\\\\\\\\\\\\\\\\\\\\\\\\\\\\\\\\\\\\\\\\\":\\\\\\\\\\\\\\\\\\\\\\\\\\\\\\\\\\\\\\\\\\\\\\\\\\\\\\\\\\\\\\\"系统部门\\\\\\\\\\\\\\\\\\\\\\\\\\\\\\\\\\\\\\\\\\\\\\\\\\\\\\\\\\\\\\\",\\\\\\\\\\\\\\\\\\\\\\\\\\\\\\\\\\\\\\\\\\\\\\\\\\\\\\\\\\\\\\\"jsonResult\\\\\\\\\\\\\\\\\\\\\\\\\\\\\\\\\\\\\\\\\\\\\\\\\\\\\\\\\\\\\\\":\\\\\\\\\\\\\\\\\\\\\\\\\\\\\\\\\\\\\\\\\\\\\\\\\\\\\\\\\\\\\\\"{\\\\\\\\\\\\\\\\\\\\\\\\\\\\\\\\\\\\\\\\\\\\\\\\\\\\\\\\\\\\\\\\\\\\\\\\\\\\\\\\\\\\\\\\\\\\\\\\\\\\\\\\\\\\\\\\\\\\\\\\\\\\\\\"code\\\\\\\\\\\\\\\\\\\\\\\\\\\\\\\\\\\\\\\\\\\\\\\\\\\\\\\\\\\\\\\\\\\\\\\\\\\\\\\\\\\\\\\\\\\\\\\\\\\\\\\\\\\\\\\\\\\\\\\\\\\\\\\":200,\\\\\\\\\\\\\\\\\\\\\\\\\\\\\\\\\\\\\\\\\\\\\\\\\\\\\\\\\\\\\\\\\\\\\\\\\\\\\\\\\\\\\\\\\\\\\\\\\\\\\\\\\\\\\\\\\\\\\\\\\\\\\\\"msg\\\\\\\\\\\\\\\\\\\\\\\\\\\\\\\\\\\\\\\\\\\\\\\\\\\\\\\\\\\\\\\\\\\\\\\\\\\\\\\\\\\\\\\\\\\\\\\\\\\\\\\\\\\\\\\\\\\\\\\\\\\\\\\":\\\\\\\\\\\\\\\\\\\\\\\\\\\\\\\\\\\\\\\\\\\\\\\\\\\\\\\\\\\\\\\\\\\\\\\\\\\\\\\\\\\\\\\\\\\\\\\\\\\\\\\\\\\\\\\\\\\\\\\\\\\\\\\"查询成功\\\\\\\\\\\\\\\\\\\\\\\\\\\\\\\\\\\\\\\\\\\\\\\\\\\\\\\\\\\\\\\\\\\\\\\\\\\\\\\\\\\\\\\\\\\\\\\\\\\\\\\\\\\\\\\\\\\\\\\\\\\\\\\",\\\\\\\\\\\\\\\\\\\\\\\\\\\\\\\\\\\\\\\\\\\\\\\\\\\\\\\\\\\\\\\\\\\\\\\\\\\\\\\\\\\\\\\\\\\\\\\\\\\\\\\\\\\\\\\\\\\\\\\\\\\\\\\"rows\\\\\\\\\\\\\\\\\\\\\\\\\\\\\\\\\\\\\\\\\\\\\\\\\\\\\\\\\\\\\\\\\\\\\\\\\\\\\\\\\\\\\\\\\\\\\\\\\\\\\\\\\\\\\\\\\\\\\\\\\\\\', 0, NULL, '2025-11-18 08:43:50');
INSERT INTO `class_oper_log` VALUES (182, '操作日志', 0, 'com.ruoyi.web.controller.proj_cyq.ClassOperLogController.list()', 'GET', 1, '系统用户', '系统部门', '/proj_cyq/operlog/list', '127.0.0.1', NULL, '{\"params\":{}}', '{\"code\":200,\"msg\":\"查询成功\",\"rows\":[{\"businessType\":0,\"deptName\":\"系统部门\",\"jsonResult\":\"{\\\"code\\\":200,\\\"msg\\\":\\\"查询成功\\\",\\\"rows\\\":[{\\\"businessType\\\":0,\\\"deptName\\\":\\\"系统部门\\\",\\\"jsonResult\\\":\\\"{\\\\\\\"code\\\\\\\":200,\\\\\\\"msg\\\\\\\":\\\\\\\"查询成功\\\\\\\",\\\\\\\"rows\\\\\\\":[{\\\\\\\"businessType\\\\\\\":0,\\\\\\\"deptName\\\\\\\":\\\\\\\"系统部门\\\\\\\",\\\\\\\"jsonResult\\\\\\\":\\\\\\\"{\\\\\\\\\\\\\\\"code\\\\\\\\\\\\\\\":200,\\\\\\\\\\\\\\\"msg\\\\\\\\\\\\\\\":\\\\\\\\\\\\\\\"查询成功\\\\\\\\\\\\\\\",\\\\\\\\\\\\\\\"rows\\\\\\\\\\\\\\\":[{\\\\\\\\\\\\\\\"businessType\\\\\\\\\\\\\\\":0,\\\\\\\\\\\\\\\"deptName\\\\\\\\\\\\\\\":\\\\\\\\\\\\\\\"系统部门\\\\\\\\\\\\\\\",\\\\\\\\\\\\\\\"jsonResult\\\\\\\\\\\\\\\":\\\\\\\\\\\\\\\"{\\\\\\\\\\\\\\\\\\\\\\\\\\\\\\\"code\\\\\\\\\\\\\\\\\\\\\\\\\\\\\\\":200,\\\\\\\\\\\\\\\\\\\\\\\\\\\\\\\"msg\\\\\\\\\\\\\\\\\\\\\\\\\\\\\\\":\\\\\\\\\\\\\\\\\\\\\\\\\\\\\\\"查询成功\\\\\\\\\\\\\\\\\\\\\\\\\\\\\\\",\\\\\\\\\\\\\\\\\\\\\\\\\\\\\\\"rows\\\\\\\\\\\\\\\\\\\\\\\\\\\\\\\":[{\\\\\\\\\\\\\\\\\\\\\\\\\\\\\\\"businessType\\\\\\\\\\\\\\\\\\\\\\\\\\\\\\\":0,\\\\\\\\\\\\\\\\\\\\\\\\\\\\\\\"deptName\\\\\\\\\\\\\\\\\\\\\\\\\\\\\\\":\\\\\\\\\\\\\\\\\\\\\\\\\\\\\\\"系统部门\\\\\\\\\\\\\\\\\\\\\\\\\\\\\\\",\\\\\\\\\\\\\\\\\\\\\\\\\\\\\\\"jsonResult\\\\\\\\\\\\\\\\\\\\\\\\\\\\\\\":\\\\\\\\\\\\\\\\\\\\\\\\\\\\\\\"{\\\\\\\\\\\\\\\\\\\\\\\\\\\\\\\\\\\\\\\\\\\\\\\\\\\\\\\\\\\\\\\"code\\\\\\\\\\\\\\\\\\\\\\\\\\\\\\\\\\\\\\\\\\\\\\\\\\\\\\\\\\\\\\\":200,\\\\\\\\\\\\\\\\\\\\\\\\\\\\\\\\\\\\\\\\\\\\\\\\\\\\\\\\\\\\\\\"msg\\\\\\\\\\\\\\\\\\\\\\\\\\\\\\\\\\\\\\\\\\\\\\\\\\\\\\\\\\\\\\\":\\\\\\\\\\\\\\\\\\\\\\\\\\\\\\\\\\\\\\\\\\\\\\\\\\\\\\\\\\\\\\\"查询成功\\\\\\\\\\\\\\\\\\\\\\\\\\\\\\\\\\\\\\\\\\\\\\\\\\\\\\\\\\\\\\\",\\\\\\\\\\\\\\\\\\\\\\\\\\\\\\\\\\\\\\\\\\\\\\\\\\\\\\\\\\\\\\\"rows\\\\\\\\\\\\\\\\\\\\\\\\\\\\\\\\\\\\\\\\\\\\\\\\\\\\\\\\\\\\\\\":[{\\\\\\\\\\\\\\\\\\\\\\\\\\\\\\\\\\\\\\\\\\\\\\\\\\\\\\\\\\\\\\\"businessType\\\\\\\\\\\\\\\\\\\\\\\\\\\\\\\\\\\\\\\\\\\\\\\\\\\\\\\\\\\\\\\":0,\\\\\\\\\\\\\\\\\\\\\\\\\\\\\\\\\\\\\\\\\\\\\\\\\\\\\\\\\\\\\\\"deptName\\\\\\\\\\\\\\\\\\\\\\\\\\\\\\\\\\\\\\\\\\\\\\\\\\\\\\\\\\\\\\\":\\\\\\\\\\\\\\\\\\\\\\\\\\\\\\\\\\\\\\\\\\\\\\\\\\\\\\\\\\\\\\\"系统部门\\\\\\\\\\\\\\\\\\\\\\\\\\\\\\\\\\\\\\\\\\\\\\\\\\\\\\\\\\\\\\\",\\\\\\\\\\\\\\\\\\\\\\\\\\\\\\\\\\\\\\\\\\\\\\\\\\\\\\\\\\\\\\\"jsonResult\\\\\\\\\\\\\\\\\\\\\\\\\\\\\\\\\\\\\\\\\\\\\\\\\\\\\\\\\\\\\\\":\\\\\\\\\\\\\\\\\\\\\\\\\\\\\\\\\\\\\\\\\\\\\\\\\\\\\\\\\\\\\\\"{\\\\\\\\\\\\\\\\\\\\\\\\\\\\\\\\\\\\\\\\\\\\\\\\\\\\\\\\\\\\\\\\\\\\\\\\\\\\\\\\\\\\\\\\\\\\\\\\\\\\\\\\\\\\\\\\\\\\\\\\\\\\\\\"code\\\\\\\\\\\\\\\\\\\\\\\\\\\\\\\\\\\\\\\\\\\\\\\\\\\\\\\\\\\\\\\\\\\\\\\\\\\\\\\\\\\\\\\\\\\\\\\\\\\\\\\\\\\\\\\\\\\\\\\\\\\\\\\":200,\\\\\\\\\\\\\\\\\\\\\\\\\\\\\\\\\\\\\\\\\\\\\\\\\\\\\\\\\\\\\\\\\\\\\\\\\\\\\\\\\\\\\\\\\\\\\\\\\\\\\\\\\\\\\\\\\\\\\\\\\\\\\\\"msg\\\\\\\\\\\\\\\\\\\\\\\\\\\\\\\\\\\\\\\\\\\\\\\\\\\\\\\\\\\\\\\\\\\\\\\\\\\\\\\\\\\\\\\\\\\\\\\\\\\\\\\\\\\\\\\\\\\\\\\\\\\\\\\":\\\\\\\\\\\\\\\\\\\\\\\\\\\\\\\\\\\\\\\\\\\\\\\\\\\\\\\\\\\\\\\\\\\\\\\\\\\\\\\\\\\\\\\\\\\\\\\\\\\\\\\\\\\\\\\\\\\\\\\\\\\\\\\"查询成功\\\\\\\\\\\\\\\\\\\\\\\\\\\\\\\\\\\\\\\\\\\\\\\\\\\\\\\\\\\\\\\\\\\\\\\\\\\\\\\\\\\\\\\\\\\\\\\\\\\\\\\\\\\\\\\\\\\\\\\\\\\\\\\",\\\\\\\\\\\\\\\\\\\\\\\\\\\\\\\\\\\\\\\\\\\\\\\\\\\\\\\\\\\\\\\\\\\\\\\\\\\\\\\\\\\\\\\\\\\\\\\\\\\\\\\\\\\\\\\\\\\\\\\\\\\\\\\"rows\\\\\\\\\\\\\\\\\\\\\\\\\\\\\\\\\\\\\\\\\\\\\\\\\\\\\\\\\\\\\\\\\\\\\\\\\\\\\\\\\\\\\\\\\\\\\\\\\\\\\\\\\\\\\\\\\\\\\\\\\\\\', 0, NULL, '2025-11-18 13:56:25');
INSERT INTO `class_oper_log` VALUES (183, '操作日志', 0, 'com.ruoyi.web.controller.proj_cyq.ClassOperLogController.list()', 'GET', 1, '系统用户', '系统部门', '/proj_cyq/operlog/list', '127.0.0.1', NULL, '{\"params\":{}}', '{\"code\":200,\"msg\":\"查询成功\",\"rows\":[{\"businessType\":0,\"deptName\":\"系统部门\",\"jsonResult\":\"{\\\"code\\\":200,\\\"msg\\\":\\\"查询成功\\\",\\\"rows\\\":[{\\\"businessType\\\":0,\\\"deptName\\\":\\\"系统部门\\\",\\\"jsonResult\\\":\\\"{\\\\\\\"code\\\\\\\":200,\\\\\\\"msg\\\\\\\":\\\\\\\"查询成功\\\\\\\",\\\\\\\"rows\\\\\\\":[{\\\\\\\"businessType\\\\\\\":0,\\\\\\\"deptName\\\\\\\":\\\\\\\"系统部门\\\\\\\",\\\\\\\"jsonResult\\\\\\\":\\\\\\\"{\\\\\\\\\\\\\\\"code\\\\\\\\\\\\\\\":200,\\\\\\\\\\\\\\\"msg\\\\\\\\\\\\\\\":\\\\\\\\\\\\\\\"查询成功\\\\\\\\\\\\\\\",\\\\\\\\\\\\\\\"rows\\\\\\\\\\\\\\\":[{\\\\\\\\\\\\\\\"businessType\\\\\\\\\\\\\\\":0,\\\\\\\\\\\\\\\"deptName\\\\\\\\\\\\\\\":\\\\\\\\\\\\\\\"系统部门\\\\\\\\\\\\\\\",\\\\\\\\\\\\\\\"jsonResult\\\\\\\\\\\\\\\":\\\\\\\\\\\\\\\"{\\\\\\\\\\\\\\\\\\\\\\\\\\\\\\\"code\\\\\\\\\\\\\\\\\\\\\\\\\\\\\\\":200,\\\\\\\\\\\\\\\\\\\\\\\\\\\\\\\"msg\\\\\\\\\\\\\\\\\\\\\\\\\\\\\\\":\\\\\\\\\\\\\\\\\\\\\\\\\\\\\\\"查询成功\\\\\\\\\\\\\\\\\\\\\\\\\\\\\\\",\\\\\\\\\\\\\\\\\\\\\\\\\\\\\\\"rows\\\\\\\\\\\\\\\\\\\\\\\\\\\\\\\":[{\\\\\\\\\\\\\\\\\\\\\\\\\\\\\\\"businessType\\\\\\\\\\\\\\\\\\\\\\\\\\\\\\\":0,\\\\\\\\\\\\\\\\\\\\\\\\\\\\\\\"deptName\\\\\\\\\\\\\\\\\\\\\\\\\\\\\\\":\\\\\\\\\\\\\\\\\\\\\\\\\\\\\\\"系统部门\\\\\\\\\\\\\\\\\\\\\\\\\\\\\\\",\\\\\\\\\\\\\\\\\\\\\\\\\\\\\\\"jsonResult\\\\\\\\\\\\\\\\\\\\\\\\\\\\\\\":\\\\\\\\\\\\\\\\\\\\\\\\\\\\\\\"{\\\\\\\\\\\\\\\\\\\\\\\\\\\\\\\\\\\\\\\\\\\\\\\\\\\\\\\\\\\\\\\"code\\\\\\\\\\\\\\\\\\\\\\\\\\\\\\\\\\\\\\\\\\\\\\\\\\\\\\\\\\\\\\\":200,\\\\\\\\\\\\\\\\\\\\\\\\\\\\\\\\\\\\\\\\\\\\\\\\\\\\\\\\\\\\\\\"msg\\\\\\\\\\\\\\\\\\\\\\\\\\\\\\\\\\\\\\\\\\\\\\\\\\\\\\\\\\\\\\\":\\\\\\\\\\\\\\\\\\\\\\\\\\\\\\\\\\\\\\\\\\\\\\\\\\\\\\\\\\\\\\\"查询成功\\\\\\\\\\\\\\\\\\\\\\\\\\\\\\\\\\\\\\\\\\\\\\\\\\\\\\\\\\\\\\\",\\\\\\\\\\\\\\\\\\\\\\\\\\\\\\\\\\\\\\\\\\\\\\\\\\\\\\\\\\\\\\\"rows\\\\\\\\\\\\\\\\\\\\\\\\\\\\\\\\\\\\\\\\\\\\\\\\\\\\\\\\\\\\\\\":[{\\\\\\\\\\\\\\\\\\\\\\\\\\\\\\\\\\\\\\\\\\\\\\\\\\\\\\\\\\\\\\\"businessType\\\\\\\\\\\\\\\\\\\\\\\\\\\\\\\\\\\\\\\\\\\\\\\\\\\\\\\\\\\\\\\":0,\\\\\\\\\\\\\\\\\\\\\\\\\\\\\\\\\\\\\\\\\\\\\\\\\\\\\\\\\\\\\\\"deptName\\\\\\\\\\\\\\\\\\\\\\\\\\\\\\\\\\\\\\\\\\\\\\\\\\\\\\\\\\\\\\\":\\\\\\\\\\\\\\\\\\\\\\\\\\\\\\\\\\\\\\\\\\\\\\\\\\\\\\\\\\\\\\\"系统部门\\\\\\\\\\\\\\\\\\\\\\\\\\\\\\\\\\\\\\\\\\\\\\\\\\\\\\\\\\\\\\\",\\\\\\\\\\\\\\\\\\\\\\\\\\\\\\\\\\\\\\\\\\\\\\\\\\\\\\\\\\\\\\\"jsonResult\\\\\\\\\\\\\\\\\\\\\\\\\\\\\\\\\\\\\\\\\\\\\\\\\\\\\\\\\\\\\\\":\\\\\\\\\\\\\\\\\\\\\\\\\\\\\\\\\\\\\\\\\\\\\\\\\\\\\\\\\\\\\\\"{\\\\\\\\\\\\\\\\\\\\\\\\\\\\\\\\\\\\\\\\\\\\\\\\\\\\\\\\\\\\\\\\\\\\\\\\\\\\\\\\\\\\\\\\\\\\\\\\\\\\\\\\\\\\\\\\\\\\\\\\\\\\\\\"code\\\\\\\\\\\\\\\\\\\\\\\\\\\\\\\\\\\\\\\\\\\\\\\\\\\\\\\\\\\\\\\\\\\\\\\\\\\\\\\\\\\\\\\\\\\\\\\\\\\\\\\\\\\\\\\\\\\\\\\\\\\\\\\":200,\\\\\\\\\\\\\\\\\\\\\\\\\\\\\\\\\\\\\\\\\\\\\\\\\\\\\\\\\\\\\\\\\\\\\\\\\\\\\\\\\\\\\\\\\\\\\\\\\\\\\\\\\\\\\\\\\\\\\\\\\\\\\\\"msg\\\\\\\\\\\\\\\\\\\\\\\\\\\\\\\\\\\\\\\\\\\\\\\\\\\\\\\\\\\\\\\\\\\\\\\\\\\\\\\\\\\\\\\\\\\\\\\\\\\\\\\\\\\\\\\\\\\\\\\\\\\\\\\":\\\\\\\\\\\\\\\\\\\\\\\\\\\\\\\\\\\\\\\\\\\\\\\\\\\\\\\\\\\\\\\\\\\\\\\\\\\\\\\\\\\\\\\\\\\\\\\\\\\\\\\\\\\\\\\\\\\\\\\\\\\\\\\"查询成功\\\\\\\\\\\\\\\\\\\\\\\\\\\\\\\\\\\\\\\\\\\\\\\\\\\\\\\\\\\\\\\\\\\\\\\\\\\\\\\\\\\\\\\\\\\\\\\\\\\\\\\\\\\\\\\\\\\\\\\\\\\\\\\",\\\\\\\\\\\\\\\\\\\\\\\\\\\\\\\\\\\\\\\\\\\\\\\\\\\\\\\\\\\\\\\\\\\\\\\\\\\\\\\\\\\\\\\\\\\\\\\\\\\\\\\\\\\\\\\\\\\\\\\\\\\\\\\"rows\\\\\\\\\\\\\\\\\\\\\\\\\\\\\\\\\\\\\\\\\\\\\\\\\\\\\\\\\\\\\\\\\\\\\\\\\\\\\\\\\\\\\\\\\\\\\\\\\\\\\\\\\\\\\\\\\\\\\\\\\\\\', 0, NULL, '2025-11-18 13:56:27');
INSERT INTO `class_oper_log` VALUES (184, '操作日志', 0, 'com.ruoyi.web.controller.proj_cyq.ClassOperLogController.list()', 'GET', 1, '系统用户', '系统部门', '/proj_cyq/operlog/list', '127.0.0.1', NULL, '{\"params\":{}}', '{\"code\":200,\"msg\":\"查询成功\",\"rows\":[{\"businessType\":0,\"deptName\":\"系统部门\",\"jsonResult\":\"{\\\"code\\\":200,\\\"msg\\\":\\\"查询成功\\\",\\\"rows\\\":[{\\\"businessType\\\":0,\\\"deptName\\\":\\\"系统部门\\\",\\\"jsonResult\\\":\\\"{\\\\\\\"code\\\\\\\":200,\\\\\\\"msg\\\\\\\":\\\\\\\"查询成功\\\\\\\",\\\\\\\"rows\\\\\\\":[{\\\\\\\"businessType\\\\\\\":0,\\\\\\\"deptName\\\\\\\":\\\\\\\"系统部门\\\\\\\",\\\\\\\"jsonResult\\\\\\\":\\\\\\\"{\\\\\\\\\\\\\\\"code\\\\\\\\\\\\\\\":200,\\\\\\\\\\\\\\\"msg\\\\\\\\\\\\\\\":\\\\\\\\\\\\\\\"查询成功\\\\\\\\\\\\\\\",\\\\\\\\\\\\\\\"rows\\\\\\\\\\\\\\\":[{\\\\\\\\\\\\\\\"businessType\\\\\\\\\\\\\\\":0,\\\\\\\\\\\\\\\"deptName\\\\\\\\\\\\\\\":\\\\\\\\\\\\\\\"系统部门\\\\\\\\\\\\\\\",\\\\\\\\\\\\\\\"jsonResult\\\\\\\\\\\\\\\":\\\\\\\\\\\\\\\"{\\\\\\\\\\\\\\\\\\\\\\\\\\\\\\\"code\\\\\\\\\\\\\\\\\\\\\\\\\\\\\\\":200,\\\\\\\\\\\\\\\\\\\\\\\\\\\\\\\"msg\\\\\\\\\\\\\\\\\\\\\\\\\\\\\\\":\\\\\\\\\\\\\\\\\\\\\\\\\\\\\\\"查询成功\\\\\\\\\\\\\\\\\\\\\\\\\\\\\\\",\\\\\\\\\\\\\\\\\\\\\\\\\\\\\\\"rows\\\\\\\\\\\\\\\\\\\\\\\\\\\\\\\":[{\\\\\\\\\\\\\\\\\\\\\\\\\\\\\\\"businessType\\\\\\\\\\\\\\\\\\\\\\\\\\\\\\\":0,\\\\\\\\\\\\\\\\\\\\\\\\\\\\\\\"deptName\\\\\\\\\\\\\\\\\\\\\\\\\\\\\\\":\\\\\\\\\\\\\\\\\\\\\\\\\\\\\\\"系统部门\\\\\\\\\\\\\\\\\\\\\\\\\\\\\\\",\\\\\\\\\\\\\\\\\\\\\\\\\\\\\\\"jsonResult\\\\\\\\\\\\\\\\\\\\\\\\\\\\\\\":\\\\\\\\\\\\\\\\\\\\\\\\\\\\\\\"{\\\\\\\\\\\\\\\\\\\\\\\\\\\\\\\\\\\\\\\\\\\\\\\\\\\\\\\\\\\\\\\"code\\\\\\\\\\\\\\\\\\\\\\\\\\\\\\\\\\\\\\\\\\\\\\\\\\\\\\\\\\\\\\\":200,\\\\\\\\\\\\\\\\\\\\\\\\\\\\\\\\\\\\\\\\\\\\\\\\\\\\\\\\\\\\\\\"msg\\\\\\\\\\\\\\\\\\\\\\\\\\\\\\\\\\\\\\\\\\\\\\\\\\\\\\\\\\\\\\\":\\\\\\\\\\\\\\\\\\\\\\\\\\\\\\\\\\\\\\\\\\\\\\\\\\\\\\\\\\\\\\\"查询成功\\\\\\\\\\\\\\\\\\\\\\\\\\\\\\\\\\\\\\\\\\\\\\\\\\\\\\\\\\\\\\\",\\\\\\\\\\\\\\\\\\\\\\\\\\\\\\\\\\\\\\\\\\\\\\\\\\\\\\\\\\\\\\\"rows\\\\\\\\\\\\\\\\\\\\\\\\\\\\\\\\\\\\\\\\\\\\\\\\\\\\\\\\\\\\\\\":[{\\\\\\\\\\\\\\\\\\\\\\\\\\\\\\\\\\\\\\\\\\\\\\\\\\\\\\\\\\\\\\\"businessType\\\\\\\\\\\\\\\\\\\\\\\\\\\\\\\\\\\\\\\\\\\\\\\\\\\\\\\\\\\\\\\":0,\\\\\\\\\\\\\\\\\\\\\\\\\\\\\\\\\\\\\\\\\\\\\\\\\\\\\\\\\\\\\\\"deptName\\\\\\\\\\\\\\\\\\\\\\\\\\\\\\\\\\\\\\\\\\\\\\\\\\\\\\\\\\\\\\\":\\\\\\\\\\\\\\\\\\\\\\\\\\\\\\\\\\\\\\\\\\\\\\\\\\\\\\\\\\\\\\\"系统部门\\\\\\\\\\\\\\\\\\\\\\\\\\\\\\\\\\\\\\\\\\\\\\\\\\\\\\\\\\\\\\\",\\\\\\\\\\\\\\\\\\\\\\\\\\\\\\\\\\\\\\\\\\\\\\\\\\\\\\\\\\\\\\\"jsonResult\\\\\\\\\\\\\\\\\\\\\\\\\\\\\\\\\\\\\\\\\\\\\\\\\\\\\\\\\\\\\\\":\\\\\\\\\\\\\\\\\\\\\\\\\\\\\\\\\\\\\\\\\\\\\\\\\\\\\\\\\\\\\\\"{\\\\\\\\\\\\\\\\\\\\\\\\\\\\\\\\\\\\\\\\\\\\\\\\\\\\\\\\\\\\\\\\\\\\\\\\\\\\\\\\\\\\\\\\\\\\\\\\\\\\\\\\\\\\\\\\\\\\\\\\\\\\\\\"code\\\\\\\\\\\\\\\\\\\\\\\\\\\\\\\\\\\\\\\\\\\\\\\\\\\\\\\\\\\\\\\\\\\\\\\\\\\\\\\\\\\\\\\\\\\\\\\\\\\\\\\\\\\\\\\\\\\\\\\\\\\\\\\":200,\\\\\\\\\\\\\\\\\\\\\\\\\\\\\\\\\\\\\\\\\\\\\\\\\\\\\\\\\\\\\\\\\\\\\\\\\\\\\\\\\\\\\\\\\\\\\\\\\\\\\\\\\\\\\\\\\\\\\\\\\\\\\\\"msg\\\\\\\\\\\\\\\\\\\\\\\\\\\\\\\\\\\\\\\\\\\\\\\\\\\\\\\\\\\\\\\\\\\\\\\\\\\\\\\\\\\\\\\\\\\\\\\\\\\\\\\\\\\\\\\\\\\\\\\\\\\\\\\":\\\\\\\\\\\\\\\\\\\\\\\\\\\\\\\\\\\\\\\\\\\\\\\\\\\\\\\\\\\\\\\\\\\\\\\\\\\\\\\\\\\\\\\\\\\\\\\\\\\\\\\\\\\\\\\\\\\\\\\\\\\\\\\"查询成功\\\\\\\\\\\\\\\\\\\\\\\\\\\\\\\\\\\\\\\\\\\\\\\\\\\\\\\\\\\\\\\\\\\\\\\\\\\\\\\\\\\\\\\\\\\\\\\\\\\\\\\\\\\\\\\\\\\\\\\\\\\\\\\",\\\\\\\\\\\\\\\\\\\\\\\\\\\\\\\\\\\\\\\\\\\\\\\\\\\\\\\\\\\\\\\\\\\\\\\\\\\\\\\\\\\\\\\\\\\\\\\\\\\\\\\\\\\\\\\\\\\\\\\\\\\\\\\"rows\\\\\\\\\\\\\\\\\\\\\\\\\\\\\\\\\\\\\\\\\\\\\\\\\\\\\\\\\\\\\\\\\\\\\\\\\\\\\\\\\\\\\\\\\\\\\\\\\\\\\\\\\\\\\\\\\\\\\\\\\\\\', 0, NULL, '2025-11-18 13:56:31');
INSERT INTO `class_oper_log` VALUES (185, '操作日志', 0, 'com.ruoyi.web.controller.proj_cyq.ClassOperLogController.list()', 'GET', 1, '系统用户', '系统部门', '/proj_cyq/operlog/list', '127.0.0.1', NULL, '{\"params\":{}}', '{\"code\":200,\"msg\":\"查询成功\",\"rows\":[{\"businessType\":0,\"deptName\":\"系统部门\",\"jsonResult\":\"{\\\"code\\\":200,\\\"msg\\\":\\\"查询成功\\\",\\\"rows\\\":[{\\\"businessType\\\":0,\\\"deptName\\\":\\\"系统部门\\\",\\\"jsonResult\\\":\\\"{\\\\\\\"code\\\\\\\":200,\\\\\\\"msg\\\\\\\":\\\\\\\"查询成功\\\\\\\",\\\\\\\"rows\\\\\\\":[{\\\\\\\"businessType\\\\\\\":0,\\\\\\\"deptName\\\\\\\":\\\\\\\"系统部门\\\\\\\",\\\\\\\"jsonResult\\\\\\\":\\\\\\\"{\\\\\\\\\\\\\\\"code\\\\\\\\\\\\\\\":200,\\\\\\\\\\\\\\\"msg\\\\\\\\\\\\\\\":\\\\\\\\\\\\\\\"查询成功\\\\\\\\\\\\\\\",\\\\\\\\\\\\\\\"rows\\\\\\\\\\\\\\\":[{\\\\\\\\\\\\\\\"businessType\\\\\\\\\\\\\\\":0,\\\\\\\\\\\\\\\"deptName\\\\\\\\\\\\\\\":\\\\\\\\\\\\\\\"系统部门\\\\\\\\\\\\\\\",\\\\\\\\\\\\\\\"jsonResult\\\\\\\\\\\\\\\":\\\\\\\\\\\\\\\"{\\\\\\\\\\\\\\\\\\\\\\\\\\\\\\\"code\\\\\\\\\\\\\\\\\\\\\\\\\\\\\\\":200,\\\\\\\\\\\\\\\\\\\\\\\\\\\\\\\"msg\\\\\\\\\\\\\\\\\\\\\\\\\\\\\\\":\\\\\\\\\\\\\\\\\\\\\\\\\\\\\\\"查询成功\\\\\\\\\\\\\\\\\\\\\\\\\\\\\\\",\\\\\\\\\\\\\\\\\\\\\\\\\\\\\\\"rows\\\\\\\\\\\\\\\\\\\\\\\\\\\\\\\":[{\\\\\\\\\\\\\\\\\\\\\\\\\\\\\\\"businessType\\\\\\\\\\\\\\\\\\\\\\\\\\\\\\\":0,\\\\\\\\\\\\\\\\\\\\\\\\\\\\\\\"deptName\\\\\\\\\\\\\\\\\\\\\\\\\\\\\\\":\\\\\\\\\\\\\\\\\\\\\\\\\\\\\\\"系统部门\\\\\\\\\\\\\\\\\\\\\\\\\\\\\\\",\\\\\\\\\\\\\\\\\\\\\\\\\\\\\\\"jsonResult\\\\\\\\\\\\\\\\\\\\\\\\\\\\\\\":\\\\\\\\\\\\\\\\\\\\\\\\\\\\\\\"{\\\\\\\\\\\\\\\\\\\\\\\\\\\\\\\\\\\\\\\\\\\\\\\\\\\\\\\\\\\\\\\"code\\\\\\\\\\\\\\\\\\\\\\\\\\\\\\\\\\\\\\\\\\\\\\\\\\\\\\\\\\\\\\\":200,\\\\\\\\\\\\\\\\\\\\\\\\\\\\\\\\\\\\\\\\\\\\\\\\\\\\\\\\\\\\\\\"msg\\\\\\\\\\\\\\\\\\\\\\\\\\\\\\\\\\\\\\\\\\\\\\\\\\\\\\\\\\\\\\\":\\\\\\\\\\\\\\\\\\\\\\\\\\\\\\\\\\\\\\\\\\\\\\\\\\\\\\\\\\\\\\\"查询成功\\\\\\\\\\\\\\\\\\\\\\\\\\\\\\\\\\\\\\\\\\\\\\\\\\\\\\\\\\\\\\\",\\\\\\\\\\\\\\\\\\\\\\\\\\\\\\\\\\\\\\\\\\\\\\\\\\\\\\\\\\\\\\\"rows\\\\\\\\\\\\\\\\\\\\\\\\\\\\\\\\\\\\\\\\\\\\\\\\\\\\\\\\\\\\\\\":[{\\\\\\\\\\\\\\\\\\\\\\\\\\\\\\\\\\\\\\\\\\\\\\\\\\\\\\\\\\\\\\\"businessType\\\\\\\\\\\\\\\\\\\\\\\\\\\\\\\\\\\\\\\\\\\\\\\\\\\\\\\\\\\\\\\":0,\\\\\\\\\\\\\\\\\\\\\\\\\\\\\\\\\\\\\\\\\\\\\\\\\\\\\\\\\\\\\\\"deptName\\\\\\\\\\\\\\\\\\\\\\\\\\\\\\\\\\\\\\\\\\\\\\\\\\\\\\\\\\\\\\\":\\\\\\\\\\\\\\\\\\\\\\\\\\\\\\\\\\\\\\\\\\\\\\\\\\\\\\\\\\\\\\\"系统部门\\\\\\\\\\\\\\\\\\\\\\\\\\\\\\\\\\\\\\\\\\\\\\\\\\\\\\\\\\\\\\\",\\\\\\\\\\\\\\\\\\\\\\\\\\\\\\\\\\\\\\\\\\\\\\\\\\\\\\\\\\\\\\\"jsonResult\\\\\\\\\\\\\\\\\\\\\\\\\\\\\\\\\\\\\\\\\\\\\\\\\\\\\\\\\\\\\\\":\\\\\\\\\\\\\\\\\\\\\\\\\\\\\\\\\\\\\\\\\\\\\\\\\\\\\\\\\\\\\\\"{\\\\\\\\\\\\\\\\\\\\\\\\\\\\\\\\\\\\\\\\\\\\\\\\\\\\\\\\\\\\\\\\\\\\\\\\\\\\\\\\\\\\\\\\\\\\\\\\\\\\\\\\\\\\\\\\\\\\\\\\\\\\\\\"code\\\\\\\\\\\\\\\\\\\\\\\\\\\\\\\\\\\\\\\\\\\\\\\\\\\\\\\\\\\\\\\\\\\\\\\\\\\\\\\\\\\\\\\\\\\\\\\\\\\\\\\\\\\\\\\\\\\\\\\\\\\\\\\":200,\\\\\\\\\\\\\\\\\\\\\\\\\\\\\\\\\\\\\\\\\\\\\\\\\\\\\\\\\\\\\\\\\\\\\\\\\\\\\\\\\\\\\\\\\\\\\\\\\\\\\\\\\\\\\\\\\\\\\\\\\\\\\\\"msg\\\\\\\\\\\\\\\\\\\\\\\\\\\\\\\\\\\\\\\\\\\\\\\\\\\\\\\\\\\\\\\\\\\\\\\\\\\\\\\\\\\\\\\\\\\\\\\\\\\\\\\\\\\\\\\\\\\\\\\\\\\\\\\":\\\\\\\\\\\\\\\\\\\\\\\\\\\\\\\\\\\\\\\\\\\\\\\\\\\\\\\\\\\\\\\\\\\\\\\\\\\\\\\\\\\\\\\\\\\\\\\\\\\\\\\\\\\\\\\\\\\\\\\\\\\\\\\"查询成功\\\\\\\\\\\\\\\\\\\\\\\\\\\\\\\\\\\\\\\\\\\\\\\\\\\\\\\\\\\\\\\\\\\\\\\\\\\\\\\\\\\\\\\\\\\\\\\\\\\\\\\\\\\\\\\\\\\\\\\\\\\\\\\",\\\\\\\\\\\\\\\\\\\\\\\\\\\\\\\\\\\\\\\\\\\\\\\\\\\\\\\\\\\\\\\\\\\\\\\\\\\\\\\\\\\\\\\\\\\\\\\\\\\\\\\\\\\\\\\\\\\\\\\\\\\\\\\"rows\\\\\\\\\\\\\\\\\\\\\\\\\\\\\\\\\\\\\\\\\\\\\\\\\\\\\\\\\\\\\\\\\\\\\\\\\\\\\\\\\\\\\\\\\\\\\\\\\\\\\\\\\\\\\\\\\\\\\\\\\\\\', 0, NULL, '2025-11-18 13:56:37');
INSERT INTO `class_oper_log` VALUES (186, '操作日志', 0, 'com.ruoyi.web.controller.proj_cyq.ClassOperLogController.list()', 'GET', 1, '系统用户', '系统部门', '/proj_cyq/operlog/list', '127.0.0.1', NULL, '{\"params\":{}}', '{\"code\":200,\"msg\":\"查询成功\",\"rows\":[{\"businessType\":0,\"deptName\":\"系统部门\",\"jsonResult\":\"{\\\"code\\\":200,\\\"msg\\\":\\\"查询成功\\\",\\\"rows\\\":[{\\\"businessType\\\":0,\\\"deptName\\\":\\\"系统部门\\\",\\\"jsonResult\\\":\\\"{\\\\\\\"code\\\\\\\":200,\\\\\\\"msg\\\\\\\":\\\\\\\"查询成功\\\\\\\",\\\\\\\"rows\\\\\\\":[{\\\\\\\"businessType\\\\\\\":0,\\\\\\\"deptName\\\\\\\":\\\\\\\"系统部门\\\\\\\",\\\\\\\"jsonResult\\\\\\\":\\\\\\\"{\\\\\\\\\\\\\\\"code\\\\\\\\\\\\\\\":200,\\\\\\\\\\\\\\\"msg\\\\\\\\\\\\\\\":\\\\\\\\\\\\\\\"查询成功\\\\\\\\\\\\\\\",\\\\\\\\\\\\\\\"rows\\\\\\\\\\\\\\\":[{\\\\\\\\\\\\\\\"businessType\\\\\\\\\\\\\\\":0,\\\\\\\\\\\\\\\"deptName\\\\\\\\\\\\\\\":\\\\\\\\\\\\\\\"系统部门\\\\\\\\\\\\\\\",\\\\\\\\\\\\\\\"jsonResult\\\\\\\\\\\\\\\":\\\\\\\\\\\\\\\"{\\\\\\\\\\\\\\\\\\\\\\\\\\\\\\\"code\\\\\\\\\\\\\\\\\\\\\\\\\\\\\\\":200,\\\\\\\\\\\\\\\\\\\\\\\\\\\\\\\"msg\\\\\\\\\\\\\\\\\\\\\\\\\\\\\\\":\\\\\\\\\\\\\\\\\\\\\\\\\\\\\\\"查询成功\\\\\\\\\\\\\\\\\\\\\\\\\\\\\\\",\\\\\\\\\\\\\\\\\\\\\\\\\\\\\\\"rows\\\\\\\\\\\\\\\\\\\\\\\\\\\\\\\":[{\\\\\\\\\\\\\\\\\\\\\\\\\\\\\\\"businessType\\\\\\\\\\\\\\\\\\\\\\\\\\\\\\\":0,\\\\\\\\\\\\\\\\\\\\\\\\\\\\\\\"deptName\\\\\\\\\\\\\\\\\\\\\\\\\\\\\\\":\\\\\\\\\\\\\\\\\\\\\\\\\\\\\\\"系统部门\\\\\\\\\\\\\\\\\\\\\\\\\\\\\\\",\\\\\\\\\\\\\\\\\\\\\\\\\\\\\\\"jsonResult\\\\\\\\\\\\\\\\\\\\\\\\\\\\\\\":\\\\\\\\\\\\\\\\\\\\\\\\\\\\\\\"{\\\\\\\\\\\\\\\\\\\\\\\\\\\\\\\\\\\\\\\\\\\\\\\\\\\\\\\\\\\\\\\"code\\\\\\\\\\\\\\\\\\\\\\\\\\\\\\\\\\\\\\\\\\\\\\\\\\\\\\\\\\\\\\\":200,\\\\\\\\\\\\\\\\\\\\\\\\\\\\\\\\\\\\\\\\\\\\\\\\\\\\\\\\\\\\\\\"msg\\\\\\\\\\\\\\\\\\\\\\\\\\\\\\\\\\\\\\\\\\\\\\\\\\\\\\\\\\\\\\\":\\\\\\\\\\\\\\\\\\\\\\\\\\\\\\\\\\\\\\\\\\\\\\\\\\\\\\\\\\\\\\\"查询成功\\\\\\\\\\\\\\\\\\\\\\\\\\\\\\\\\\\\\\\\\\\\\\\\\\\\\\\\\\\\\\\",\\\\\\\\\\\\\\\\\\\\\\\\\\\\\\\\\\\\\\\\\\\\\\\\\\\\\\\\\\\\\\\"rows\\\\\\\\\\\\\\\\\\\\\\\\\\\\\\\\\\\\\\\\\\\\\\\\\\\\\\\\\\\\\\\":[{\\\\\\\\\\\\\\\\\\\\\\\\\\\\\\\\\\\\\\\\\\\\\\\\\\\\\\\\\\\\\\\"businessType\\\\\\\\\\\\\\\\\\\\\\\\\\\\\\\\\\\\\\\\\\\\\\\\\\\\\\\\\\\\\\\":0,\\\\\\\\\\\\\\\\\\\\\\\\\\\\\\\\\\\\\\\\\\\\\\\\\\\\\\\\\\\\\\\"deptName\\\\\\\\\\\\\\\\\\\\\\\\\\\\\\\\\\\\\\\\\\\\\\\\\\\\\\\\\\\\\\\":\\\\\\\\\\\\\\\\\\\\\\\\\\\\\\\\\\\\\\\\\\\\\\\\\\\\\\\\\\\\\\\"系统部门\\\\\\\\\\\\\\\\\\\\\\\\\\\\\\\\\\\\\\\\\\\\\\\\\\\\\\\\\\\\\\\",\\\\\\\\\\\\\\\\\\\\\\\\\\\\\\\\\\\\\\\\\\\\\\\\\\\\\\\\\\\\\\\"jsonResult\\\\\\\\\\\\\\\\\\\\\\\\\\\\\\\\\\\\\\\\\\\\\\\\\\\\\\\\\\\\\\\":\\\\\\\\\\\\\\\\\\\\\\\\\\\\\\\\\\\\\\\\\\\\\\\\\\\\\\\\\\\\\\\"{\\\\\\\\\\\\\\\\\\\\\\\\\\\\\\\\\\\\\\\\\\\\\\\\\\\\\\\\\\\\\\\\\\\\\\\\\\\\\\\\\\\\\\\\\\\\\\\\\\\\\\\\\\\\\\\\\\\\\\\\\\\\\\\"code\\\\\\\\\\\\\\\\\\\\\\\\\\\\\\\\\\\\\\\\\\\\\\\\\\\\\\\\\\\\\\\\\\\\\\\\\\\\\\\\\\\\\\\\\\\\\\\\\\\\\\\\\\\\\\\\\\\\\\\\\\\\\\\":200,\\\\\\\\\\\\\\\\\\\\\\\\\\\\\\\\\\\\\\\\\\\\\\\\\\\\\\\\\\\\\\\\\\\\\\\\\\\\\\\\\\\\\\\\\\\\\\\\\\\\\\\\\\\\\\\\\\\\\\\\\\\\\\\"msg\\\\\\\\\\\\\\\\\\\\\\\\\\\\\\\\\\\\\\\\\\\\\\\\\\\\\\\\\\\\\\\\\\\\\\\\\\\\\\\\\\\\\\\\\\\\\\\\\\\\\\\\\\\\\\\\\\\\\\\\\\\\\\\":\\\\\\\\\\\\\\\\\\\\\\\\\\\\\\\\\\\\\\\\\\\\\\\\\\\\\\\\\\\\\\\\\\\\\\\\\\\\\\\\\\\\\\\\\\\\\\\\\\\\\\\\\\\\\\\\\\\\\\\\\\\\\\\"查询成功\\\\\\\\\\\\\\\\\\\\\\\\\\\\\\\\\\\\\\\\\\\\\\\\\\\\\\\\\\\\\\\\\\\\\\\\\\\\\\\\\\\\\\\\\\\\\\\\\\\\\\\\\\\\\\\\\\\\\\\\\\\\\\\",\\\\\\\\\\\\\\\\\\\\\\\\\\\\\\\\\\\\\\\\\\\\\\\\\\\\\\\\\\\\\\\\\\\\\\\\\\\\\\\\\\\\\\\\\\\\\\\\\\\\\\\\\\\\\\\\\\\\\\\\\\\\\\\"rows\\\\\\\\\\\\\\\\\\\\\\\\\\\\\\\\\\\\\\\\\\\\\\\\\\\\\\\\\\\\\\\\\\\\\\\\\\\\\\\\\\\\\\\\\\\\\\\\\\\\\\\\\\\\\\\\\\\\\\\\\\\\', 0, NULL, '2025-11-18 13:56:43');

-- ----------------------------
-- Table structure for class_random_pick
-- ----------------------------
DROP TABLE IF EXISTS `class_random_pick`;
CREATE TABLE `class_random_pick`  (
  `rpick_id` bigint NOT NULL AUTO_INCREMENT,
  `session_id` bigint NOT NULL COMMENT '课堂ID',
  `teacher_id` bigint NOT NULL COMMENT '教师ID',
  `student_id` bigint NOT NULL COMMENT '被抽学生ID',
  `pick_time` datetime NULL DEFAULT CURRENT_TIMESTAMP COMMENT '抽取时间',
  `round_no` int NULL DEFAULT 1 COMMENT '第几次抽人',
  `remark` varchar(255) CHARACTER SET utf8mb4 COLLATE utf8mb4_0900_ai_ci NULL DEFAULT NULL,
  PRIMARY KEY (`rpick_id`) USING BTREE,
  INDEX `idx_session_picktime`(`session_id` ASC, `pick_time` ASC) USING BTREE,
  INDEX `class_rpick`(`student_id` ASC) USING BTREE,
  CONSTRAINT `class_rpick` FOREIGN KEY (`student_id`) REFERENCES `class_student` (`student_id`) ON DELETE CASCADE ON UPDATE CASCADE,
  CONSTRAINT `class_rpick1` FOREIGN KEY (`session_id`) REFERENCES `class_session` (`session_id`) ON DELETE CASCADE ON UPDATE CASCADE
) ENGINE = InnoDB AUTO_INCREMENT = 44 CHARACTER SET = utf8mb4 COLLATE = utf8mb4_0900_ai_ci ROW_FORMAT = DYNAMIC;

-- ----------------------------
-- Records of class_random_pick
-- ----------------------------
INSERT INTO `class_random_pick` VALUES (32, 1, 0, 24, '2025-11-20 21:39:44', NULL, NULL);
INSERT INTO `class_random_pick` VALUES (33, 1, 0, 30, '2025-11-20 21:43:52', NULL, '汇报很棒 +3分');
INSERT INTO `class_random_pick` VALUES (34, 1, 0, 12, '2025-11-20 21:44:00', NULL, NULL);
INSERT INTO `class_random_pick` VALUES (35, 1, 0, 31, '2025-11-20 21:44:07', NULL, '主动回答 +2分');
INSERT INTO `class_random_pick` VALUES (39, 1, 0, 28, '2025-11-20 22:27:07', NULL, '上课睡觉没答出来 -1分');
INSERT INTO `class_random_pick` VALUES (40, 1, 0, 19, '2025-11-20 22:28:38', NULL, NULL);
INSERT INTO `class_random_pick` VALUES (41, 3, 0, 1, '2025-11-20 22:30:25', NULL, NULL);
INSERT INTO `class_random_pick` VALUES (42, 1, 0, 37, '2025-11-20 22:43:47', NULL, '被动回答 不加分');
INSERT INTO `class_random_pick` VALUES (43, 1, 0, 23, '2025-11-20 22:56:27', NULL, NULL);

-- ----------------------------
-- Table structure for class_session
-- ----------------------------
DROP TABLE IF EXISTS `class_session`;
CREATE TABLE `class_session`  (
  `session_id` bigint NOT NULL AUTO_INCREMENT,
  `class_name` varchar(50) CHARACTER SET utf8mb4 COLLATE utf8mb4_0900_ai_ci NOT NULL,
  `teacher_id` bigint NOT NULL,
  `status` tinyint NULL DEFAULT 0 COMMENT '0未开始 1进行中 2已结束',
  `total_students` int NULL DEFAULT NULL COMMENT '总人数',
  `teacher` varchar(500) CHARACTER SET utf8mb4 COLLATE utf8mb4_0900_ai_ci NULL DEFAULT NULL,
  `class_number` int NULL DEFAULT NULL,
  `create_by` varchar(64) CHARACTER SET utf8mb4 COLLATE utf8mb4_0900_ai_ci NULL DEFAULT '' COMMENT '创建者',
  `create_time` datetime NULL DEFAULT NULL COMMENT '创建时间',
  `update_by` varchar(64) CHARACTER SET utf8mb4 COLLATE utf8mb4_0900_ai_ci NULL DEFAULT '' COMMENT '更新者',
  `update_time` datetime NULL DEFAULT NULL COMMENT '更新时间',
  `course_id` bigint NULL DEFAULT NULL,
  `week_day` varchar(10) CHARACTER SET utf8mb4 COLLATE utf8mb4_0900_ai_ci NULL DEFAULT NULL COMMENT '星期几（1-7）',
  `class_duration` int NULL DEFAULT 45 COMMENT '每堂课时长（分钟）',
  `start_time` varchar(10) CHARACTER SET utf8mb4 COLLATE utf8mb4_0900_ai_ci NULL DEFAULT NULL COMMENT '上课时间（HH:mm）',
  `end_time` varchar(10) CHARACTER SET utf8mb4 COLLATE utf8mb4_0900_ai_ci NULL DEFAULT NULL COMMENT '下课时间（HH:mm）',
  PRIMARY KEY (`session_id`) USING BTREE,
  INDEX `fk_session_course`(`course_id` ASC) USING BTREE,
  CONSTRAINT `fk_session_course` FOREIGN KEY (`course_id`) REFERENCES `class_course` (`course_id`) ON DELETE RESTRICT ON UPDATE RESTRICT
) ENGINE = InnoDB AUTO_INCREMENT = 12 CHARACTER SET = utf8mb4 COLLATE = utf8mb4_0900_ai_ci ROW_FORMAT = DYNAMIC;

-- ----------------------------
-- Records of class_session
-- ----------------------------
INSERT INTO `class_session` VALUES (1, '研究与开发实践01', 1, 1, 50, 'A', 1, '', NULL, '', NULL, 1, '1', 45, '20:50', '20:50');
INSERT INTO `class_session` VALUES (3, '计算机金融应用', 3, 0, 30, 'C', 3, '', NULL, 'admin', '2025-10-31 21:49:01', 3, '1', 45, '20:57', '20:57');
INSERT INTO `class_session` VALUES (4, '研究与开发实践02', 2, 2, 42, 'B', 1, 'admin', '2025-10-31 21:55:44', 'admin', '2025-10-31 21:56:17', 1, '1', 45, '21:55', '21:55');
INSERT INTO `class_session` VALUES (7, '研究与开发实践03', 1, 0, 32, 'C', 1, 'admin', '2025-11-01 00:42:58', 'admin', '2025-11-04 20:42:55', 1, '1', 45, '12:00', '22:00');
INSERT INTO `class_session` VALUES (8, '数据库01', 1, 0, 30, '111', 2, 'admin', '2025-11-04 20:22:11', '', NULL, 5, '1', 45, '00:00', '20:22');
INSERT INTO `class_session` VALUES (9, '金融01', 1, 1, 37, '1', 3, 'admin', '2025-11-04 20:41:53', '', NULL, 6, '4', 60, '20:37', '20:57');
INSERT INTO `class_session` VALUES (10, '12111', 1, 0, 30, '121', NULL, 'admin', '2025-11-04 21:09:42', '', NULL, 7, '1', 45, '21:08', '21:11');
INSERT INTO `class_session` VALUES (11, '123123', 1, 0, 30, '111', NULL, 'admin', '2025-11-04 22:22:22', '', NULL, 8, '3', 50, '22:22', '22:28');

-- ----------------------------
-- Table structure for class_session_student
-- ----------------------------
DROP TABLE IF EXISTS `class_session_student`;
CREATE TABLE `class_session_student`  (
  `session_id` bigint NOT NULL COMMENT '课堂 session_id',
  `student_id` bigint NOT NULL COMMENT '学生 student_id',
  `assigned_at` datetime NULL DEFAULT CURRENT_TIMESTAMP COMMENT '分配时间（从旧数据迁移时填入）',
  PRIMARY KEY (`session_id`, `student_id`) USING BTREE,
  INDEX `idx_session`(`session_id` ASC) USING BTREE,
  INDEX `idx_student`(`student_id` ASC) USING BTREE,
  CONSTRAINT `fk_session_student_session` FOREIGN KEY (`session_id`) REFERENCES `class_session` (`session_id`) ON DELETE CASCADE ON UPDATE CASCADE,
  CONSTRAINT `fk_session_student_student` FOREIGN KEY (`student_id`) REFERENCES `class_student` (`student_id`) ON DELETE CASCADE ON UPDATE CASCADE
) ENGINE = InnoDB CHARACTER SET = utf8mb4 COLLATE = utf8mb4_unicode_ci COMMENT = '课堂与学生关联表（显式映射 session <-> student）' ROW_FORMAT = DYNAMIC;

-- ----------------------------
-- Records of class_session_student
-- ----------------------------
INSERT INTO `class_session_student` VALUES (1, 1, '2025-11-02 20:20:16');
INSERT INTO `class_session_student` VALUES (1, 2, '2025-11-02 20:20:16');
INSERT INTO `class_session_student` VALUES (1, 3, '2025-11-02 20:20:16');
INSERT INTO `class_session_student` VALUES (1, 4, '2025-11-02 20:20:16');
INSERT INTO `class_session_student` VALUES (1, 5, '2025-11-02 20:20:16');
INSERT INTO `class_session_student` VALUES (1, 6, '2025-11-02 20:20:16');
INSERT INTO `class_session_student` VALUES (1, 7, '2025-11-02 20:20:16');
INSERT INTO `class_session_student` VALUES (1, 8, '2025-11-02 20:20:16');
INSERT INTO `class_session_student` VALUES (1, 9, '2025-11-02 20:20:16');
INSERT INTO `class_session_student` VALUES (1, 10, '2025-11-02 20:20:16');
INSERT INTO `class_session_student` VALUES (1, 11, '2025-11-02 20:20:16');
INSERT INTO `class_session_student` VALUES (1, 12, '2025-11-02 20:20:16');
INSERT INTO `class_session_student` VALUES (1, 13, '2025-11-02 20:20:16');
INSERT INTO `class_session_student` VALUES (1, 14, '2025-11-02 20:20:16');
INSERT INTO `class_session_student` VALUES (1, 15, '2025-11-02 20:20:16');
INSERT INTO `class_session_student` VALUES (1, 16, '2025-11-02 20:20:16');
INSERT INTO `class_session_student` VALUES (1, 17, '2025-11-02 20:20:16');
INSERT INTO `class_session_student` VALUES (1, 18, '2025-11-02 20:20:16');
INSERT INTO `class_session_student` VALUES (1, 19, '2025-11-02 20:20:16');
INSERT INTO `class_session_student` VALUES (1, 20, '2025-11-02 20:20:16');
INSERT INTO `class_session_student` VALUES (1, 21, '2025-11-02 20:20:16');
INSERT INTO `class_session_student` VALUES (1, 22, '2025-11-02 20:20:16');
INSERT INTO `class_session_student` VALUES (1, 23, '2025-11-02 20:20:16');
INSERT INTO `class_session_student` VALUES (1, 24, '2025-11-02 20:20:16');
INSERT INTO `class_session_student` VALUES (1, 25, '2025-11-02 20:20:16');
INSERT INTO `class_session_student` VALUES (1, 26, '2025-11-02 20:20:16');
INSERT INTO `class_session_student` VALUES (1, 27, '2025-11-02 20:20:16');
INSERT INTO `class_session_student` VALUES (1, 28, '2025-11-02 20:20:16');
INSERT INTO `class_session_student` VALUES (1, 29, '2025-11-02 20:20:16');
INSERT INTO `class_session_student` VALUES (1, 30, '2025-11-02 20:20:16');
INSERT INTO `class_session_student` VALUES (1, 31, '2025-11-02 20:20:16');
INSERT INTO `class_session_student` VALUES (1, 32, '2025-11-02 20:20:16');
INSERT INTO `class_session_student` VALUES (1, 33, '2025-11-02 20:20:16');
INSERT INTO `class_session_student` VALUES (1, 34, '2025-11-02 20:20:16');
INSERT INTO `class_session_student` VALUES (1, 35, '2025-11-02 20:20:16');
INSERT INTO `class_session_student` VALUES (1, 36, '2025-11-02 20:20:16');
INSERT INTO `class_session_student` VALUES (1, 37, '2025-11-02 20:20:16');
INSERT INTO `class_session_student` VALUES (1, 38, '2025-11-02 20:20:16');
INSERT INTO `class_session_student` VALUES (1, 39, '2025-11-02 20:20:16');
INSERT INTO `class_session_student` VALUES (1, 40, '2025-11-02 20:20:16');
INSERT INTO `class_session_student` VALUES (3, 1, '2025-11-20 21:37:41');
INSERT INTO `class_session_student` VALUES (3, 2, '2025-11-20 21:37:45');
INSERT INTO `class_session_student` VALUES (3, 3, '2025-11-20 21:37:48');

-- ----------------------------
-- Table structure for class_student
-- ----------------------------
DROP TABLE IF EXISTS `class_student`;
CREATE TABLE `class_student`  (
  `student_id` bigint NOT NULL AUTO_INCREMENT COMMENT '学生ID',
  `student_no` varchar(50) CHARACTER SET utf8mb4 COLLATE utf8mb4_0900_ai_ci NOT NULL COMMENT '学号',
  `student_name` varchar(100) CHARACTER SET utf8mb4 COLLATE utf8mb4_0900_ai_ci NOT NULL COMMENT '学生姓名',
  `gender` char(1) CHARACTER SET utf8mb4 COLLATE utf8mb4_0900_ai_ci NULL DEFAULT NULL COMMENT '性别 M/F',
  `class_name` varchar(100) CHARACTER SET utf8mb4 COLLATE utf8mb4_0900_ai_ci NULL DEFAULT NULL COMMENT '所属班级',
  `phone` varchar(20) CHARACTER SET utf8mb4 COLLATE utf8mb4_0900_ai_ci NULL DEFAULT NULL COMMENT '联系方式',
  `email` varchar(100) CHARACTER SET utf8mb4 COLLATE utf8mb4_0900_ai_ci NULL DEFAULT NULL COMMENT '邮箱',
  `create_time` datetime NULL DEFAULT CURRENT_TIMESTAMP,
  `update_time` datetime NULL DEFAULT CURRENT_TIMESTAMP ON UPDATE CURRENT_TIMESTAMP,
  `status` tinyint NULL DEFAULT 1 COMMENT '1在读 0退学',
  PRIMARY KEY (`student_id`) USING BTREE,
  UNIQUE INDEX `student_no`(`student_no` ASC) USING BTREE
) ENGINE = InnoDB AUTO_INCREMENT = 50 CHARACTER SET = utf8mb4 COLLATE = utf8mb4_0900_ai_ci COMMENT = '学生信息表' ROW_FORMAT = DYNAMIC;

-- ----------------------------
-- Records of class_student
-- ----------------------------
INSERT INTO `class_student` VALUES (1, '2022141460087', '贺英洲', NULL, NULL, NULL, NULL, '2025-10-26 14:15:37', '2025-11-01 15:57:02', 1);
INSERT INTO `class_student` VALUES (2, '2022141460092', '刘成伟', NULL, NULL, NULL, NULL, '2025-10-26 14:15:37', '2025-11-01 15:57:02', 1);
INSERT INTO `class_student` VALUES (3, '2022141460189', '陈禹岐', NULL, NULL, NULL, NULL, '2025-10-26 14:15:37', '2025-11-01 15:57:02', 1);
INSERT INTO `class_student` VALUES (4, '2022141460306', '王际华', NULL, NULL, NULL, NULL, '2025-10-26 14:15:37', '2025-11-01 15:57:02', 1);
INSERT INTO `class_student` VALUES (5, '2023141460332', '邹易言', NULL, NULL, NULL, NULL, '2025-10-26 14:15:37', '2025-11-01 15:57:02', 1);
INSERT INTO `class_student` VALUES (6, '2023141460333', '白桂源', NULL, NULL, NULL, NULL, '2025-10-26 14:15:37', '2025-11-01 15:57:02', 1);
INSERT INTO `class_student` VALUES (7, '2023141460334', '李卓航', NULL, NULL, NULL, NULL, '2025-10-26 14:15:37', '2025-11-01 15:57:02', 1);
INSERT INTO `class_student` VALUES (8, '2023141460335', '肖翰宇', NULL, NULL, NULL, NULL, '2025-10-26 14:15:37', '2025-11-01 15:57:02', 1);
INSERT INTO `class_student` VALUES (9, '2023141460336', '谢东廷', NULL, NULL, NULL, NULL, '2025-10-26 14:15:37', '2025-11-01 15:57:02', 1);
INSERT INTO `class_student` VALUES (10, '2023141460337', '黄正国', NULL, NULL, NULL, NULL, '2025-10-26 14:15:37', '2025-11-01 15:57:02', 1);
INSERT INTO `class_student` VALUES (11, '2023141460339', '孙清正', NULL, NULL, NULL, NULL, '2025-10-26 14:15:37', '2025-11-01 15:57:02', 1);
INSERT INTO `class_student` VALUES (12, '2023141460341', '毛国屹', NULL, NULL, NULL, NULL, '2025-10-26 14:15:37', '2025-11-01 15:57:02', 1);
INSERT INTO `class_student` VALUES (13, '2023141460342', '徐雷博', NULL, NULL, NULL, NULL, '2025-10-26 14:15:37', '2025-11-01 15:57:02', 1);
INSERT INTO `class_student` VALUES (14, '2023141460343', '温芃磊', NULL, NULL, NULL, NULL, '2025-10-26 14:15:37', '2025-11-01 15:57:02', 1);
INSERT INTO `class_student` VALUES (15, '2023141460344', '卜天一', NULL, NULL, NULL, NULL, '2025-10-26 14:15:37', '2025-11-01 15:57:02', 1);
INSERT INTO `class_student` VALUES (16, '2023141460345', '王慧卓', NULL, NULL, NULL, NULL, '2025-10-26 14:15:37', '2025-11-01 15:57:02', 1);
INSERT INTO `class_student` VALUES (17, '2023141460346', '卢昊', NULL, NULL, NULL, NULL, '2025-10-26 14:15:37', '2025-11-01 15:57:14', 1);
INSERT INTO `class_student` VALUES (18, '2023141460347', '朱藩林', NULL, NULL, NULL, NULL, '2025-10-26 14:15:37', '2025-11-01 15:57:02', 1);
INSERT INTO `class_student` VALUES (19, '2023141460348', '李为', NULL, NULL, NULL, NULL, '2025-10-26 14:15:37', '2025-11-01 16:01:02', 1);
INSERT INTO `class_student` VALUES (20, '2023141460349', '岂皓月', NULL, NULL, NULL, NULL, '2025-10-26 14:15:37', '2025-11-01 15:57:02', 1);
INSERT INTO `class_student` VALUES (21, '2023141460350', '陈殷琦', NULL, NULL, NULL, NULL, '2025-10-26 14:15:37', '2025-11-01 15:57:02', 1);
INSERT INTO `class_student` VALUES (22, '2023141460352', '程晨', NULL, NULL, NULL, NULL, '2025-10-26 14:15:37', '2025-11-01 15:57:02', 1);
INSERT INTO `class_student` VALUES (23, '2023141460353', '邹雨航', NULL, NULL, NULL, NULL, '2025-10-26 14:15:37', '2025-11-01 15:57:02', 1);
INSERT INTO `class_student` VALUES (24, '2023141460354', '周雨龙', NULL, NULL, NULL, NULL, '2025-10-26 14:15:37', '2025-11-01 15:57:02', 1);
INSERT INTO `class_student` VALUES (25, '2023141460355', '陈昱都', NULL, NULL, NULL, NULL, '2025-10-26 14:15:37', '2025-11-01 15:57:02', 1);
INSERT INTO `class_student` VALUES (26, '2023141460356', '罗允绩', NULL, NULL, NULL, NULL, '2025-10-26 14:15:37', '2025-11-01 15:57:02', 1);
INSERT INTO `class_student` VALUES (27, '2023141460357', '张越', NULL, NULL, NULL, NULL, '2025-10-26 14:15:37', '2025-11-01 15:57:02', 1);
INSERT INTO `class_student` VALUES (28, '2023141460358', '吴昱稼', NULL, NULL, NULL, NULL, '2025-10-26 14:15:37', '2025-11-01 15:57:02', 1);
INSERT INTO `class_student` VALUES (29, '2023141460359', '王远贵', NULL, NULL, NULL, NULL, '2025-10-26 14:15:37', '2025-11-01 15:57:02', 1);
INSERT INTO `class_student` VALUES (30, '2023141460360', '范彭融', NULL, NULL, NULL, NULL, '2025-10-26 14:15:37', '2025-11-01 15:57:02', 1);
INSERT INTO `class_student` VALUES (31, '2023141460361', '朱传龙', NULL, NULL, NULL, NULL, '2025-10-26 14:15:37', '2025-11-01 15:57:02', 1);
INSERT INTO `class_student` VALUES (32, '2023141460362', '张瑾伦', NULL, NULL, NULL, NULL, '2025-10-26 14:15:37', '2025-11-01 15:57:02', 1);
INSERT INTO `class_student` VALUES (33, '2023141460363', '孙家鹤', NULL, NULL, NULL, NULL, '2025-10-26 14:15:37', '2025-11-01 15:57:02', 1);
INSERT INTO `class_student` VALUES (34, '2023141460364', '孙宏森', NULL, NULL, NULL, NULL, '2025-10-26 14:15:37', '2025-11-01 15:57:02', 1);
INSERT INTO `class_student` VALUES (35, '2023141460365', '官前锦', NULL, NULL, NULL, NULL, '2025-10-26 14:15:37', '2025-11-01 15:57:02', 1);
INSERT INTO `class_student` VALUES (36, '2023141460366', '方锦阳', NULL, NULL, NULL, NULL, '2025-10-26 14:15:37', '2025-11-01 15:57:02', 1);
INSERT INTO `class_student` VALUES (37, '2023141460367', '熊眭杨', NULL, NULL, NULL, NULL, '2025-10-26 14:15:37', '2025-11-01 15:57:02', 1);
INSERT INTO `class_student` VALUES (38, '2023141460368', '黎文靖', NULL, NULL, NULL, NULL, '2025-10-26 14:15:37', '2025-11-01 15:57:02', 1);
INSERT INTO `class_student` VALUES (39, '2023141460369', '符桢', NULL, NULL, NULL, NULL, '2025-10-26 14:15:37', '2025-11-01 15:57:02', 1);
INSERT INTO `class_student` VALUES (40, '2023141460370', '刘伊鸣', NULL, NULL, NULL, NULL, '2025-10-26 14:15:37', '2025-11-01 15:57:02', 1);
INSERT INTO `class_student` VALUES (41, 'S001', '张三', 'M', '测试班级-在线课堂', '13800000001', 's001@example.com', '2025-11-02 19:40:01', '2025-11-02 19:40:01', 1);
INSERT INTO `class_student` VALUES (42, 'S002', '李四', 'F', '测试班级-在线课堂', '13800000002', 's002@example.com', '2025-11-02 19:40:01', '2025-11-02 19:40:01', 1);
INSERT INTO `class_student` VALUES (43, 'S003', '王五', 'M', '测试班级-在线课堂', '13800000003', 's003@example.com', '2025-11-02 19:40:01', '2025-11-02 19:40:01', 1);

-- ----------------------------
-- Table structure for class_student_homework
-- ----------------------------
DROP TABLE IF EXISTS `class_student_homework`;
CREATE TABLE `class_student_homework`  (
  `id` bigint NOT NULL AUTO_INCREMENT COMMENT '主键ID',
  `homework_id` bigint NOT NULL COMMENT '作业ID',
  `student_id` bigint NOT NULL COMMENT '学生ID',
  `student_name` varchar(50) CHARACTER SET utf8mb4 COLLATE utf8mb4_0900_ai_ci NULL DEFAULT '' COMMENT '学生姓名',
  `submit_content` text CHARACTER SET utf8mb4 COLLATE utf8mb4_0900_ai_ci NULL COMMENT '提交内容',
  `submission_files` varchar(1000) CHARACTER SET utf8mb4 COLLATE utf8mb4_0900_ai_ci NULL DEFAULT '' COMMENT '提交文件路径',
  `file_name` varchar(255) CHARACTER SET utf8mb4 COLLATE utf8mb4_0900_ai_ci NULL DEFAULT NULL COMMENT '文件原名',
  `file_size` bigint NULL DEFAULT NULL COMMENT '文件大小',
  `submit_time` datetime NULL DEFAULT NULL COMMENT '提交时间',
  `version` int NULL DEFAULT 1 COMMENT '提交版本',
  `grade` decimal(5, 2) NULL DEFAULT NULL COMMENT '得分',
  `grade_comment` varchar(500) CHARACTER SET utf8mb4 COLLATE utf8mb4_0900_ai_ci NULL DEFAULT '' COMMENT '评语',
  `status` char(1) CHARACTER SET utf8mb4 COLLATE utf8mb4_0900_ai_ci NULL DEFAULT '0' COMMENT '状态（0未提交 1已提交 2已批改 3逾期）',
  `create_by` varchar(64) CHARACTER SET utf8mb4 COLLATE utf8mb4_0900_ai_ci NULL DEFAULT '' COMMENT '创建者',
  `create_time` datetime NULL DEFAULT NULL COMMENT '创建时间',
  `update_by` varchar(64) CHARACTER SET utf8mb4 COLLATE utf8mb4_0900_ai_ci NULL DEFAULT '' COMMENT '更新者',
  `update_time` datetime NULL DEFAULT NULL COMMENT '更新时间',
  `is_graded` tinyint(1) NULL DEFAULT 0 COMMENT '是否已批改：0-未批改 1-已批改',
  `corrected_by` bigint NULL DEFAULT NULL COMMENT '批改教师ID',
  `corrected_time` datetime NULL DEFAULT NULL COMMENT '批改时间',
  `grade_attachment` varchar(1000) CHARACTER SET utf8mb4 COLLATE utf8mb4_0900_ai_ci NULL DEFAULT NULL COMMENT '批改附件',
  `word_count` int NULL DEFAULT 0 COMMENT '作业字数',
  `student_no` varchar(50) CHARACTER SET utf8mb4 COLLATE utf8mb4_0900_ai_ci NULL DEFAULT NULL COMMENT '学号',
  PRIMARY KEY (`id`) USING BTREE,
  INDEX `idx_homework_id`(`homework_id` ASC) USING BTREE,
  INDEX `idx_student_id`(`student_id` ASC) USING BTREE,
  INDEX `idx_status`(`status` ASC) USING BTREE,
  INDEX `idx_is_graded`(`is_graded` ASC) USING BTREE,
  INDEX `idx_corrected_time`(`corrected_time` ASC) USING BTREE
) ENGINE = InnoDB AUTO_INCREMENT = 24 CHARACTER SET = utf8mb4 COLLATE = utf8mb4_0900_ai_ci COMMENT = '学生作业表' ROW_FORMAT = DYNAMIC;

-- ----------------------------
-- Records of class_student_homework
-- ----------------------------
INSERT INTO `class_student_homework` VALUES (5, 8, 12121111, '', NULL, '改革开放史论文撰写模板.doc', NULL, NULL, '2025-11-01 15:13:53', 1, NULL, '', '1', 'admin', '2025-11-01 15:13:52', '', NULL, 0, NULL, NULL, NULL, 0, NULL);
INSERT INTO `class_student_homework` VALUES (15, 20, 38, '黎文靖', NULL, '测试作业.docx', NULL, NULL, '2025-11-09 16:28:57', 1, NULL, '', '1', 'admin', '2025-11-09 16:28:57', '', NULL, 0, NULL, NULL, NULL, 0, '2023141460368');
INSERT INTO `class_student_homework` VALUES (16, 22, 38, '黎文靖', NULL, '测试作业.docx', NULL, NULL, '2025-11-13 01:51:02', 1, NULL, '', '1', 'admin', '2025-11-13 01:51:02', '', NULL, 0, NULL, NULL, NULL, 0, '2023141460368');
INSERT INTO `class_student_homework` VALUES (17, 23, 38, '黎文靖', NULL, '测试作业.docx', NULL, NULL, '2025-11-13 01:58:06', 1, 90.00, 'q', '1', 'admin', '2025-11-13 01:58:06', 'admin', '2025-11-13 02:28:52', 1, 1, '2025-11-13 02:28:53', NULL, 0, '2023141460368');
INSERT INTO `class_student_homework` VALUES (18, 24, 38, '黎文靖', NULL, NULL, NULL, NULL, '2025-11-13 02:02:13', 1, 95.00, '', '2', 'admin', '2025-11-13 02:01:37', 'admin', '2025-11-13 02:02:12', 0, NULL, NULL, NULL, 0, '2023141460368');
INSERT INTO `class_student_homework` VALUES (19, 25, 38, '黎文靖', NULL, NULL, NULL, NULL, '2025-11-13 02:18:37', 1, 100.00, '', '2', 'admin', '2025-11-13 02:17:54', 'admin', '2025-11-13 02:18:37', 0, NULL, NULL, NULL, 0, '2023141460368');
INSERT INTO `class_student_homework` VALUES (20, 26, 38, '黎文靖', NULL, '测试作业.docx', NULL, NULL, '2025-11-13 02:29:57', 1, 99.00, '', '1', 'admin', '2025-11-13 02:29:56', 'admin', '2025-11-13 02:31:06', 1, 1, '2025-11-13 02:31:07', NULL, 0, '2023141460368');
INSERT INTO `class_student_homework` VALUES (21, 27, 38, '黎文靖', NULL, '测试作业.docx', NULL, NULL, '2025-11-13 17:00:29', 1, NULL, '', NULL, 'admin', '2025-11-13 17:00:08', 'admin', '2025-11-13 17:00:28', 0, NULL, NULL, NULL, 0, '2023141460368');

-- ----------------------------
-- Table structure for class_todo
-- ----------------------------
DROP TABLE IF EXISTS `class_todo`;
CREATE TABLE `class_todo`  (
  `todo_id` bigint NOT NULL AUTO_INCREMENT COMMENT '待办ID',
  `user_id` bigint NOT NULL COMMENT '用户ID',
  `title` varchar(255) CHARACTER SET utf8mb4 COLLATE utf8mb4_0900_ai_ci NOT NULL COMMENT '待办标题',
  `content` text CHARACTER SET utf8mb4 COLLATE utf8mb4_0900_ai_ci NULL COMMENT '待办内容',
  `todo_type` varchar(50) CHARACTER SET utf8mb4 COLLATE utf8mb4_0900_ai_ci NULL DEFAULT NULL COMMENT '待办类型',
  `priority` char(1) CHARACTER SET utf8mb4 COLLATE utf8mb4_0900_ai_ci NULL DEFAULT '0' COMMENT '优先级（0低 1中 2高）',
  `start_time` datetime NULL DEFAULT NULL,
  `end_time` datetime NOT NULL,
  `status` char(1) CHARACTER SET utf8mb4 COLLATE utf8mb4_0900_ai_ci NULL DEFAULT '0' COMMENT '状态（0未完成 1完成 2过期）',
  `remind_time` datetime NULL DEFAULT NULL,
  `is_reminded` char(1) CHARACTER SET utf8mb4 COLLATE utf8mb4_0900_ai_ci NULL DEFAULT '0' COMMENT '是否已提醒',
  `create_by` varchar(64) CHARACTER SET utf8mb4 COLLATE utf8mb4_0900_ai_ci NULL DEFAULT '' COMMENT '创建者',
  `create_time` datetime NULL DEFAULT NULL,
  `update_by` varchar(64) CHARACTER SET utf8mb4 COLLATE utf8mb4_0900_ai_ci NULL DEFAULT '' COMMENT '更新者',
  `update_time` datetime NULL DEFAULT NULL,
  `remark` varchar(500) CHARACTER SET utf8mb4 COLLATE utf8mb4_0900_ai_ci NULL DEFAULT NULL COMMENT '备注',
  `message_status` char(1) CHARACTER SET utf8mb4 COLLATE utf8mb4_0900_ai_ci NULL DEFAULT '0' COMMENT '消息状态（0正常 1消息已删除）',
  `message_read` char(1) CHARACTER SET utf8mb4 COLLATE utf8mb4_0900_ai_ci NULL DEFAULT '0' COMMENT '消息是否已读（0未读 1已读）',
  `sequence_number` int NULL DEFAULT NULL,
  PRIMARY KEY (`todo_id`) USING BTREE,
  UNIQUE INDEX `sequence_number`(`sequence_number` ASC) USING BTREE,
  INDEX `idx_user_id`(`user_id` ASC) USING BTREE,
  INDEX `idx_end_time`(`end_time` ASC) USING BTREE,
  INDEX `idx_status`(`status` ASC) USING BTREE,
  INDEX `idx_todo_type`(`todo_type` ASC) USING BTREE,
  INDEX `idx_priority`(`priority` ASC) USING BTREE,
  INDEX `idx_create_time`(`create_time` ASC) USING BTREE,
  INDEX `idx_message_status`(`message_status` ASC) USING BTREE,
  INDEX `idx_message_read`(`message_read` ASC) USING BTREE,
  INDEX `idx_sequence_number`(`sequence_number` ASC) USING BTREE
) ENGINE = InnoDB AUTO_INCREMENT = 24 CHARACTER SET = utf8mb4 COLLATE = utf8mb4_0900_ai_ci COMMENT = '待办事项表' ROW_FORMAT = DYNAMIC;

-- ----------------------------
-- Records of class_todo
-- ----------------------------
INSERT INTO `class_todo` VALUES (1, 1, '完成Java作业', '完成Java程序设计第三章的编程作业', 'study', '2', '2024-01-15 09:00:00', '2024-01-20 23:59:59', '0', '2024-01-19 23:59:59', NULL, 'admin', '2025-11-01 23:55:43', 'admin', '2025-11-02 15:33:43', '重要作业，需要认真完成', NULL, '1', 1);
INSERT INTO `class_todo` VALUES (2, 1, '项目会议', '参加项目进度汇报会议', 'study', '1', '2024-01-16 14:00:00', '2024-01-16 16:00:00', '0', '2024-01-15 16:00:00', NULL, 'admin', '2025-11-01 23:55:43', 'admin', '2025-11-02 05:05:14', '需要准备项目进度PPT', '0', '1', 2);
INSERT INTO `class_todo` VALUES (3, 1, '购买生活用品', '去超市购买日常生活用品', 'life', '0', '2024-01-17 18:00:00', '2024-01-18 20:00:00', '0', '2024-01-17 20:00:00', '1', 'admin', '2025-11-01 23:55:43', 'admin', '2025-11-02 05:58:33', '记得带购物袋', '1', NULL, 3);
INSERT INTO `class_todo` VALUES (4, 1, '研究与开发', '111', 'other', '2', '2025-11-02 01:42:54', '2025-11-05 00:00:00', '1', '2025-11-04 00:00:00', '1', 'admin', '2025-11-02 01:43:03', 'admin', '2025-11-02 05:05:23', NULL, '0', '0', 4);
INSERT INTO `class_todo` VALUES (12, 1, '人工智能', '1', 'work', '0', '2025-11-01 00:00:00', '2025-11-02 05:17:23', '2', '2025-11-01 05:17:23', '0', 'admin', '2025-11-02 05:17:26', NULL, NULL, NULL, '0', '0', 5);
INSERT INTO `class_todo` VALUES (13, 1, '1', '1', 'study', '0', '2025-11-02 05:30:32', '2025-11-07 00:00:00', '0', '2025-11-06 00:00:00', '0', 'admin', '2025-11-02 05:30:38', 'admin', '2025-11-02 15:33:43', NULL, NULL, '1', 6);
INSERT INTO `class_todo` VALUES (14, 1, '做什么呢', '做做做', 'life', '2', '2025-11-04 22:52:08', '2025-11-04 22:52:11', '0', '2025-11-03 22:52:11', '0', 'admin', '2025-11-04 22:52:14', NULL, NULL, NULL, '0', '0', 7);
INSERT INTO `class_todo` VALUES (15, 1, '121112212121', 'AAAsss', 'study', '1', '2025-11-07 11:14:00', '2025-11-29 00:00:00', '0', '2025-11-28 00:00:00', '0', 'admin', '2025-11-07 11:14:07', 'admin', '2025-11-07 11:14:18', NULL, '1', NULL, 8);
INSERT INTO `class_todo` VALUES (20, 100, '1', '1', 'study', '0', '2025-11-12 11:33:30', '2025-11-29 00:00:00', '0', '2025-11-28 00:00:00', '0', 'teacher_zhang', '2025-11-12 11:33:35', 'teacher_zhang', '2025-11-12 15:28:46', NULL, NULL, '1', 9);
INSERT INTO `class_todo` VALUES (21, 100, '改作业', '批改作业', 'work', '1', '2025-11-12 11:50:23', '2025-11-13 00:00:00', '0', '2025-11-12 00:00:00', '0', 'teacher_zhang', '2025-11-12 11:50:28', 'teacher_zhang', '2025-11-12 15:28:46', NULL, NULL, '1', NULL);
INSERT INTO `class_todo` VALUES (22, 100, 'AA', 'AAA', 'study', '2', '2025-11-12 15:39:43', '2025-11-29 00:00:00', '0', '2025-11-28 00:00:00', '0', 'teacher_zhang', '2025-11-12 15:39:47', NULL, NULL, NULL, '0', '0', NULL);
INSERT INTO `class_todo` VALUES (23, 101, '做什么', '1', 'study', '1', '2025-11-12 15:52:41', '2025-11-29 00:00:00', '0', '2025-11-28 00:00:00', '0', 'student_li', '2025-11-12 15:52:45', NULL, NULL, NULL, '0', '0', NULL);

-- ----------------------------
-- Table structure for gen_table
-- ----------------------------
DROP TABLE IF EXISTS `gen_table`;
CREATE TABLE `gen_table`  (
  `table_id` bigint NOT NULL AUTO_INCREMENT COMMENT '编号',
  `table_name` varchar(200) CHARACTER SET utf8mb4 COLLATE utf8mb4_0900_ai_ci NULL DEFAULT '' COMMENT '表名称',
  `table_comment` varchar(500) CHARACTER SET utf8mb4 COLLATE utf8mb4_0900_ai_ci NULL DEFAULT '' COMMENT '表描述',
  `sub_table_name` varchar(64) CHARACTER SET utf8mb4 COLLATE utf8mb4_0900_ai_ci NULL DEFAULT NULL COMMENT '关联子表的表名',
  `sub_table_fk_name` varchar(64) CHARACTER SET utf8mb4 COLLATE utf8mb4_0900_ai_ci NULL DEFAULT NULL COMMENT '子表关联的外键名',
  `class_name` varchar(100) CHARACTER SET utf8mb4 COLLATE utf8mb4_0900_ai_ci NULL DEFAULT '' COMMENT '实体类名称',
  `tpl_category` varchar(200) CHARACTER SET utf8mb4 COLLATE utf8mb4_0900_ai_ci NULL DEFAULT 'crud' COMMENT '使用的模板（crud单表操作 tree树表操作）',
  `tpl_web_type` varchar(30) CHARACTER SET utf8mb4 COLLATE utf8mb4_0900_ai_ci NULL DEFAULT '' COMMENT '前端模板类型（element-ui模版 element-plus模版）',
  `package_name` varchar(100) CHARACTER SET utf8mb4 COLLATE utf8mb4_0900_ai_ci NULL DEFAULT NULL COMMENT '生成包路径',
  `module_name` varchar(30) CHARACTER SET utf8mb4 COLLATE utf8mb4_0900_ai_ci NULL DEFAULT NULL COMMENT '生成模块名',
  `business_name` varchar(30) CHARACTER SET utf8mb4 COLLATE utf8mb4_0900_ai_ci NULL DEFAULT NULL COMMENT '生成业务名',
  `function_name` varchar(50) CHARACTER SET utf8mb4 COLLATE utf8mb4_0900_ai_ci NULL DEFAULT NULL COMMENT '生成功能名',
  `function_author` varchar(50) CHARACTER SET utf8mb4 COLLATE utf8mb4_0900_ai_ci NULL DEFAULT NULL COMMENT '生成功能作者',
  `gen_type` char(1) CHARACTER SET utf8mb4 COLLATE utf8mb4_0900_ai_ci NULL DEFAULT '0' COMMENT '生成代码方式（0zip压缩包 1自定义路径）',
  `gen_path` varchar(200) CHARACTER SET utf8mb4 COLLATE utf8mb4_0900_ai_ci NULL DEFAULT '/' COMMENT '生成路径（不填默认项目路径）',
  `options` varchar(1000) CHARACTER SET utf8mb4 COLLATE utf8mb4_0900_ai_ci NULL DEFAULT NULL COMMENT '其它生成选项',
  `create_by` varchar(64) CHARACTER SET utf8mb4 COLLATE utf8mb4_0900_ai_ci NULL DEFAULT '' COMMENT '创建者',
  `create_time` datetime NULL DEFAULT NULL COMMENT '创建时间',
  `update_by` varchar(64) CHARACTER SET utf8mb4 COLLATE utf8mb4_0900_ai_ci NULL DEFAULT '' COMMENT '更新者',
  `update_time` datetime NULL DEFAULT NULL COMMENT '更新时间',
  `remark` varchar(500) CHARACTER SET utf8mb4 COLLATE utf8mb4_0900_ai_ci NULL DEFAULT NULL COMMENT '备注',
  PRIMARY KEY (`table_id`) USING BTREE
) ENGINE = InnoDB CHARACTER SET = utf8mb4 COLLATE = utf8mb4_0900_ai_ci COMMENT = '代码生成业务表' ROW_FORMAT = DYNAMIC;

-- ----------------------------
-- Records of gen_table
-- ----------------------------

-- ----------------------------
-- Table structure for gen_table_column
-- ----------------------------
DROP TABLE IF EXISTS `gen_table_column`;
CREATE TABLE `gen_table_column`  (
  `column_id` bigint NOT NULL AUTO_INCREMENT COMMENT '编号',
  `table_id` bigint NULL DEFAULT NULL COMMENT '归属表编号',
  `column_name` varchar(200) CHARACTER SET utf8mb4 COLLATE utf8mb4_0900_ai_ci NULL DEFAULT NULL COMMENT '列名称',
  `column_comment` varchar(500) CHARACTER SET utf8mb4 COLLATE utf8mb4_0900_ai_ci NULL DEFAULT NULL COMMENT '列描述',
  `column_type` varchar(100) CHARACTER SET utf8mb4 COLLATE utf8mb4_0900_ai_ci NULL DEFAULT NULL COMMENT '列类型',
  `java_type` varchar(500) CHARACTER SET utf8mb4 COLLATE utf8mb4_0900_ai_ci NULL DEFAULT NULL COMMENT 'JAVA类型',
  `java_field` varchar(200) CHARACTER SET utf8mb4 COLLATE utf8mb4_0900_ai_ci NULL DEFAULT NULL COMMENT 'JAVA字段名',
  `is_pk` char(1) CHARACTER SET utf8mb4 COLLATE utf8mb4_0900_ai_ci NULL DEFAULT NULL COMMENT '是否主键（1是）',
  `is_increment` char(1) CHARACTER SET utf8mb4 COLLATE utf8mb4_0900_ai_ci NULL DEFAULT NULL COMMENT '是否自增（1是）',
  `is_required` char(1) CHARACTER SET utf8mb4 COLLATE utf8mb4_0900_ai_ci NULL DEFAULT NULL COMMENT '是否必填（1是）',
  `is_insert` char(1) CHARACTER SET utf8mb4 COLLATE utf8mb4_0900_ai_ci NULL DEFAULT NULL COMMENT '是否为插入字段（1是）',
  `is_edit` char(1) CHARACTER SET utf8mb4 COLLATE utf8mb4_0900_ai_ci NULL DEFAULT NULL COMMENT '是否编辑字段（1是）',
  `is_list` char(1) CHARACTER SET utf8mb4 COLLATE utf8mb4_0900_ai_ci NULL DEFAULT NULL COMMENT '是否列表字段（1是）',
  `is_query` char(1) CHARACTER SET utf8mb4 COLLATE utf8mb4_0900_ai_ci NULL DEFAULT NULL COMMENT '是否查询字段（1是）',
  `query_type` varchar(200) CHARACTER SET utf8mb4 COLLATE utf8mb4_0900_ai_ci NULL DEFAULT 'EQ' COMMENT '查询方式（等于、不等于、大于、小于、范围）',
  `html_type` varchar(200) CHARACTER SET utf8mb4 COLLATE utf8mb4_0900_ai_ci NULL DEFAULT NULL COMMENT '显示类型（文本框、文本域、下拉框、复选框、单选框、日期控件）',
  `dict_type` varchar(200) CHARACTER SET utf8mb4 COLLATE utf8mb4_0900_ai_ci NULL DEFAULT '' COMMENT '字典类型',
  `sort` int NULL DEFAULT NULL COMMENT '排序',
  `create_by` varchar(64) CHARACTER SET utf8mb4 COLLATE utf8mb4_0900_ai_ci NULL DEFAULT '' COMMENT '创建者',
  `create_time` datetime NULL DEFAULT NULL COMMENT '创建时间',
  `update_by` varchar(64) CHARACTER SET utf8mb4 COLLATE utf8mb4_0900_ai_ci NULL DEFAULT '' COMMENT '更新者',
  `update_time` datetime NULL DEFAULT NULL COMMENT '更新时间',
  PRIMARY KEY (`column_id`) USING BTREE
) ENGINE = InnoDB CHARACTER SET = utf8mb4 COLLATE = utf8mb4_0900_ai_ci COMMENT = '代码生成业务表字段' ROW_FORMAT = DYNAMIC;

-- ----------------------------
-- Records of gen_table_column
-- ----------------------------

-- ----------------------------
-- Table structure for qrtz_calendars
-- ----------------------------
DROP TABLE IF EXISTS `qrtz_calendars`;
CREATE TABLE `qrtz_calendars`  (
  `sched_name` varchar(120) CHARACTER SET utf8mb4 COLLATE utf8mb4_unicode_ci NOT NULL COMMENT '调度名称',
  `calendar_name` varchar(200) CHARACTER SET utf8mb4 COLLATE utf8mb4_unicode_ci NOT NULL COMMENT '日历名称',
  `calendar` blob NOT NULL COMMENT '存放持久化calendar对象',
  PRIMARY KEY (`sched_name`, `calendar_name`) USING BTREE
) ENGINE = InnoDB CHARACTER SET = utf8mb4 COLLATE = utf8mb4_unicode_ci COMMENT = '日历信息表' ROW_FORMAT = DYNAMIC;

-- ----------------------------
-- Records of qrtz_calendars
-- ----------------------------

-- ----------------------------
-- Table structure for qrtz_cron_triggers
-- ----------------------------
DROP TABLE IF EXISTS `qrtz_cron_triggers`;
CREATE TABLE `qrtz_cron_triggers`  (
  `sched_name` varchar(120) CHARACTER SET utf8mb4 COLLATE utf8mb4_unicode_ci NOT NULL COMMENT '调度名称',
  `trigger_name` varchar(200) CHARACTER SET utf8mb4 COLLATE utf8mb4_unicode_ci NOT NULL COMMENT 'qrtz_triggers表trigger_name的外键',
  `trigger_group` varchar(200) CHARACTER SET utf8mb4 COLLATE utf8mb4_unicode_ci NOT NULL COMMENT 'qrtz_triggers表trigger_group的外键',
  `cron_expression` varchar(200) CHARACTER SET utf8mb4 COLLATE utf8mb4_unicode_ci NOT NULL COMMENT 'cron表达式',
  `time_zone_id` varchar(80) CHARACTER SET utf8mb4 COLLATE utf8mb4_unicode_ci NULL DEFAULT NULL COMMENT '时区',
  PRIMARY KEY (`sched_name`, `trigger_name`, `trigger_group`) USING BTREE,
  CONSTRAINT `qrtz_cron_triggers_ibfk_1` FOREIGN KEY (`sched_name`, `trigger_name`, `trigger_group`) REFERENCES `qrtz_triggers` (`sched_name`, `trigger_name`, `trigger_group`) ON DELETE RESTRICT ON UPDATE RESTRICT
) ENGINE = InnoDB CHARACTER SET = utf8mb4 COLLATE = utf8mb4_unicode_ci COMMENT = 'Cron类型的触发器表' ROW_FORMAT = DYNAMIC;

-- ----------------------------
-- Records of qrtz_cron_triggers
-- ----------------------------

-- ----------------------------
-- Table structure for qrtz_fired_triggers
-- ----------------------------
DROP TABLE IF EXISTS `qrtz_fired_triggers`;
CREATE TABLE `qrtz_fired_triggers`  (
  `sched_name` varchar(120) CHARACTER SET utf8mb4 COLLATE utf8mb4_unicode_ci NOT NULL COMMENT '调度名称',
  `entry_id` varchar(95) CHARACTER SET utf8mb4 COLLATE utf8mb4_unicode_ci NOT NULL COMMENT '调度器实例id',
  `trigger_name` varchar(200) CHARACTER SET utf8mb4 COLLATE utf8mb4_unicode_ci NOT NULL COMMENT 'qrtz_triggers表trigger_name的外键',
  `trigger_group` varchar(200) CHARACTER SET utf8mb4 COLLATE utf8mb4_unicode_ci NOT NULL COMMENT 'qrtz_triggers表trigger_group的外键',
  `instance_name` varchar(200) CHARACTER SET utf8mb4 COLLATE utf8mb4_unicode_ci NOT NULL COMMENT '调度器实例名',
  `fired_time` bigint NOT NULL COMMENT '触发的时间',
  `sched_time` bigint NOT NULL COMMENT '定时器制定的时间',
  `priority` int NOT NULL COMMENT '优先级',
  `state` varchar(16) CHARACTER SET utf8mb4 COLLATE utf8mb4_unicode_ci NOT NULL COMMENT '状态',
  `job_name` varchar(200) CHARACTER SET utf8mb4 COLLATE utf8mb4_unicode_ci NULL DEFAULT NULL COMMENT '任务名称',
  `job_group` varchar(200) CHARACTER SET utf8mb4 COLLATE utf8mb4_unicode_ci NULL DEFAULT NULL COMMENT '任务组名',
  `is_nonconcurrent` varchar(1) CHARACTER SET utf8mb4 COLLATE utf8mb4_unicode_ci NULL DEFAULT NULL COMMENT '是否并发',
  `requests_recovery` varchar(1) CHARACTER SET utf8mb4 COLLATE utf8mb4_unicode_ci NULL DEFAULT NULL COMMENT '是否接受恢复执行',
  PRIMARY KEY (`sched_name`, `entry_id`) USING BTREE
) ENGINE = InnoDB CHARACTER SET = utf8mb4 COLLATE = utf8mb4_unicode_ci COMMENT = '已触发的触发器表' ROW_FORMAT = DYNAMIC;

-- ----------------------------
-- Records of qrtz_fired_triggers
-- ----------------------------

-- ----------------------------
-- Table structure for qrtz_job_details
-- ----------------------------
DROP TABLE IF EXISTS `qrtz_job_details`;
CREATE TABLE `qrtz_job_details`  (
  `sched_name` varchar(120) CHARACTER SET utf8mb4 COLLATE utf8mb4_unicode_ci NOT NULL COMMENT '调度名称',
  `job_name` varchar(200) CHARACTER SET utf8mb4 COLLATE utf8mb4_unicode_ci NOT NULL COMMENT '任务名称',
  `job_group` varchar(200) CHARACTER SET utf8mb4 COLLATE utf8mb4_unicode_ci NOT NULL COMMENT '任务组名',
  `description` varchar(250) CHARACTER SET utf8mb4 COLLATE utf8mb4_unicode_ci NULL DEFAULT NULL COMMENT '相关介绍',
  `job_class_name` varchar(250) CHARACTER SET utf8mb4 COLLATE utf8mb4_unicode_ci NOT NULL COMMENT '执行任务类名称',
  `is_durable` varchar(1) CHARACTER SET utf8mb4 COLLATE utf8mb4_unicode_ci NOT NULL COMMENT '是否持久化',
  `is_nonconcurrent` varchar(1) CHARACTER SET utf8mb4 COLLATE utf8mb4_unicode_ci NOT NULL COMMENT '是否并发',
  `is_update_data` varchar(1) CHARACTER SET utf8mb4 COLLATE utf8mb4_unicode_ci NOT NULL COMMENT '是否更新数据',
  `requests_recovery` varchar(1) CHARACTER SET utf8mb4 COLLATE utf8mb4_unicode_ci NOT NULL COMMENT '是否接受恢复执行',
  `job_data` blob NULL COMMENT '存放持久化job对象',
  PRIMARY KEY (`sched_name`, `job_name`, `job_group`) USING BTREE
) ENGINE = InnoDB CHARACTER SET = utf8mb4 COLLATE = utf8mb4_unicode_ci COMMENT = '任务详细信息表' ROW_FORMAT = DYNAMIC;

-- ----------------------------
-- Records of qrtz_job_details
-- ----------------------------

-- ----------------------------
-- Table structure for qrtz_locks
-- ----------------------------
DROP TABLE IF EXISTS `qrtz_locks`;
CREATE TABLE `qrtz_locks`  (
  `sched_name` varchar(120) CHARACTER SET utf8mb4 COLLATE utf8mb4_unicode_ci NOT NULL COMMENT '调度名称',
  `lock_name` varchar(40) CHARACTER SET utf8mb4 COLLATE utf8mb4_unicode_ci NOT NULL COMMENT '悲观锁名称',
  PRIMARY KEY (`sched_name`, `lock_name`) USING BTREE
) ENGINE = InnoDB CHARACTER SET = utf8mb4 COLLATE = utf8mb4_unicode_ci COMMENT = '存储的悲观锁信息表' ROW_FORMAT = DYNAMIC;

-- ----------------------------
-- Records of qrtz_locks
-- ----------------------------

-- ----------------------------
-- Table structure for qrtz_paused_trigger_grps
-- ----------------------------
DROP TABLE IF EXISTS `qrtz_paused_trigger_grps`;
CREATE TABLE `qrtz_paused_trigger_grps`  (
  `sched_name` varchar(120) CHARACTER SET utf8mb4 COLLATE utf8mb4_unicode_ci NOT NULL COMMENT '调度名称',
  `trigger_group` varchar(200) CHARACTER SET utf8mb4 COLLATE utf8mb4_unicode_ci NOT NULL COMMENT 'qrtz_triggers表trigger_group的外键',
  PRIMARY KEY (`sched_name`, `trigger_group`) USING BTREE
) ENGINE = InnoDB CHARACTER SET = utf8mb4 COLLATE = utf8mb4_unicode_ci COMMENT = '暂停的触发器表' ROW_FORMAT = DYNAMIC;

-- ----------------------------
-- Records of qrtz_paused_trigger_grps
-- ----------------------------

-- ----------------------------
-- Table structure for qrtz_scheduler_state
-- ----------------------------
DROP TABLE IF EXISTS `qrtz_scheduler_state`;
CREATE TABLE `qrtz_scheduler_state`  (
  `sched_name` varchar(120) CHARACTER SET utf8mb4 COLLATE utf8mb4_unicode_ci NOT NULL COMMENT '调度名称',
  `instance_name` varchar(200) CHARACTER SET utf8mb4 COLLATE utf8mb4_unicode_ci NOT NULL COMMENT '实例名称',
  `last_checkin_time` bigint NOT NULL COMMENT '上次检查时间',
  `checkin_interval` bigint NOT NULL COMMENT '检查间隔时间',
  PRIMARY KEY (`sched_name`, `instance_name`) USING BTREE
) ENGINE = InnoDB CHARACTER SET = utf8mb4 COLLATE = utf8mb4_unicode_ci COMMENT = '调度器状态表' ROW_FORMAT = DYNAMIC;

-- ----------------------------
-- Records of qrtz_scheduler_state
-- ----------------------------

-- ----------------------------
-- Table structure for qrtz_simple_triggers
-- ----------------------------
DROP TABLE IF EXISTS `qrtz_simple_triggers`;
CREATE TABLE `qrtz_simple_triggers`  (
  `sched_name` varchar(120) CHARACTER SET utf8mb4 COLLATE utf8mb4_unicode_ci NOT NULL COMMENT '调度名称',
  `trigger_name` varchar(200) CHARACTER SET utf8mb4 COLLATE utf8mb4_unicode_ci NOT NULL COMMENT 'qrtz_triggers表trigger_name的外键',
  `trigger_group` varchar(200) CHARACTER SET utf8mb4 COLLATE utf8mb4_unicode_ci NOT NULL COMMENT 'qrtz_triggers表trigger_group的外键',
  `repeat_count` bigint NOT NULL COMMENT '重复的次数统计',
  `repeat_interval` bigint NOT NULL COMMENT '重复的间隔时间',
  `times_triggered` bigint NOT NULL COMMENT '已经触发的次数',
  PRIMARY KEY (`sched_name`, `trigger_name`, `trigger_group`) USING BTREE,
  CONSTRAINT `qrtz_simple_triggers_ibfk_1` FOREIGN KEY (`sched_name`, `trigger_name`, `trigger_group`) REFERENCES `qrtz_triggers` (`sched_name`, `trigger_name`, `trigger_group`) ON DELETE RESTRICT ON UPDATE RESTRICT
) ENGINE = InnoDB CHARACTER SET = utf8mb4 COLLATE = utf8mb4_unicode_ci COMMENT = '简单触发器的信息表' ROW_FORMAT = DYNAMIC;

-- ----------------------------
-- Records of qrtz_simple_triggers
-- ----------------------------

-- ----------------------------
-- Table structure for qrtz_simprop_triggers
-- ----------------------------
DROP TABLE IF EXISTS `qrtz_simprop_triggers`;
CREATE TABLE `qrtz_simprop_triggers`  (
  `sched_name` varchar(120) CHARACTER SET utf8mb4 COLLATE utf8mb4_unicode_ci NOT NULL COMMENT '调度名称',
  `trigger_name` varchar(200) CHARACTER SET utf8mb4 COLLATE utf8mb4_unicode_ci NOT NULL COMMENT 'qrtz_triggers表trigger_name的外键',
  `trigger_group` varchar(200) CHARACTER SET utf8mb4 COLLATE utf8mb4_unicode_ci NOT NULL COMMENT 'qrtz_triggers表trigger_group的外键',
  `str_prop_1` varchar(512) CHARACTER SET utf8mb4 COLLATE utf8mb4_unicode_ci NULL DEFAULT NULL COMMENT 'String类型的trigger的第一个参数',
  `str_prop_2` varchar(512) CHARACTER SET utf8mb4 COLLATE utf8mb4_unicode_ci NULL DEFAULT NULL COMMENT 'String类型的trigger的第二个参数',
  `str_prop_3` varchar(512) CHARACTER SET utf8mb4 COLLATE utf8mb4_unicode_ci NULL DEFAULT NULL COMMENT 'String类型的trigger的第三个参数',
  `int_prop_1` int NULL DEFAULT NULL COMMENT 'int类型的trigger的第一个参数',
  `int_prop_2` int NULL DEFAULT NULL COMMENT 'int类型的trigger的第二个参数',
  `long_prop_1` bigint NULL DEFAULT NULL COMMENT 'long类型的trigger的第一个参数',
  `long_prop_2` bigint NULL DEFAULT NULL COMMENT 'long类型的trigger的第二个参数',
  `dec_prop_1` decimal(13, 4) NULL DEFAULT NULL COMMENT 'decimal类型的trigger的第一个参数',
  `dec_prop_2` decimal(13, 4) NULL DEFAULT NULL COMMENT 'decimal类型的trigger的第二个参数',
  `bool_prop_1` varchar(1) CHARACTER SET utf8mb4 COLLATE utf8mb4_unicode_ci NULL DEFAULT NULL COMMENT 'Boolean类型的trigger的第一个参数',
  `bool_prop_2` varchar(1) CHARACTER SET utf8mb4 COLLATE utf8mb4_unicode_ci NULL DEFAULT NULL COMMENT 'Boolean类型的trigger的第二个参数',
  PRIMARY KEY (`sched_name`, `trigger_name`, `trigger_group`) USING BTREE,
  CONSTRAINT `qrtz_simprop_triggers_ibfk_1` FOREIGN KEY (`sched_name`, `trigger_name`, `trigger_group`) REFERENCES `qrtz_triggers` (`sched_name`, `trigger_name`, `trigger_group`) ON DELETE RESTRICT ON UPDATE RESTRICT
) ENGINE = InnoDB CHARACTER SET = utf8mb4 COLLATE = utf8mb4_unicode_ci COMMENT = '同步机制的行锁表' ROW_FORMAT = DYNAMIC;

-- ----------------------------
-- Records of qrtz_simprop_triggers
-- ----------------------------

-- ----------------------------
-- Table structure for qrtz_triggers
-- ----------------------------
DROP TABLE IF EXISTS `qrtz_triggers`;
CREATE TABLE `qrtz_triggers`  (
  `sched_name` varchar(120) CHARACTER SET utf8mb4 COLLATE utf8mb4_unicode_ci NOT NULL COMMENT '调度名称',
  `trigger_name` varchar(200) CHARACTER SET utf8mb4 COLLATE utf8mb4_unicode_ci NOT NULL COMMENT '触发器的名字',
  `trigger_group` varchar(200) CHARACTER SET utf8mb4 COLLATE utf8mb4_unicode_ci NOT NULL COMMENT '触发器所属组的名字',
  `job_name` varchar(200) CHARACTER SET utf8mb4 COLLATE utf8mb4_unicode_ci NOT NULL COMMENT 'qrtz_job_details表job_name的外键',
  `job_group` varchar(200) CHARACTER SET utf8mb4 COLLATE utf8mb4_unicode_ci NOT NULL COMMENT 'qrtz_job_details表job_group的外键',
  `description` varchar(250) CHARACTER SET utf8mb4 COLLATE utf8mb4_unicode_ci NULL DEFAULT NULL COMMENT '相关介绍',
  `next_fire_time` bigint NULL DEFAULT NULL COMMENT '上一次触发时间（毫秒）',
  `prev_fire_time` bigint NULL DEFAULT NULL COMMENT '下一次触发时间（默认为-1表示不触发）',
  `priority` int NULL DEFAULT NULL COMMENT '优先级',
  `trigger_state` varchar(16) CHARACTER SET utf8mb4 COLLATE utf8mb4_unicode_ci NOT NULL COMMENT '触发器状态',
  `trigger_type` varchar(8) CHARACTER SET utf8mb4 COLLATE utf8mb4_unicode_ci NOT NULL COMMENT '触发器的类型',
  `start_time` bigint NOT NULL COMMENT '开始时间',
  `end_time` bigint NULL DEFAULT NULL COMMENT '结束时间',
  `calendar_name` varchar(200) CHARACTER SET utf8mb4 COLLATE utf8mb4_unicode_ci NULL DEFAULT NULL COMMENT '日程表名称',
  `misfire_instr` smallint NULL DEFAULT NULL COMMENT '补偿执行的策略',
  `job_data` blob NULL COMMENT '存放持久化job对象',
  PRIMARY KEY (`sched_name`, `trigger_name`, `trigger_group`) USING BTREE,
  INDEX `sched_name`(`sched_name` ASC, `job_name` ASC, `job_group` ASC) USING BTREE,
  CONSTRAINT `qrtz_triggers_ibfk_1` FOREIGN KEY (`sched_name`, `job_name`, `job_group`) REFERENCES `qrtz_job_details` (`sched_name`, `job_name`, `job_group`) ON DELETE RESTRICT ON UPDATE RESTRICT
) ENGINE = InnoDB CHARACTER SET = utf8mb4 COLLATE = utf8mb4_unicode_ci COMMENT = '触发器详细信息表' ROW_FORMAT = DYNAMIC;

-- ----------------------------
-- Records of qrtz_triggers
-- ----------------------------

-- ----------------------------
-- Table structure for sys_classroom
-- ----------------------------
DROP TABLE IF EXISTS `sys_classroom`;
CREATE TABLE `sys_classroom`  (
  `classroom_id` bigint NOT NULL AUTO_INCREMENT COMMENT '课堂ID',
  `classroom_name` varchar(100) CHARACTER SET utf8mb4 COLLATE utf8mb4_general_ci NOT NULL COMMENT '课堂名称',
  `course_name` varchar(100) CHARACTER SET utf8mb4 COLLATE utf8mb4_general_ci NOT NULL DEFAULT '未命名课程',
  `start_time` varchar(50) CHARACTER SET utf8mb4 COLLATE utf8mb4_general_ci NULL DEFAULT NULL COMMENT '上课时间',
  `end_time` varchar(50) CHARACTER SET utf8mb4 COLLATE utf8mb4_general_ci NULL DEFAULT NULL COMMENT '下课时间',
  `total_students` int NULL DEFAULT 0 COMMENT '课堂总人数',
  `teacher` varchar(50) CHARACTER SET utf8mb4 COLLATE utf8mb4_general_ci NULL DEFAULT NULL COMMENT '授课老师',
  `description` text CHARACTER SET utf8mb4 COLLATE utf8mb4_general_ci NULL COMMENT '课堂描述',
  `status` char(1) CHARACTER SET utf8mb4 COLLATE utf8mb4_general_ci NULL DEFAULT '0' COMMENT '状态（0进行中 1停授）',
  `create_by` varchar(64) CHARACTER SET utf8mb4 COLLATE utf8mb4_general_ci NULL DEFAULT '' COMMENT '创建者',
  `create_time` datetime NULL DEFAULT NULL COMMENT '创建时间',
  `update_by` varchar(64) CHARACTER SET utf8mb4 COLLATE utf8mb4_general_ci NULL DEFAULT '' COMMENT '更新者',
  `update_time` datetime NULL DEFAULT NULL COMMENT '更新时间',
  PRIMARY KEY (`classroom_id`) USING BTREE
) ENGINE = InnoDB AUTO_INCREMENT = 4 CHARACTER SET = utf8mb4 COLLATE = utf8mb4_general_ci COMMENT = '课堂信息表' ROW_FORMAT = DYNAMIC;

-- ----------------------------
-- Records of sys_classroom
-- ----------------------------
INSERT INTO `sys_classroom` VALUES (1, 'SJXL230549', '研究与开发实践', '2025.10,29', '2025.10.31', 50, 'A', '2024-2025秋季学期开设', '0', '', NULL, '', NULL);
INSERT INTO `sys_classroom` VALUES (2, '计算机网络123', '计算机网络123', '1', '2', 1, '12', NULL, '1', '', NULL, 'admin', '2025-10-31 20:16:57');
INSERT INTO `sys_classroom` VALUES (3, 'MSNU32546', '计算机金融应用', '2111.1.1', '2112.1.1', 55, NULL, '锻炼学生实践能力', '0', '', NULL, '', NULL);

-- ----------------------------
-- Table structure for sys_config
-- ----------------------------
DROP TABLE IF EXISTS `sys_config`;
CREATE TABLE `sys_config`  (
  `config_id` int NOT NULL AUTO_INCREMENT COMMENT '参数主键',
  `config_name` varchar(100) CHARACTER SET utf8mb4 COLLATE utf8mb4_unicode_ci NULL DEFAULT '' COMMENT '参数名称',
  `config_key` varchar(100) CHARACTER SET utf8mb4 COLLATE utf8mb4_unicode_ci NULL DEFAULT '' COMMENT '参数键名',
  `config_value` varchar(500) CHARACTER SET utf8mb4 COLLATE utf8mb4_unicode_ci NULL DEFAULT '' COMMENT '参数键值',
  `config_type` char(1) CHARACTER SET utf8mb4 COLLATE utf8mb4_unicode_ci NULL DEFAULT 'N' COMMENT '系统内置（Y是 N否）',
  `create_by` varchar(64) CHARACTER SET utf8mb4 COLLATE utf8mb4_unicode_ci NULL DEFAULT '' COMMENT '创建者',
  `create_time` datetime NULL DEFAULT NULL COMMENT '创建时间',
  `update_by` varchar(64) CHARACTER SET utf8mb4 COLLATE utf8mb4_unicode_ci NULL DEFAULT '' COMMENT '更新者',
  `update_time` datetime NULL DEFAULT NULL COMMENT '更新时间',
  `remark` varchar(500) CHARACTER SET utf8mb4 COLLATE utf8mb4_unicode_ci NULL DEFAULT NULL COMMENT '备注',
  PRIMARY KEY (`config_id`) USING BTREE
) ENGINE = InnoDB AUTO_INCREMENT = 100 CHARACTER SET = utf8mb4 COLLATE = utf8mb4_unicode_ci COMMENT = '参数配置表' ROW_FORMAT = DYNAMIC;

-- ----------------------------
-- Records of sys_config
-- ----------------------------
INSERT INTO `sys_config` VALUES (1, '主框架页-默认皮肤样式名称', 'sys.index.skinName', 'skin-blue', 'Y', 'admin', '2025-10-30 17:06:55', '', NULL, '蓝色 skin-blue、绿色 skin-green、紫色 skin-purple、红色 skin-red、黄色 skin-yellow');
INSERT INTO `sys_config` VALUES (2, '用户管理-账号初始密码', 'sys.user.initPassword', '123456', 'Y', 'admin', '2025-10-30 17:06:55', '', NULL, '初始化密码 123456');
INSERT INTO `sys_config` VALUES (3, '主框架页-侧边栏主题', 'sys.index.sideTheme', 'theme-dark', 'Y', 'admin', '2025-10-30 17:06:55', '', NULL, '深色主题theme-dark，浅色主题theme-light');
INSERT INTO `sys_config` VALUES (4, '账号自助-验证码开关', 'sys.account.captchaEnabled', 'true', 'Y', 'admin', '2025-10-30 17:06:55', '', NULL, '是否开启验证码功能（true开启，false关闭）');
INSERT INTO `sys_config` VALUES (5, '账号自助-是否开启用户注册功能', 'sys.account.registerUser', 'false', 'Y', 'admin', '2025-10-30 17:06:55', '', NULL, '是否开启注册用户功能（true开启，false关闭）');
INSERT INTO `sys_config` VALUES (6, '用户登录-黑名单列表', 'sys.login.blackIPList', '', 'Y', 'admin', '2025-10-30 17:06:55', '', NULL, '设置登录IP黑名单限制，多个匹配项以;分隔，支持匹配（*通配、网段）');
INSERT INTO `sys_config` VALUES (7, '用户管理-初始密码修改策略', 'sys.account.initPasswordModify', '1', 'Y', 'admin', '2025-10-30 17:06:55', '', NULL, '0：初始密码修改策略关闭，没有任何提示，1：提醒用户，如果未修改初始密码，则在登录时就会提醒修改密码对话框');
INSERT INTO `sys_config` VALUES (8, '用户管理-账号密码更新周期', 'sys.account.passwordValidateDays', '0', 'Y', 'admin', '2025-10-30 17:06:55', '', NULL, '密码更新周期（填写数字，数据初始化值为0不限制，若修改必须为大于0小于365的正整数），如果超过这个周期登录系统时，则在登录时就会提醒修改密码对话框');

-- ----------------------------
-- Table structure for sys_course
-- ----------------------------
DROP TABLE IF EXISTS `sys_course`;
CREATE TABLE `sys_course`  (
  `course_id` bigint NOT NULL AUTO_INCREMENT COMMENT '课程ID',
  `course_name` varchar(100) CHARACTER SET utf8mb4 COLLATE utf8mb4_0900_ai_ci NOT NULL COMMENT '课程名称',
  `course_code` varchar(50) CHARACTER SET utf8mb4 COLLATE utf8mb4_0900_ai_ci NOT NULL COMMENT '课程编号',
  `course_type` varchar(50) CHARACTER SET utf8mb4 COLLATE utf8mb4_0900_ai_ci NULL DEFAULT NULL COMMENT '课程类型',
  `college` varchar(100) CHARACTER SET utf8mb4 COLLATE utf8mb4_0900_ai_ci NULL DEFAULT NULL COMMENT '所属学院',
  `credit` decimal(3, 1) NULL DEFAULT NULL COMMENT '学分',
  `introduction` text CHARACTER SET utf8mb4 COLLATE utf8mb4_0900_ai_ci NULL COMMENT '课程简介',
  `status` char(1) CHARACTER SET utf8mb4 COLLATE utf8mb4_0900_ai_ci NULL DEFAULT '0' COMMENT '状态（0正常 1停用）',
  `create_by` varchar(64) CHARACTER SET utf8mb4 COLLATE utf8mb4_0900_ai_ci NULL DEFAULT '' COMMENT '创建者',
  `create_time` datetime NULL DEFAULT NULL COMMENT '创建时间',
  `update_by` varchar(64) CHARACTER SET utf8mb4 COLLATE utf8mb4_0900_ai_ci NULL DEFAULT '' COMMENT '更新者',
  `update_time` datetime NULL DEFAULT NULL COMMENT '更新时间',
  `remark` varchar(500) CHARACTER SET utf8mb4 COLLATE utf8mb4_0900_ai_ci NULL DEFAULT NULL COMMENT '备注',
  PRIMARY KEY (`course_id`) USING BTREE,
  UNIQUE INDEX `idx_course_code`(`course_code` ASC) USING BTREE
) ENGINE = InnoDB AUTO_INCREMENT = 5 CHARACTER SET = utf8mb4 COLLATE = utf8mb4_0900_ai_ci COMMENT = '课程信息表' ROW_FORMAT = DYNAMIC;

-- ----------------------------
-- Records of sys_course
-- ----------------------------
INSERT INTO `sys_course` VALUES (1, '研究与开发实践', 'SJXL230549', '必修', '计算机学院', 2.0, '2024-2025秋季学期开设', '0', 'admin', '2025-10-29 17:50:59', 'admin', '2025-10-29 18:18:46', '1');
INSERT INTO `sys_course` VALUES (2, '计算机网络123', 'LZNU135465', '必修', '计算机学院', 3.0, '一门课aaaaaaaa\n', '1', 'admin', '2025-10-29 17:54:33', 'admin', '2025-10-29 18:37:45', '2');
INSERT INTO `sys_course` VALUES (3, '计算机金融应用', 'MSNU32546', '选修', '经济学院', 3.5, '锻炼学生实践能力', '0', 'admin', '2025-10-29 18:22:47', '', NULL, NULL);

-- ----------------------------
-- Table structure for sys_dept
-- ----------------------------
DROP TABLE IF EXISTS `sys_dept`;
CREATE TABLE `sys_dept`  (
  `dept_id` bigint NOT NULL AUTO_INCREMENT COMMENT '部门id',
  `parent_id` bigint NULL DEFAULT 0 COMMENT '父部门id',
  `ancestors` varchar(50) CHARACTER SET utf8mb4 COLLATE utf8mb4_unicode_ci NULL DEFAULT '' COMMENT '祖级列表',
  `dept_name` varchar(30) CHARACTER SET utf8mb4 COLLATE utf8mb4_unicode_ci NULL DEFAULT '' COMMENT '部门名称',
  `order_num` int NULL DEFAULT 0 COMMENT '显示顺序',
  `leader` varchar(20) CHARACTER SET utf8mb4 COLLATE utf8mb4_unicode_ci NULL DEFAULT NULL COMMENT '负责人',
  `phone` varchar(11) CHARACTER SET utf8mb4 COLLATE utf8mb4_unicode_ci NULL DEFAULT NULL COMMENT '联系电话',
  `email` varchar(50) CHARACTER SET utf8mb4 COLLATE utf8mb4_unicode_ci NULL DEFAULT NULL COMMENT '邮箱',
  `status` char(1) CHARACTER SET utf8mb4 COLLATE utf8mb4_unicode_ci NULL DEFAULT '0' COMMENT '部门状态（0正常 1停用）',
  `del_flag` char(1) CHARACTER SET utf8mb4 COLLATE utf8mb4_unicode_ci NULL DEFAULT '0' COMMENT '删除标志（0代表存在 2代表删除）',
  `create_by` varchar(64) CHARACTER SET utf8mb4 COLLATE utf8mb4_unicode_ci NULL DEFAULT '' COMMENT '创建者',
  `create_time` datetime NULL DEFAULT NULL COMMENT '创建时间',
  `update_by` varchar(64) CHARACTER SET utf8mb4 COLLATE utf8mb4_unicode_ci NULL DEFAULT '' COMMENT '更新者',
  `update_time` datetime NULL DEFAULT NULL COMMENT '更新时间',
  PRIMARY KEY (`dept_id`) USING BTREE
) ENGINE = InnoDB AUTO_INCREMENT = 200 CHARACTER SET = utf8mb4 COLLATE = utf8mb4_unicode_ci COMMENT = '部门表' ROW_FORMAT = DYNAMIC;

-- ----------------------------
-- Records of sys_dept
-- ----------------------------
INSERT INTO `sys_dept` VALUES (100, 0, '0', '若依科技', 0, '若依', '15888888888', 'ry@qq.com', '0', '0', 'admin', '2025-10-30 17:06:55', '', NULL);
INSERT INTO `sys_dept` VALUES (101, 100, '0,100', '深圳总公司', 1, '若依', '15888888888', 'ry@qq.com', '0', '0', 'admin', '2025-10-30 17:06:55', '', NULL);
INSERT INTO `sys_dept` VALUES (102, 100, '0,100', '长沙分公司', 2, '若依', '15888888888', 'ry@qq.com', '0', '0', 'admin', '2025-10-30 17:06:55', '', NULL);
INSERT INTO `sys_dept` VALUES (103, 101, '0,100,101', '研发部门', 1, '若依', '15888888888', 'ry@qq.com', '0', '0', 'admin', '2025-10-30 17:06:55', '', NULL);
INSERT INTO `sys_dept` VALUES (104, 101, '0,100,101', '市场部门', 2, '若依', '15888888888', 'ry@qq.com', '0', '0', 'admin', '2025-10-30 17:06:55', '', NULL);
INSERT INTO `sys_dept` VALUES (105, 101, '0,100,101', '测试部门', 3, '若依', '15888888888', 'ry@qq.com', '0', '0', 'admin', '2025-10-30 17:06:55', '', NULL);
INSERT INTO `sys_dept` VALUES (106, 101, '0,100,101', '财务部门', 4, '若依', '15888888888', 'ry@qq.com', '0', '0', 'admin', '2025-10-30 17:06:55', '', NULL);
INSERT INTO `sys_dept` VALUES (107, 101, '0,100,101', '运维部门', 5, '若依', '15888888888', 'ry@qq.com', '0', '0', 'admin', '2025-10-30 17:06:55', '', NULL);
INSERT INTO `sys_dept` VALUES (108, 102, '0,100,102', '市场部门', 1, '若依', '15888888888', 'ry@qq.com', '0', '0', 'admin', '2025-10-30 17:06:55', '', NULL);
INSERT INTO `sys_dept` VALUES (109, 102, '0,100,102', '财务部门', 2, '若依', '15888888888', 'ry@qq.com', '0', '0', 'admin', '2025-10-30 17:06:55', '', NULL);

-- ----------------------------
-- Table structure for sys_dict_data
-- ----------------------------
DROP TABLE IF EXISTS `sys_dict_data`;
CREATE TABLE `sys_dict_data`  (
  `dict_code` bigint NOT NULL AUTO_INCREMENT COMMENT '字典编码',
  `dict_sort` int NULL DEFAULT 0 COMMENT '字典排序',
  `dict_label` varchar(100) CHARACTER SET utf8mb4 COLLATE utf8mb4_unicode_ci NULL DEFAULT '' COMMENT '字典标签',
  `dict_value` varchar(100) CHARACTER SET utf8mb4 COLLATE utf8mb4_unicode_ci NULL DEFAULT '' COMMENT '字典键值',
  `dict_type` varchar(100) CHARACTER SET utf8mb4 COLLATE utf8mb4_unicode_ci NULL DEFAULT '' COMMENT '字典类型',
  `css_class` varchar(100) CHARACTER SET utf8mb4 COLLATE utf8mb4_unicode_ci NULL DEFAULT NULL COMMENT '样式属性（其他样式扩展）',
  `list_class` varchar(100) CHARACTER SET utf8mb4 COLLATE utf8mb4_unicode_ci NULL DEFAULT NULL COMMENT '表格回显样式',
  `is_default` char(1) CHARACTER SET utf8mb4 COLLATE utf8mb4_unicode_ci NULL DEFAULT 'N' COMMENT '是否默认（Y是 N否）',
  `status` char(1) CHARACTER SET utf8mb4 COLLATE utf8mb4_unicode_ci NULL DEFAULT '0' COMMENT '状态（0正常 1停用）',
  `create_by` varchar(64) CHARACTER SET utf8mb4 COLLATE utf8mb4_unicode_ci NULL DEFAULT '' COMMENT '创建者',
  `create_time` datetime NULL DEFAULT NULL COMMENT '创建时间',
  `update_by` varchar(64) CHARACTER SET utf8mb4 COLLATE utf8mb4_unicode_ci NULL DEFAULT '' COMMENT '更新者',
  `update_time` datetime NULL DEFAULT NULL COMMENT '更新时间',
  `remark` varchar(500) CHARACTER SET utf8mb4 COLLATE utf8mb4_unicode_ci NULL DEFAULT NULL COMMENT '备注',
  PRIMARY KEY (`dict_code`) USING BTREE
) ENGINE = InnoDB AUTO_INCREMENT = 100 CHARACTER SET = utf8mb4 COLLATE = utf8mb4_unicode_ci COMMENT = '字典数据表' ROW_FORMAT = DYNAMIC;

-- ----------------------------
-- Records of sys_dict_data
-- ----------------------------
INSERT INTO `sys_dict_data` VALUES (1, 1, '男', '0', 'sys_user_sex', '', '', 'Y', '0', 'admin', '2025-10-30 17:06:55', '', NULL, '性别男');
INSERT INTO `sys_dict_data` VALUES (2, 2, '女', '1', 'sys_user_sex', '', '', 'N', '0', 'admin', '2025-10-30 17:06:55', '', NULL, '性别女');
INSERT INTO `sys_dict_data` VALUES (3, 3, '未知', '2', 'sys_user_sex', '', '', 'N', '0', 'admin', '2025-10-30 17:06:55', '', NULL, '性别未知');
INSERT INTO `sys_dict_data` VALUES (4, 1, '显示', '0', 'sys_show_hide', '', 'primary', 'Y', '0', 'admin', '2025-10-30 17:06:55', '', NULL, '显示菜单');
INSERT INTO `sys_dict_data` VALUES (5, 2, '隐藏', '1', 'sys_show_hide', '', 'danger', 'N', '0', 'admin', '2025-10-30 17:06:55', '', NULL, '隐藏菜单');
INSERT INTO `sys_dict_data` VALUES (6, 1, '正常', '0', 'sys_normal_disable', '', 'primary', 'Y', '0', 'admin', '2025-10-30 17:06:55', '', NULL, '正常状态');
INSERT INTO `sys_dict_data` VALUES (7, 2, '停用', '1', 'sys_normal_disable', '', 'danger', 'N', '0', 'admin', '2025-10-30 17:06:55', '', NULL, '停用状态');
INSERT INTO `sys_dict_data` VALUES (8, 1, '正常', '0', 'sys_job_status', '', 'primary', 'Y', '0', 'admin', '2025-10-30 17:06:55', '', NULL, '正常状态');
INSERT INTO `sys_dict_data` VALUES (9, 2, '暂停', '1', 'sys_job_status', '', 'danger', 'N', '0', 'admin', '2025-10-30 17:06:55', '', NULL, '停用状态');
INSERT INTO `sys_dict_data` VALUES (10, 1, '默认', 'DEFAULT', 'sys_job_group', '', '', 'Y', '0', 'admin', '2025-10-30 17:06:55', '', NULL, '默认分组');
INSERT INTO `sys_dict_data` VALUES (11, 2, '系统', 'SYSTEM', 'sys_job_group', '', '', 'N', '0', 'admin', '2025-10-30 17:06:55', '', NULL, '系统分组');
INSERT INTO `sys_dict_data` VALUES (12, 1, '是', 'Y', 'sys_yes_no', '', 'primary', 'Y', '0', 'admin', '2025-10-30 17:06:55', '', NULL, '系统默认是');
INSERT INTO `sys_dict_data` VALUES (13, 2, '否', 'N', 'sys_yes_no', '', 'danger', 'N', '0', 'admin', '2025-10-30 17:06:55', '', NULL, '系统默认否');
INSERT INTO `sys_dict_data` VALUES (14, 1, '通知', '1', 'sys_notice_type', '', 'warning', 'Y', '0', 'admin', '2025-10-30 17:06:55', '', NULL, '通知');
INSERT INTO `sys_dict_data` VALUES (15, 2, '公告', '2', 'sys_notice_type', '', 'success', 'N', '0', 'admin', '2025-10-30 17:06:55', '', NULL, '公告');
INSERT INTO `sys_dict_data` VALUES (16, 1, '正常', '0', 'sys_notice_status', '', 'primary', 'Y', '0', 'admin', '2025-10-30 17:06:55', '', NULL, '正常状态');
INSERT INTO `sys_dict_data` VALUES (17, 2, '关闭', '1', 'sys_notice_status', '', 'danger', 'N', '0', 'admin', '2025-10-30 17:06:55', '', NULL, '关闭状态');
INSERT INTO `sys_dict_data` VALUES (18, 99, '其他', '0', 'sys_oper_type', '', 'info', 'N', '0', 'admin', '2025-10-30 17:06:55', '', NULL, '其他操作');
INSERT INTO `sys_dict_data` VALUES (19, 1, '新增', '1', 'sys_oper_type', '', 'info', 'N', '0', 'admin', '2025-10-30 17:06:55', '', NULL, '新增操作');
INSERT INTO `sys_dict_data` VALUES (20, 2, '修改', '2', 'sys_oper_type', '', 'info', 'N', '0', 'admin', '2025-10-30 17:06:55', '', NULL, '修改操作');
INSERT INTO `sys_dict_data` VALUES (21, 3, '删除', '3', 'sys_oper_type', '', 'danger', 'N', '0', 'admin', '2025-10-30 17:06:55', '', NULL, '删除操作');
INSERT INTO `sys_dict_data` VALUES (22, 4, '授权', '4', 'sys_oper_type', '', 'primary', 'N', '0', 'admin', '2025-10-30 17:06:55', '', NULL, '授权操作');
INSERT INTO `sys_dict_data` VALUES (23, 5, '导出', '5', 'sys_oper_type', '', 'warning', 'N', '0', 'admin', '2025-10-30 17:06:55', '', NULL, '导出操作');
INSERT INTO `sys_dict_data` VALUES (24, 6, '导入', '6', 'sys_oper_type', '', 'warning', 'N', '0', 'admin', '2025-10-30 17:06:55', '', NULL, '导入操作');
INSERT INTO `sys_dict_data` VALUES (25, 7, '强退', '7', 'sys_oper_type', '', 'danger', 'N', '0', 'admin', '2025-10-30 17:06:55', '', NULL, '强退操作');
INSERT INTO `sys_dict_data` VALUES (26, 8, '生成代码', '8', 'sys_oper_type', '', 'warning', 'N', '0', 'admin', '2025-10-30 17:06:55', '', NULL, '生成操作');
INSERT INTO `sys_dict_data` VALUES (27, 9, '清空数据', '9', 'sys_oper_type', '', 'danger', 'N', '0', 'admin', '2025-10-30 17:06:55', '', NULL, '清空操作');
INSERT INTO `sys_dict_data` VALUES (28, 1, '成功', '0', 'sys_common_status', '', 'primary', 'N', '0', 'admin', '2025-10-30 17:06:55', '', NULL, '正常状态');
INSERT INTO `sys_dict_data` VALUES (29, 2, '失败', '1', 'sys_common_status', '', 'danger', 'N', '0', 'admin', '2025-10-30 17:06:55', '', NULL, '停用状态');

-- ----------------------------
-- Table structure for sys_dict_type
-- ----------------------------
DROP TABLE IF EXISTS `sys_dict_type`;
CREATE TABLE `sys_dict_type`  (
  `dict_id` bigint NOT NULL AUTO_INCREMENT COMMENT '字典主键',
  `dict_name` varchar(100) CHARACTER SET utf8mb4 COLLATE utf8mb4_unicode_ci NULL DEFAULT '' COMMENT '字典名称',
  `dict_type` varchar(100) CHARACTER SET utf8mb4 COLLATE utf8mb4_unicode_ci NULL DEFAULT '' COMMENT '字典类型',
  `status` char(1) CHARACTER SET utf8mb4 COLLATE utf8mb4_unicode_ci NULL DEFAULT '0' COMMENT '状态（0正常 1停用）',
  `create_by` varchar(64) CHARACTER SET utf8mb4 COLLATE utf8mb4_unicode_ci NULL DEFAULT '' COMMENT '创建者',
  `create_time` datetime NULL DEFAULT NULL COMMENT '创建时间',
  `update_by` varchar(64) CHARACTER SET utf8mb4 COLLATE utf8mb4_unicode_ci NULL DEFAULT '' COMMENT '更新者',
  `update_time` datetime NULL DEFAULT NULL COMMENT '更新时间',
  `remark` varchar(500) CHARACTER SET utf8mb4 COLLATE utf8mb4_unicode_ci NULL DEFAULT NULL COMMENT '备注',
  PRIMARY KEY (`dict_id`) USING BTREE,
  UNIQUE INDEX `dict_type`(`dict_type` ASC) USING BTREE
) ENGINE = InnoDB AUTO_INCREMENT = 100 CHARACTER SET = utf8mb4 COLLATE = utf8mb4_unicode_ci COMMENT = '字典类型表' ROW_FORMAT = DYNAMIC;

-- ----------------------------
-- Records of sys_dict_type
-- ----------------------------
INSERT INTO `sys_dict_type` VALUES (1, '用户性别', 'sys_user_sex', '0', 'admin', '2025-10-30 17:06:55', '', NULL, '用户性别列表');
INSERT INTO `sys_dict_type` VALUES (2, '菜单状态', 'sys_show_hide', '0', 'admin', '2025-10-30 17:06:55', '', NULL, '菜单状态列表');
INSERT INTO `sys_dict_type` VALUES (3, '系统开关', 'sys_normal_disable', '0', 'admin', '2025-10-30 17:06:55', '', NULL, '系统开关列表');
INSERT INTO `sys_dict_type` VALUES (4, '任务状态', 'sys_job_status', '0', 'admin', '2025-10-30 17:06:55', '', NULL, '任务状态列表');
INSERT INTO `sys_dict_type` VALUES (5, '任务分组', 'sys_job_group', '0', 'admin', '2025-10-30 17:06:55', '', NULL, '任务分组列表');
INSERT INTO `sys_dict_type` VALUES (6, '系统是否', 'sys_yes_no', '0', 'admin', '2025-10-30 17:06:55', '', NULL, '系统是否列表');
INSERT INTO `sys_dict_type` VALUES (7, '通知类型', 'sys_notice_type', '0', 'admin', '2025-10-30 17:06:55', '', NULL, '通知类型列表');
INSERT INTO `sys_dict_type` VALUES (8, '通知状态', 'sys_notice_status', '0', 'admin', '2025-10-30 17:06:55', '', NULL, '通知状态列表');
INSERT INTO `sys_dict_type` VALUES (9, '操作类型', 'sys_oper_type', '0', 'admin', '2025-10-30 17:06:55', '', NULL, '操作类型列表');
INSERT INTO `sys_dict_type` VALUES (10, '系统状态', 'sys_common_status', '0', 'admin', '2025-10-30 17:06:55', '', NULL, '登录状态列表');

-- ----------------------------
-- Table structure for sys_job
-- ----------------------------
DROP TABLE IF EXISTS `sys_job`;
CREATE TABLE `sys_job`  (
  `job_id` bigint NOT NULL AUTO_INCREMENT COMMENT '任务ID',
  `job_name` varchar(64) CHARACTER SET utf8mb4 COLLATE utf8mb4_unicode_ci NOT NULL DEFAULT '' COMMENT '任务名称',
  `job_group` varchar(64) CHARACTER SET utf8mb4 COLLATE utf8mb4_unicode_ci NOT NULL DEFAULT 'DEFAULT' COMMENT '任务组名',
  `invoke_target` varchar(500) CHARACTER SET utf8mb4 COLLATE utf8mb4_unicode_ci NOT NULL COMMENT '调用目标字符串',
  `cron_expression` varchar(255) CHARACTER SET utf8mb4 COLLATE utf8mb4_unicode_ci NULL DEFAULT '' COMMENT 'cron执行表达式',
  `misfire_policy` varchar(20) CHARACTER SET utf8mb4 COLLATE utf8mb4_unicode_ci NULL DEFAULT '3' COMMENT '计划执行错误策略（1立即执行 2执行一次 3放弃执行）',
  `concurrent` char(1) CHARACTER SET utf8mb4 COLLATE utf8mb4_unicode_ci NULL DEFAULT '1' COMMENT '是否并发执行（0允许 1禁止）',
  `status` char(1) CHARACTER SET utf8mb4 COLLATE utf8mb4_unicode_ci NULL DEFAULT '0' COMMENT '状态（0正常 1暂停）',
  `create_by` varchar(64) CHARACTER SET utf8mb4 COLLATE utf8mb4_unicode_ci NULL DEFAULT '' COMMENT '创建者',
  `create_time` datetime NULL DEFAULT NULL COMMENT '创建时间',
  `update_by` varchar(64) CHARACTER SET utf8mb4 COLLATE utf8mb4_unicode_ci NULL DEFAULT '' COMMENT '更新者',
  `update_time` datetime NULL DEFAULT NULL COMMENT '更新时间',
  `remark` varchar(500) CHARACTER SET utf8mb4 COLLATE utf8mb4_unicode_ci NULL DEFAULT '' COMMENT '备注信息',
  PRIMARY KEY (`job_id`, `job_name`, `job_group`) USING BTREE
) ENGINE = InnoDB AUTO_INCREMENT = 100 CHARACTER SET = utf8mb4 COLLATE = utf8mb4_unicode_ci COMMENT = '定时任务调度表' ROW_FORMAT = DYNAMIC;

-- ----------------------------
-- Records of sys_job
-- ----------------------------
INSERT INTO `sys_job` VALUES (1, '系统默认（无参）', 'DEFAULT', 'ryTask.ryNoParams', '0/10 * * * * ?', '3', '1', '1', 'admin', '2025-10-30 17:06:55', '', NULL, '');
INSERT INTO `sys_job` VALUES (2, '系统默认（有参）', 'DEFAULT', 'ryTask.ryParams(\'ry\')', '0/15 * * * * ?', '3', '1', '1', 'admin', '2025-10-30 17:06:55', '', NULL, '');
INSERT INTO `sys_job` VALUES (3, '系统默认（多参）', 'DEFAULT', 'ryTask.ryMultipleParams(\'ry\', true, 2000L, 316.50D, 100)', '0/20 * * * * ?', '3', '1', '1', 'admin', '2025-10-30 17:06:55', '', NULL, '');

-- ----------------------------
-- Table structure for sys_job_log
-- ----------------------------
DROP TABLE IF EXISTS `sys_job_log`;
CREATE TABLE `sys_job_log`  (
  `job_log_id` bigint NOT NULL AUTO_INCREMENT COMMENT '任务日志ID',
  `job_name` varchar(64) CHARACTER SET utf8mb4 COLLATE utf8mb4_unicode_ci NOT NULL COMMENT '任务名称',
  `job_group` varchar(64) CHARACTER SET utf8mb4 COLLATE utf8mb4_unicode_ci NOT NULL COMMENT '任务组名',
  `invoke_target` varchar(500) CHARACTER SET utf8mb4 COLLATE utf8mb4_unicode_ci NOT NULL COMMENT '调用目标字符串',
  `job_message` varchar(500) CHARACTER SET utf8mb4 COLLATE utf8mb4_unicode_ci NULL DEFAULT NULL COMMENT '日志信息',
  `status` char(1) CHARACTER SET utf8mb4 COLLATE utf8mb4_unicode_ci NULL DEFAULT '0' COMMENT '执行状态（0正常 1失败）',
  `exception_info` varchar(2000) CHARACTER SET utf8mb4 COLLATE utf8mb4_unicode_ci NULL DEFAULT '' COMMENT '异常信息',
  `create_time` datetime NULL DEFAULT NULL COMMENT '创建时间',
  PRIMARY KEY (`job_log_id`) USING BTREE
) ENGINE = InnoDB CHARACTER SET = utf8mb4 COLLATE = utf8mb4_unicode_ci COMMENT = '定时任务调度日志表' ROW_FORMAT = DYNAMIC;

-- ----------------------------
-- Records of sys_job_log
-- ----------------------------

-- ----------------------------
-- Table structure for sys_logininfor
-- ----------------------------
DROP TABLE IF EXISTS `sys_logininfor`;
CREATE TABLE `sys_logininfor`  (
  `info_id` bigint NOT NULL AUTO_INCREMENT COMMENT '访问ID',
  `user_name` varchar(50) CHARACTER SET utf8mb4 COLLATE utf8mb4_unicode_ci NULL DEFAULT '' COMMENT '用户账号',
  `ipaddr` varchar(128) CHARACTER SET utf8mb4 COLLATE utf8mb4_unicode_ci NULL DEFAULT '' COMMENT '登录IP地址',
  `login_location` varchar(255) CHARACTER SET utf8mb4 COLLATE utf8mb4_unicode_ci NULL DEFAULT '' COMMENT '登录地点',
  `browser` varchar(50) CHARACTER SET utf8mb4 COLLATE utf8mb4_unicode_ci NULL DEFAULT '' COMMENT '浏览器类型',
  `os` varchar(50) CHARACTER SET utf8mb4 COLLATE utf8mb4_unicode_ci NULL DEFAULT '' COMMENT '操作系统',
  `status` char(1) CHARACTER SET utf8mb4 COLLATE utf8mb4_unicode_ci NULL DEFAULT '0' COMMENT '登录状态（0成功 1失败）',
  `msg` varchar(255) CHARACTER SET utf8mb4 COLLATE utf8mb4_unicode_ci NULL DEFAULT '' COMMENT '提示消息',
  `login_time` datetime NULL DEFAULT NULL COMMENT '访问时间',
  PRIMARY KEY (`info_id`) USING BTREE,
  INDEX `idx_sys_logininfor_s`(`status` ASC) USING BTREE,
  INDEX `idx_sys_logininfor_lt`(`login_time` ASC) USING BTREE
) ENGINE = InnoDB AUTO_INCREMENT = 349 CHARACTER SET = utf8mb4 COLLATE = utf8mb4_unicode_ci COMMENT = '系统访问记录' ROW_FORMAT = DYNAMIC;

-- ----------------------------
-- Records of sys_logininfor
-- ----------------------------
INSERT INTO `sys_logininfor` VALUES (100, 'admin', '127.0.0.1', '内网IP', 'Chrome 14', 'Windows 10', '0', '登录成功', '2025-10-30 18:05:38');
INSERT INTO `sys_logininfor` VALUES (101, 'admin', '127.0.0.1', '内网IP', 'Chrome 14', 'Windows 10', '0', '登录成功', '2025-10-30 20:17:20');
INSERT INTO `sys_logininfor` VALUES (102, 'admin', '127.0.0.1', '内网IP', 'Chrome 14', 'Windows 10', '0', '登录成功', '2025-10-31 19:10:48');
INSERT INTO `sys_logininfor` VALUES (103, 'admin', '127.0.0.1', '内网IP', 'Chrome 14', 'Windows 10', '0', '登录成功', '2025-10-31 19:21:07');
INSERT INTO `sys_logininfor` VALUES (104, 'admin', '127.0.0.1', '内网IP', 'Chrome 14', 'Windows 10', '0', '登录成功', '2025-10-31 21:36:17');
INSERT INTO `sys_logininfor` VALUES (105, 'admin', '127.0.0.1', '内网IP', 'Chrome 14', 'Windows 10', '0', '登录成功', '2025-11-01 15:11:52');
INSERT INTO `sys_logininfor` VALUES (106, 'admin', '127.0.0.1', '内网IP', 'Chrome 14', 'Windows 10', '0', '登录成功', '2025-11-01 17:25:16');
INSERT INTO `sys_logininfor` VALUES (107, 'admin', '127.0.0.1', '内网IP', 'Chrome 12', 'Windows 10', '0', '登录成功', '2025-11-01 23:25:50');
INSERT INTO `sys_logininfor` VALUES (108, 'admin', '127.0.0.1', '内网IP', 'Chrome 12', 'Windows 10', '0', '登录成功', '2025-11-02 00:20:23');
INSERT INTO `sys_logininfor` VALUES (109, 'admin', '127.0.0.1', '内网IP', 'Chrome 12', 'Windows 10', '0', '登录成功', '2025-11-02 00:56:37');
INSERT INTO `sys_logininfor` VALUES (110, 'admin', '127.0.0.1', '内网IP', 'Chrome 14', 'Windows 10', '0', '登录成功', '2025-11-02 01:07:48');
INSERT INTO `sys_logininfor` VALUES (111, 'admin', '127.0.0.1', '内网IP', 'Chrome 14', 'Windows 10', '0', '登录成功', '2025-11-02 16:25:50');
INSERT INTO `sys_logininfor` VALUES (112, 'admin', '127.0.0.1', '内网IP', 'Chrome 14', 'Windows 10', '0', '登录成功', '2025-11-02 17:50:20');
INSERT INTO `sys_logininfor` VALUES (113, 'admin', '127.0.0.1', '内网IP', 'Chrome 14', 'Windows 10', '0', '登录成功', '2025-11-02 18:22:02');
INSERT INTO `sys_logininfor` VALUES (114, 'admin', '127.0.0.1', '内网IP', 'Chrome 14', 'Windows 10', '0', '登录成功', '2025-11-04 19:02:07');
INSERT INTO `sys_logininfor` VALUES (115, 'admin', '127.0.0.1', '内网IP', 'Chrome 14', 'Windows 10', '0', '登录成功', '2025-11-04 19:09:27');
INSERT INTO `sys_logininfor` VALUES (116, 'admin', '127.0.0.1', '内网IP', 'Chrome 14', 'Windows 10', '0', '登录成功', '2025-11-04 20:21:30');
INSERT INTO `sys_logininfor` VALUES (117, 'admin', '127.0.0.1', '内网IP', 'Chrome 14', 'Windows 10', '0', '登录成功', '2025-11-04 21:34:08');
INSERT INTO `sys_logininfor` VALUES (118, 'admin', '127.0.0.1', '内网IP', 'Chrome 14', 'Windows 10', '0', '登录成功', '2025-11-04 22:20:35');
INSERT INTO `sys_logininfor` VALUES (119, 'admin', '127.0.0.1', '内网IP', 'Chrome 14', 'Windows 10', '0', '登录成功', '2025-11-06 17:57:40');
INSERT INTO `sys_logininfor` VALUES (120, 'admin', '127.0.0.1', '内网IP', 'Chrome 14', 'Windows 10', '0', '登录成功', '2025-11-06 18:37:46');
INSERT INTO `sys_logininfor` VALUES (121, 'admin', '127.0.0.1', '内网IP', 'Chrome 14', 'Windows 10', '0', '登录成功', '2025-11-06 20:02:41');
INSERT INTO `sys_logininfor` VALUES (122, 'admin', '127.0.0.1', '内网IP', 'Chrome 14', 'Windows 10', '0', '退出成功', '2025-11-06 20:14:59');
INSERT INTO `sys_logininfor` VALUES (123, 'admin', '127.0.0.1', '内网IP', 'Chrome 14', 'Windows 10', '0', '登录成功', '2025-11-06 20:15:05');
INSERT INTO `sys_logininfor` VALUES (124, 'admin', '127.0.0.1', '内网IP', 'Chrome 14', 'Windows 10', '0', '登录成功', '2025-11-06 21:58:04');
INSERT INTO `sys_logininfor` VALUES (125, 'admin', '127.0.0.1', '内网IP', 'Chrome 14', 'Windows 10', '0', '登录成功', '2025-11-07 09:52:48');
INSERT INTO `sys_logininfor` VALUES (126, 'admin', '127.0.0.1', '内网IP', 'Chrome 14', 'Windows 10', '0', '登录成功', '2025-11-07 10:16:54');
INSERT INTO `sys_logininfor` VALUES (127, 'admin', '127.0.0.1', '内网IP', 'Chrome 14', 'Windows 10', '0', '登录成功', '2025-11-07 11:12:26');
INSERT INTO `sys_logininfor` VALUES (128, 'admin', '127.0.0.1', '内网IP', 'Chrome 14', 'Windows 10', '0', '登录成功', '2025-11-11 16:54:47');
INSERT INTO `sys_logininfor` VALUES (129, 'admin', '127.0.0.1', '内网IP', 'Chrome 14', 'Windows 10', '0', '登录成功', '2025-11-11 19:38:32');
INSERT INTO `sys_logininfor` VALUES (130, 'admin', '127.0.0.1', '内网IP', 'Chrome 14', 'Windows 10', '0', '登录成功', '2025-11-11 22:50:09');
INSERT INTO `sys_logininfor` VALUES (131, 'admin', '127.0.0.1', '内网IP', 'Chrome 14', 'Windows 10', '0', '登录成功', '2025-11-12 00:33:47');
INSERT INTO `sys_logininfor` VALUES (132, 'admin', '127.0.0.1', '内网IP', 'Chrome 14', 'Windows 10', '0', '退出成功', '2025-11-12 00:42:20');
INSERT INTO `sys_logininfor` VALUES (133, 'admin', '127.0.0.1', '内网IP', 'Chrome 14', 'Windows 10', '0', '登录成功', '2025-11-12 00:56:30');
INSERT INTO `sys_logininfor` VALUES (134, 'admin', '127.0.0.1', '内网IP', 'Chrome 14', 'Windows 10', '0', '退出成功', '2025-11-12 00:56:40');
INSERT INTO `sys_logininfor` VALUES (135, 'admin', '127.0.0.1', '内网IP', 'Chrome 14', 'Windows 10', '0', '登录成功', '2025-11-12 00:58:27');
INSERT INTO `sys_logininfor` VALUES (136, 'admin', '127.0.0.1', '内网IP', 'Chrome 14', 'Windows 10', '0', '退出成功', '2025-11-12 00:58:35');
INSERT INTO `sys_logininfor` VALUES (137, 'admin', '127.0.0.1', '内网IP', 'Chrome 14', 'Windows 10', '1', '验证码已失效', '2025-11-12 01:05:56');
INSERT INTO `sys_logininfor` VALUES (138, 'admin', '127.0.0.1', '内网IP', 'Chrome 14', 'Windows 10', '0', '登录成功', '2025-11-12 01:06:01');
INSERT INTO `sys_logininfor` VALUES (139, 'admin', '127.0.0.1', '内网IP', 'Chrome 14', 'Windows 10', '0', '退出成功', '2025-11-12 01:21:05');
INSERT INTO `sys_logininfor` VALUES (140, '张三', '127.0.0.1', '内网IP', 'Chrome 14', 'Windows 10', '1', '用户不存在/密码错误', '2025-11-12 01:21:25');
INSERT INTO `sys_logininfor` VALUES (141, '张三', '127.0.0.1', '内网IP', 'Chrome 14', 'Windows 10', '1', '用户不存在/密码错误', '2025-11-12 01:22:16');
INSERT INTO `sys_logininfor` VALUES (142, '张三', '127.0.0.1', '内网IP', 'Chrome 14', 'Windows 10', '1', '验证码错误', '2025-11-12 01:22:18');
INSERT INTO `sys_logininfor` VALUES (143, 'ry', '127.0.0.1', '内网IP', 'Chrome 14', 'Windows 10', '1', '用户不存在/密码错误', '2025-11-12 01:22:53');
INSERT INTO `sys_logininfor` VALUES (144, 'ry', '127.0.0.1', '内网IP', 'Chrome 14', 'Windows 10', '1', '用户不存在/密码错误', '2025-11-12 01:23:02');
INSERT INTO `sys_logininfor` VALUES (145, 'ry', '127.0.0.1', '内网IP', 'Chrome 14', 'Windows 10', '0', '登录成功', '2025-11-12 01:23:29');
INSERT INTO `sys_logininfor` VALUES (146, 'ry', '127.0.0.1', '内网IP', 'Chrome 14', 'Windows 10', '0', '退出成功', '2025-11-12 01:24:08');
INSERT INTO `sys_logininfor` VALUES (147, 'admin', '127.0.0.1', '内网IP', 'Chrome 14', 'Windows 10', '0', '登录成功', '2025-11-12 01:24:17');
INSERT INTO `sys_logininfor` VALUES (148, 'admin', '127.0.0.1', '内网IP', 'Chrome 14', 'Windows 10', '0', '退出成功', '2025-11-12 01:34:46');
INSERT INTO `sys_logininfor` VALUES (149, 'teacher_zhang', '127.0.0.1', '内网IP', 'Chrome 14', 'Windows 10', '0', '登录成功', '2025-11-12 01:35:27');
INSERT INTO `sys_logininfor` VALUES (150, 'teacher_zhang', '127.0.0.1', '内网IP', 'Chrome 14', 'Windows 10', '0', '退出成功', '2025-11-12 01:37:57');
INSERT INTO `sys_logininfor` VALUES (151, 'admin', '127.0.0.1', '内网IP', 'Chrome 14', 'Windows 10', '0', '登录成功', '2025-11-12 01:38:13');
INSERT INTO `sys_logininfor` VALUES (152, 'admin', '127.0.0.1', '内网IP', 'Chrome 14', 'Windows 10', '0', '退出成功', '2025-11-12 01:40:40');
INSERT INTO `sys_logininfor` VALUES (153, 'teacher_zhang', '127.0.0.1', '内网IP', 'Chrome 14', 'Windows 10', '0', '登录成功', '2025-11-12 01:41:23');
INSERT INTO `sys_logininfor` VALUES (154, 'teacher_zhang', '127.0.0.1', '内网IP', 'Chrome 14', 'Windows 10', '0', '退出成功', '2025-11-12 01:48:07');
INSERT INTO `sys_logininfor` VALUES (155, 'admin', '127.0.0.1', '内网IP', 'Chrome 14', 'Windows 10', '0', '登录成功', '2025-11-12 01:48:20');
INSERT INTO `sys_logininfor` VALUES (156, 'admin', '127.0.0.1', '内网IP', 'Chrome 14', 'Windows 10', '0', '退出成功', '2025-11-12 01:51:07');
INSERT INTO `sys_logininfor` VALUES (157, 'teacher_zhang', '127.0.0.1', '内网IP', 'Chrome 14', 'Windows 10', '0', '登录成功', '2025-11-12 01:51:23');
INSERT INTO `sys_logininfor` VALUES (158, 'teacher_zhang', '127.0.0.1', '内网IP', 'Chrome 14', 'Windows 10', '0', '退出成功', '2025-11-12 01:53:08');
INSERT INTO `sys_logininfor` VALUES (159, 'admin', '127.0.0.1', '内网IP', 'Chrome 14', 'Windows 10', '0', '登录成功', '2025-11-12 01:53:22');
INSERT INTO `sys_logininfor` VALUES (160, 'admin', '127.0.0.1', '内网IP', 'Chrome 14', 'Windows 10', '0', '退出成功', '2025-11-12 01:55:57');
INSERT INTO `sys_logininfor` VALUES (161, 'teacher_zhang', '127.0.0.1', '内网IP', 'Chrome 14', 'Windows 10', '0', '登录成功', '2025-11-12 01:56:14');
INSERT INTO `sys_logininfor` VALUES (162, 'teacher_zhang', '127.0.0.1', '内网IP', 'Chrome 14', 'Windows 10', '0', '登录成功', '2025-11-12 11:33:11');
INSERT INTO `sys_logininfor` VALUES (163, 'teacher_zhang', '127.0.0.1', '内网IP', 'Chrome 14', 'Windows 10', '0', '退出成功', '2025-11-12 11:50:39');
INSERT INTO `sys_logininfor` VALUES (164, 'admin', '127.0.0.1', '内网IP', 'Chrome 14', 'Windows 10', '0', '登录成功', '2025-11-12 11:50:59');
INSERT INTO `sys_logininfor` VALUES (165, 'admin', '127.0.0.1', '内网IP', 'Chrome 14', 'Windows 10', '0', '登录成功', '2025-11-12 15:07:35');
INSERT INTO `sys_logininfor` VALUES (166, 'admin', '127.0.0.1', '内网IP', 'Chrome 14', 'Windows 10', '0', '退出成功', '2025-11-12 15:16:27');
INSERT INTO `sys_logininfor` VALUES (167, 'teacher_zhang', '127.0.0.1', '内网IP', 'Chrome 14', 'Windows 10', '0', '登录成功', '2025-11-12 15:16:45');
INSERT INTO `sys_logininfor` VALUES (168, 'teacher_zhang', '127.0.0.1', '内网IP', 'Chrome 14', 'Windows 10', '0', '退出成功', '2025-11-12 15:17:27');
INSERT INTO `sys_logininfor` VALUES (169, 'admin', '127.0.0.1', '内网IP', 'Chrome 14', 'Windows 10', '1', '验证码错误', '2025-11-12 15:17:39');
INSERT INTO `sys_logininfor` VALUES (170, 'admin', '127.0.0.1', '内网IP', 'Chrome 14', 'Windows 10', '0', '登录成功', '2025-11-12 15:17:42');
INSERT INTO `sys_logininfor` VALUES (171, 'admin', '127.0.0.1', '内网IP', 'Chrome 14', 'Windows 10', '0', '退出成功', '2025-11-12 15:18:32');
INSERT INTO `sys_logininfor` VALUES (172, 'student_li', '127.0.0.1', '内网IP', 'Chrome 14', 'Windows 10', '0', '登录成功', '2025-11-12 15:18:45');
INSERT INTO `sys_logininfor` VALUES (173, 'student_li', '127.0.0.1', '内网IP', 'Chrome 14', 'Windows 10', '0', '登录成功', '2025-11-12 15:21:45');
INSERT INTO `sys_logininfor` VALUES (174, 'student_li', '127.0.0.1', '内网IP', 'Chrome 14', 'Windows 10', '0', '退出成功', '2025-11-12 15:22:19');
INSERT INTO `sys_logininfor` VALUES (175, 'admin', '127.0.0.1', '内网IP', 'Chrome 14', 'Windows 10', '0', '登录成功', '2025-11-12 15:22:32');
INSERT INTO `sys_logininfor` VALUES (176, 'admin', '127.0.0.1', '内网IP', 'Chrome 14', 'Windows 10', '0', '退出成功', '2025-11-12 15:26:45');
INSERT INTO `sys_logininfor` VALUES (177, 'teacher_zhang', '127.0.0.1', '内网IP', 'Chrome 14', 'Windows 10', '0', '登录成功', '2025-11-12 15:28:23');
INSERT INTO `sys_logininfor` VALUES (178, 'teacher_zhang', '127.0.0.1', '内网IP', 'Chrome 14', 'Windows 10', '0', '退出成功', '2025-11-12 15:48:31');
INSERT INTO `sys_logininfor` VALUES (179, 'admin', '127.0.0.1', '内网IP', 'Chrome 14', 'Windows 10', '0', '登录成功', '2025-11-12 15:48:43');
INSERT INTO `sys_logininfor` VALUES (180, 'admin', '127.0.0.1', '内网IP', 'Chrome 14', 'Windows 10', '0', '退出成功', '2025-11-12 15:50:47');
INSERT INTO `sys_logininfor` VALUES (181, 'teacher_zhang', '127.0.0.1', '内网IP', 'Chrome 14', 'Windows 10', '0', '登录成功', '2025-11-12 15:51:00');
INSERT INTO `sys_logininfor` VALUES (182, 'teacher_zhang', '127.0.0.1', '内网IP', 'Chrome 14', 'Windows 10', '0', '退出成功', '2025-11-12 15:52:11');
INSERT INTO `sys_logininfor` VALUES (183, 'student_li', '127.0.0.1', '内网IP', 'Chrome 14', 'Windows 10', '0', '登录成功', '2025-11-12 15:52:21');
INSERT INTO `sys_logininfor` VALUES (184, 'student_li', '127.0.0.1', '内网IP', 'Chrome 14', 'Windows 10', '0', '退出成功', '2025-11-12 15:53:04');
INSERT INTO `sys_logininfor` VALUES (185, 'admin', '127.0.0.1', '内网IP', 'Chrome 14', 'Windows 10', '0', '登录成功', '2025-11-12 15:53:14');
INSERT INTO `sys_logininfor` VALUES (186, 'admin', '127.0.0.1', '内网IP', 'Chrome 14', 'Windows 10', '0', '登录成功', '2025-11-12 16:24:22');
INSERT INTO `sys_logininfor` VALUES (187, 'admin', '127.0.0.1', '内网IP', 'Chrome 14', 'Windows 10', '0', '退出成功', '2025-11-12 16:31:45');
INSERT INTO `sys_logininfor` VALUES (188, 'teacher_zhang', '127.0.0.1', '内网IP', 'Chrome 14', 'Windows 10', '0', '登录成功', '2025-11-12 16:32:02');
INSERT INTO `sys_logininfor` VALUES (189, 'teacher_zhang', '127.0.0.1', '内网IP', 'Chrome 14', 'Windows 10', '0', '退出成功', '2025-11-12 16:35:16');
INSERT INTO `sys_logininfor` VALUES (190, 'admin', '127.0.0.1', '内网IP', 'Chrome 14', 'Windows 10', '0', '登录成功', '2025-11-12 16:35:26');
INSERT INTO `sys_logininfor` VALUES (191, 'admin', '127.0.0.1', '内网IP', 'Chrome 14', 'Windows 10', '0', '登录成功', '2025-11-12 16:45:19');
INSERT INTO `sys_logininfor` VALUES (192, 'admin', '127.0.0.1', '内网IP', 'Chrome 14', 'Windows 10', '0', '退出成功', '2025-11-12 17:02:05');
INSERT INTO `sys_logininfor` VALUES (193, 'teacher_zhang', '127.0.0.1', '内网IP', 'Chrome 14', 'Windows 10', '1', '验证码错误', '2025-11-12 17:02:22');
INSERT INTO `sys_logininfor` VALUES (194, 'teacher_zhang', '127.0.0.1', '内网IP', 'Chrome 14', 'Windows 10', '0', '登录成功', '2025-11-12 17:02:25');
INSERT INTO `sys_logininfor` VALUES (195, 'teacher_zhang', '127.0.0.1', '内网IP', 'Chrome 14', 'Windows 10', '0', '退出成功', '2025-11-12 17:12:06');
INSERT INTO `sys_logininfor` VALUES (196, 'admin', '127.0.0.1', '内网IP', 'Chrome 14', 'Windows 10', '1', '用户不存在/密码错误', '2025-11-12 17:12:17');
INSERT INTO `sys_logininfor` VALUES (197, 'admin', '127.0.0.1', '内网IP', 'Chrome 14', 'Windows 10', '0', '登录成功', '2025-11-12 17:12:27');
INSERT INTO `sys_logininfor` VALUES (198, 'admin', '127.0.0.1', '内网IP', 'Chrome 14', 'Windows 10', '0', '退出成功', '2025-11-12 17:17:11');
INSERT INTO `sys_logininfor` VALUES (199, 'teacher_zhang', '127.0.0.1', '内网IP', 'Chrome 14', 'Windows 10', '0', '登录成功', '2025-11-12 17:17:26');
INSERT INTO `sys_logininfor` VALUES (200, 'teacher_zhang', '127.0.0.1', '内网IP', 'Chrome 14', 'Windows 10', '0', '退出成功', '2025-11-12 17:17:53');
INSERT INTO `sys_logininfor` VALUES (201, 'admin', '127.0.0.1', '内网IP', 'Chrome 14', 'Windows 10', '0', '登录成功', '2025-11-12 17:18:06');
INSERT INTO `sys_logininfor` VALUES (202, 'admin', '127.0.0.1', '内网IP', 'Chrome 14', 'Windows 10', '0', '退出成功', '2025-11-12 17:36:21');
INSERT INTO `sys_logininfor` VALUES (203, 'teacher_zhang', '127.0.0.1', '内网IP', 'Chrome 14', 'Windows 10', '0', '登录成功', '2025-11-12 17:36:34');
INSERT INTO `sys_logininfor` VALUES (204, 'teacher_zhang', '127.0.0.1', '内网IP', 'Chrome 14', 'Windows 10', '0', '退出成功', '2025-11-12 17:37:18');
INSERT INTO `sys_logininfor` VALUES (205, 'teacher_zhang', '127.0.0.1', '内网IP', 'Chrome 14', 'Windows 10', '1', '验证码错误', '2025-11-12 17:37:21');
INSERT INTO `sys_logininfor` VALUES (206, 'teacher_zhang', '127.0.0.1', '内网IP', 'Chrome 14', 'Windows 10', '1', '验证码错误', '2025-11-12 17:37:24');
INSERT INTO `sys_logininfor` VALUES (207, 'teacher_zhang', '127.0.0.1', '内网IP', 'Chrome 14', 'Windows 10', '0', '登录成功', '2025-11-12 17:37:27');
INSERT INTO `sys_logininfor` VALUES (208, 'teacher_zhang', '127.0.0.1', '内网IP', 'Chrome 14', 'Windows 10', '0', '退出成功', '2025-11-12 17:37:43');
INSERT INTO `sys_logininfor` VALUES (209, 'teacher_zhang', '127.0.0.1', '内网IP', 'Chrome 14', 'Windows 10', '1', '用户不存在/密码错误', '2025-11-12 17:37:49');
INSERT INTO `sys_logininfor` VALUES (210, 'teacher_zhang', '127.0.0.1', '内网IP', 'Chrome 14', 'Windows 10', '0', '登录成功', '2025-11-12 17:37:55');
INSERT INTO `sys_logininfor` VALUES (211, 'teacher_zhang', '127.0.0.1', '内网IP', 'Chrome 14', 'Windows 10', '0', '退出成功', '2025-11-12 17:40:27');
INSERT INTO `sys_logininfor` VALUES (212, 'teacher_zhang', '127.0.0.1', '内网IP', 'Chrome 14', 'Windows 10', '0', '登录成功', '2025-11-12 17:40:31');
INSERT INTO `sys_logininfor` VALUES (213, 'teacher_zhang', '127.0.0.1', '内网IP', 'Chrome 14', 'Windows 10', '0', '退出成功', '2025-11-12 17:47:16');
INSERT INTO `sys_logininfor` VALUES (214, 'teacher_zhang', '127.0.0.1', '内网IP', 'Chrome 14', 'Windows 10', '0', '登录成功', '2025-11-12 17:47:18');
INSERT INTO `sys_logininfor` VALUES (215, 'teacher_zhang', '127.0.0.1', '内网IP', 'Chrome 14', 'Windows 10', '0', '退出成功', '2025-11-12 17:47:31');
INSERT INTO `sys_logininfor` VALUES (216, 'admin', '127.0.0.1', '内网IP', 'Chrome 14', 'Windows 10', '0', '登录成功', '2025-11-12 17:47:41');
INSERT INTO `sys_logininfor` VALUES (217, 'admin', '127.0.0.1', '内网IP', 'Chrome 14', 'Windows 10', '0', '退出成功', '2025-11-12 17:52:42');
INSERT INTO `sys_logininfor` VALUES (218, 'admin', '127.0.0.1', '内网IP', 'Chrome 14', 'Windows 10', '0', '登录成功', '2025-11-12 17:52:45');
INSERT INTO `sys_logininfor` VALUES (219, 'admin', '127.0.0.1', '内网IP', 'Chrome 14', 'Windows 10', '0', '退出成功', '2025-11-12 18:07:50');
INSERT INTO `sys_logininfor` VALUES (220, 'teacher_zhang', '127.0.0.1', '内网IP', 'Chrome 14', 'Windows 10', '0', '登录成功', '2025-11-12 18:08:11');
INSERT INTO `sys_logininfor` VALUES (221, 'teacher_zhang', '127.0.0.1', '内网IP', 'Chrome 14', 'Windows 10', '0', '退出成功', '2025-11-12 18:19:46');
INSERT INTO `sys_logininfor` VALUES (222, 'admin', '127.0.0.1', '内网IP', 'Chrome 14', 'Windows 10', '0', '登录成功', '2025-11-12 18:19:57');
INSERT INTO `sys_logininfor` VALUES (223, 'admin', '127.0.0.1', '内网IP', 'Chrome 14', 'Windows 10', '0', '退出成功', '2025-11-12 18:29:46');
INSERT INTO `sys_logininfor` VALUES (224, 'teacher_zhang', '127.0.0.1', '内网IP', 'Chrome 14', 'Windows 10', '1', '验证码错误', '2025-11-12 18:29:58');
INSERT INTO `sys_logininfor` VALUES (225, 'teacher_zhang', '127.0.0.1', '内网IP', 'Chrome 14', 'Windows 10', '0', '登录成功', '2025-11-12 18:30:01');
INSERT INTO `sys_logininfor` VALUES (226, 'teacher_zhang', '127.0.0.1', '内网IP', 'Chrome 14', 'Windows 10', '0', '登录成功', '2025-11-12 19:01:23');
INSERT INTO `sys_logininfor` VALUES (227, 'teacher_zhang', '127.0.0.1', '内网IP', 'Chrome 14', 'Windows 10', '0', '退出成功', '2025-11-12 19:01:45');
INSERT INTO `sys_logininfor` VALUES (228, 'admin', '127.0.0.1', '内网IP', 'Chrome 14', 'Windows 10', '0', '登录成功', '2025-11-12 19:01:57');
INSERT INTO `sys_logininfor` VALUES (229, 'admin', '127.0.0.1', '内网IP', 'Chrome 14', 'Windows 10', '0', '退出成功', '2025-11-12 19:17:58');
INSERT INTO `sys_logininfor` VALUES (230, 'teacher_zhang', '127.0.0.1', '内网IP', 'Chrome 14', 'Windows 10', '1', '验证码错误', '2025-11-12 19:18:14');
INSERT INTO `sys_logininfor` VALUES (231, 'teacher_zhang', '127.0.0.1', '内网IP', 'Chrome 14', 'Windows 10', '1', '验证码错误', '2025-11-12 19:18:18');
INSERT INTO `sys_logininfor` VALUES (232, 'teacher_zhang', '127.0.0.1', '内网IP', 'Chrome 14', 'Windows 10', '0', '登录成功', '2025-11-12 19:18:23');
INSERT INTO `sys_logininfor` VALUES (233, 'teacher_zhang', '127.0.0.1', '内网IP', 'Chrome 14', 'Windows 10', '0', '退出成功', '2025-11-12 19:18:46');
INSERT INTO `sys_logininfor` VALUES (234, 'student_li', '127.0.0.1', '内网IP', 'Chrome 14', 'Windows 10', '0', '登录成功', '2025-11-12 19:18:57');
INSERT INTO `sys_logininfor` VALUES (235, 'student_li', '127.0.0.1', '内网IP', 'Chrome 14', 'Windows 10', '0', '退出成功', '2025-11-12 19:24:20');
INSERT INTO `sys_logininfor` VALUES (236, 'admin', '127.0.0.1', '内网IP', 'Chrome 14', 'Windows 10', '1', '验证码错误', '2025-11-12 19:24:36');
INSERT INTO `sys_logininfor` VALUES (237, 'admin', '127.0.0.1', '内网IP', 'Chrome 14', 'Windows 10', '0', '登录成功', '2025-11-12 19:24:39');
INSERT INTO `sys_logininfor` VALUES (238, 'admin', '127.0.0.1', '内网IP', 'Chrome 14', 'Windows 10', '0', '退出成功', '2025-11-12 19:24:58');
INSERT INTO `sys_logininfor` VALUES (239, 'teacher_zhang', '127.0.0.1', '内网IP', 'Chrome 14', 'Windows 10', '0', '登录成功', '2025-11-12 19:25:09');
INSERT INTO `sys_logininfor` VALUES (240, 'teacher_zhang', '127.0.0.1', '内网IP', 'Chrome 14', 'Windows 10', '0', '退出成功', '2025-11-12 19:28:18');
INSERT INTO `sys_logininfor` VALUES (241, 'teacher_zhang', '127.0.0.1', '内网IP', 'Chrome 14', 'Windows 10', '0', '登录成功', '2025-11-12 19:28:22');
INSERT INTO `sys_logininfor` VALUES (242, 'teacher_zhang', '127.0.0.1', '内网IP', 'Chrome 14', 'Windows 10', '0', '退出成功', '2025-11-12 19:41:25');
INSERT INTO `sys_logininfor` VALUES (243, 'admin', '127.0.0.1', '内网IP', 'Chrome 14', 'Windows 10', '0', '登录成功', '2025-11-12 19:41:35');
INSERT INTO `sys_logininfor` VALUES (244, 'admin', '127.0.0.1', '内网IP', 'Chrome 14', 'Windows 10', '0', '退出成功', '2025-11-12 19:42:10');
INSERT INTO `sys_logininfor` VALUES (245, 'admin', '127.0.0.1', '内网IP', 'Chrome 14', 'Windows 10', '1', '验证码错误', '2025-11-12 19:42:13');
INSERT INTO `sys_logininfor` VALUES (246, 'admin', '127.0.0.1', '内网IP', 'Chrome 14', 'Windows 10', '0', '登录成功', '2025-11-12 19:42:15');
INSERT INTO `sys_logininfor` VALUES (247, 'admin', '127.0.0.1', '内网IP', 'Chrome 14', 'Windows 10', '0', '退出成功', '2025-11-12 19:43:33');
INSERT INTO `sys_logininfor` VALUES (248, 'admin', '127.0.0.1', '内网IP', 'Chrome 14', 'Windows 10', '1', '验证码错误', '2025-11-12 19:43:36');
INSERT INTO `sys_logininfor` VALUES (249, 'admin', '127.0.0.1', '内网IP', 'Chrome 14', 'Windows 10', '1', '验证码错误', '2025-11-12 19:43:40');
INSERT INTO `sys_logininfor` VALUES (250, 'admin', '127.0.0.1', '内网IP', 'Chrome 14', 'Windows 10', '0', '登录成功', '2025-11-12 19:43:42');
INSERT INTO `sys_logininfor` VALUES (251, 'admin', '127.0.0.1', '内网IP', 'Chrome 14', 'Windows 10', '0', '退出成功', '2025-11-12 19:52:37');
INSERT INTO `sys_logininfor` VALUES (252, 'admin', '127.0.0.1', '内网IP', 'Chrome 14', 'Windows 10', '0', '登录成功', '2025-11-12 19:52:41');
INSERT INTO `sys_logininfor` VALUES (253, 'admin', '127.0.0.1', '内网IP', 'Chrome 14', 'Windows 10', '0', '退出成功', '2025-11-12 19:52:52');
INSERT INTO `sys_logininfor` VALUES (254, 'teacher_zhang', '127.0.0.1', '内网IP', 'Chrome 14', 'Windows 10', '0', '登录成功', '2025-11-12 19:53:04');
INSERT INTO `sys_logininfor` VALUES (255, 'teacher_zhang', '127.0.0.1', '内网IP', 'Chrome 14', 'Windows 10', '0', '退出成功', '2025-11-12 19:53:34');
INSERT INTO `sys_logininfor` VALUES (256, 'admin', '127.0.0.1', '内网IP', 'Chrome 14', 'Windows 10', '0', '登录成功', '2025-11-12 19:53:43');
INSERT INTO `sys_logininfor` VALUES (257, 'admin', '127.0.0.1', '内网IP', 'Chrome 14', 'Windows 10', '0', '退出成功', '2025-11-12 19:57:14');
INSERT INTO `sys_logininfor` VALUES (258, 'admin', '127.0.0.1', '内网IP', 'Chrome 14', 'Windows 10', '1', '验证码错误', '2025-11-12 19:57:17');
INSERT INTO `sys_logininfor` VALUES (259, 'admin', '127.0.0.1', '内网IP', 'Chrome 14', 'Windows 10', '1', '验证码错误', '2025-11-12 19:57:20');
INSERT INTO `sys_logininfor` VALUES (260, 'admin', '127.0.0.1', '内网IP', 'Chrome 14', 'Windows 10', '0', '登录成功', '2025-11-12 19:57:24');
INSERT INTO `sys_logininfor` VALUES (261, 'admin', '127.0.0.1', '内网IP', 'Chrome 14', 'Windows 10', '0', '退出成功', '2025-11-12 20:03:32');
INSERT INTO `sys_logininfor` VALUES (262, 'admin', '127.0.0.1', '内网IP', 'Chrome 14', 'Windows 10', '1', '验证码错误', '2025-11-12 20:03:35');
INSERT INTO `sys_logininfor` VALUES (263, 'admin', '127.0.0.1', '内网IP', 'Chrome 14', 'Windows 10', '0', '登录成功', '2025-11-12 20:03:38');
INSERT INTO `sys_logininfor` VALUES (264, 'admin', '127.0.0.1', '内网IP', 'Chrome 14', 'Windows 10', '0', '退出成功', '2025-11-12 20:04:52');
INSERT INTO `sys_logininfor` VALUES (265, 'admin', '127.0.0.1', '内网IP', 'Chrome 14', 'Windows 10', '1', '验证码错误', '2025-11-12 20:04:56');
INSERT INTO `sys_logininfor` VALUES (266, 'admin', '127.0.0.1', '内网IP', 'Chrome 14', 'Windows 10', '0', '登录成功', '2025-11-12 20:04:59');
INSERT INTO `sys_logininfor` VALUES (267, 'admin', '127.0.0.1', '内网IP', 'Chrome 14', 'Windows 10', '0', '退出成功', '2025-11-12 20:09:32');
INSERT INTO `sys_logininfor` VALUES (268, 'admin', '127.0.0.1', '内网IP', 'Chrome 14', 'Windows 10', '0', '登录成功', '2025-11-12 20:09:36');
INSERT INTO `sys_logininfor` VALUES (269, 'admin', '127.0.0.1', '内网IP', 'Chrome 14', 'Windows 10', '0', '退出成功', '2025-11-12 20:09:52');
INSERT INTO `sys_logininfor` VALUES (270, 'teacher_zhang', '127.0.0.1', '内网IP', 'Chrome 14', 'Windows 10', '0', '登录成功', '2025-11-12 20:10:05');
INSERT INTO `sys_logininfor` VALUES (271, 'teacher_zhang', '127.0.0.1', '内网IP', 'Chrome 14', 'Windows 10', '0', '退出成功', '2025-11-12 20:10:14');
INSERT INTO `sys_logininfor` VALUES (272, 'admin', '127.0.0.1', '内网IP', 'Chrome 14', 'Windows 10', '0', '登录成功', '2025-11-12 20:10:25');
INSERT INTO `sys_logininfor` VALUES (273, 'admin', '127.0.0.1', '内网IP', 'Chrome 14', 'Windows 10', '0', '登录成功', '2025-11-12 23:02:33');
INSERT INTO `sys_logininfor` VALUES (274, 'admin', '127.0.0.1', '内网IP', 'Chrome 14', 'Windows 10', '0', '登录成功', '2025-11-13 02:17:01');
INSERT INTO `sys_logininfor` VALUES (275, 'admin', '127.0.0.1', '内网IP', 'Chrome 14', 'Windows 10', '0', '登录成功', '2025-11-13 16:35:35');
INSERT INTO `sys_logininfor` VALUES (276, 'admin', '127.0.0.1', '内网IP', 'Chrome 14', 'Windows 10', '0', '登录成功', '2025-11-13 17:15:50');
INSERT INTO `sys_logininfor` VALUES (277, 'admin', '127.0.0.1', '内网IP', 'Chrome 14', 'Windows 10', '0', '登录成功', '2025-11-14 10:10:09');
INSERT INTO `sys_logininfor` VALUES (278, 'admin', '127.0.0.1', '内网IP', 'Chrome 14', 'Windows 10', '0', '退出成功', '2025-11-14 10:10:27');
INSERT INTO `sys_logininfor` VALUES (279, 'ry', '127.0.0.1', '内网IP', 'Chrome 14', 'Windows 10', '0', '登录成功', '2025-11-14 10:10:44');
INSERT INTO `sys_logininfor` VALUES (280, 'ry', '127.0.0.1', '内网IP', 'Chrome 14', 'Windows 10', '0', '退出成功', '2025-11-14 10:10:54');
INSERT INTO `sys_logininfor` VALUES (281, 'teacher_zhang', '127.0.0.1', '内网IP', 'Chrome 14', 'Windows 10', '0', '登录成功', '2025-11-14 10:11:09');
INSERT INTO `sys_logininfor` VALUES (282, 'teacher_zhang', '127.0.0.1', '内网IP', 'Chrome 14', 'Windows 10', '0', '退出成功', '2025-11-14 10:14:04');
INSERT INTO `sys_logininfor` VALUES (283, 'admin', '127.0.0.1', '内网IP', 'Chrome 14', 'Windows 10', '0', '登录成功', '2025-11-14 10:14:17');
INSERT INTO `sys_logininfor` VALUES (284, 'admin', '127.0.0.1', '内网IP', 'Chrome 14', 'Windows 10', '0', '退出成功', '2025-11-14 10:15:25');
INSERT INTO `sys_logininfor` VALUES (285, 'ry', '127.0.0.1', '内网IP', 'Chrome 14', 'Windows 10', '0', '登录成功', '2025-11-14 10:15:32');
INSERT INTO `sys_logininfor` VALUES (286, 'ry', '127.0.0.1', '内网IP', 'Chrome 14', 'Windows 10', '0', '退出成功', '2025-11-14 10:34:16');
INSERT INTO `sys_logininfor` VALUES (287, 'admin', '127.0.0.1', '内网IP', 'Chrome 14', 'Windows 10', '0', '登录成功', '2025-11-14 10:34:24');
INSERT INTO `sys_logininfor` VALUES (288, 'admin', '127.0.0.1', '内网IP', 'Chrome 14', 'Windows 10', '0', '退出成功', '2025-11-14 10:35:14');
INSERT INTO `sys_logininfor` VALUES (289, 'ry', '127.0.0.1', '内网IP', 'Chrome 14', 'Windows 10', '0', '登录成功', '2025-11-14 10:35:20');
INSERT INTO `sys_logininfor` VALUES (290, 'ry', '127.0.0.1', '内网IP', 'Chrome 14', 'Windows 10', '0', '退出成功', '2025-11-14 10:35:39');
INSERT INTO `sys_logininfor` VALUES (291, 'admin', '127.0.0.1', '内网IP', 'Chrome 14', 'Windows 10', '0', '登录成功', '2025-11-14 10:35:44');
INSERT INTO `sys_logininfor` VALUES (292, 'admin', '127.0.0.1', '内网IP', 'Chrome 14', 'Windows 10', '0', '退出成功', '2025-11-14 10:36:26');
INSERT INTO `sys_logininfor` VALUES (293, 'teacher_zhang', '127.0.0.1', '内网IP', 'Chrome 14', 'Windows 10', '0', '登录成功', '2025-11-14 10:36:38');
INSERT INTO `sys_logininfor` VALUES (294, 'teacher_zhang', '127.0.0.1', '内网IP', 'Chrome 14', 'Windows 10', '0', '退出成功', '2025-11-14 10:42:18');
INSERT INTO `sys_logininfor` VALUES (295, 'admin', '127.0.0.1', '内网IP', 'Chrome 14', 'Windows 10', '0', '登录成功', '2025-11-14 10:42:30');
INSERT INTO `sys_logininfor` VALUES (296, 'admin', '127.0.0.1', '内网IP', 'Chrome 14', 'Windows 10', '0', '退出成功', '2025-11-14 10:46:09');
INSERT INTO `sys_logininfor` VALUES (297, 'ry', '127.0.0.1', '内网IP', 'Chrome 14', 'Windows 10', '0', '登录成功', '2025-11-14 10:46:17');
INSERT INTO `sys_logininfor` VALUES (298, 'ry', '127.0.0.1', '内网IP', 'Chrome 14', 'Windows 10', '0', '退出成功', '2025-11-14 10:46:55');
INSERT INTO `sys_logininfor` VALUES (299, 'admin', '127.0.0.1', '内网IP', 'Chrome 14', 'Windows 10', '0', '登录成功', '2025-11-14 10:47:02');
INSERT INTO `sys_logininfor` VALUES (300, 'admin', '127.0.0.1', '内网IP', 'Chrome 14', 'Windows 10', '0', '退出成功', '2025-11-14 10:49:48');
INSERT INTO `sys_logininfor` VALUES (301, 'teacher_zhang', '127.0.0.1', '内网IP', 'Chrome 14', 'Windows 10', '0', '登录成功', '2025-11-14 10:49:59');
INSERT INTO `sys_logininfor` VALUES (302, 'teacher_zhang', '127.0.0.1', '内网IP', 'Chrome 14', 'Windows 10', '0', '退出成功', '2025-11-14 10:50:27');
INSERT INTO `sys_logininfor` VALUES (303, 'admin', '127.0.0.1', '内网IP', 'Chrome 14', 'Windows 10', '0', '登录成功', '2025-11-14 10:50:48');
INSERT INTO `sys_logininfor` VALUES (304, 'admin', '127.0.0.1', '内网IP', 'Chrome 14', 'Windows 10', '0', '退出成功', '2025-11-14 10:56:14');
INSERT INTO `sys_logininfor` VALUES (305, 'teacher_zhang', '127.0.0.1', '内网IP', 'Chrome 14', 'Windows 10', '0', '登录成功', '2025-11-14 10:56:23');
INSERT INTO `sys_logininfor` VALUES (306, 'teacher_zhang', '127.0.0.1', '内网IP', 'Chrome 14', 'Windows 10', '0', '退出成功', '2025-11-14 10:56:37');
INSERT INTO `sys_logininfor` VALUES (307, 'admin', '127.0.0.1', '内网IP', 'Chrome 14', 'Windows 10', '0', '登录成功', '2025-11-14 10:56:56');
INSERT INTO `sys_logininfor` VALUES (308, 'admin', '127.0.0.1', '内网IP', 'Chrome 14', 'Windows 10', '0', '退出成功', '2025-11-14 11:03:36');
INSERT INTO `sys_logininfor` VALUES (309, 'teacher_zhang', '127.0.0.1', '内网IP', 'Chrome 14', 'Windows 10', '0', '登录成功', '2025-11-14 11:03:52');
INSERT INTO `sys_logininfor` VALUES (310, 'teacher_zhang', '127.0.0.1', '内网IP', 'Chrome 14', 'Windows 10', '0', '退出成功', '2025-11-14 11:04:16');
INSERT INTO `sys_logininfor` VALUES (311, 'admin', '127.0.0.1', '内网IP', 'Chrome 14', 'Windows 10', '0', '登录成功', '2025-11-14 11:04:24');
INSERT INTO `sys_logininfor` VALUES (312, 'admin', '127.0.0.1', '内网IP', 'Chrome 14', 'Windows 10', '0', '退出成功', '2025-11-14 11:11:33');
INSERT INTO `sys_logininfor` VALUES (313, 'teacher_zhang', '127.0.0.1', '内网IP', 'Chrome 14', 'Windows 10', '0', '登录成功', '2025-11-14 11:11:45');
INSERT INTO `sys_logininfor` VALUES (314, 'teacher_zhang', '127.0.0.1', '内网IP', 'Chrome 14', 'Windows 10', '0', '退出成功', '2025-11-14 11:12:03');
INSERT INTO `sys_logininfor` VALUES (315, 'admin', '127.0.0.1', '内网IP', 'Chrome 14', 'Windows 10', '0', '登录成功', '2025-11-14 11:12:12');
INSERT INTO `sys_logininfor` VALUES (316, 'admin', '127.0.0.1', '内网IP', 'Chrome 14', 'Windows 10', '0', '退出成功', '2025-11-14 11:13:33');
INSERT INTO `sys_logininfor` VALUES (317, 'ry', '127.0.0.1', '内网IP', 'Chrome 14', 'Windows 10', '0', '登录成功', '2025-11-14 11:13:39');
INSERT INTO `sys_logininfor` VALUES (318, 'ry', '127.0.0.1', '内网IP', 'Chrome 14', 'Windows 10', '0', '退出成功', '2025-11-14 11:14:54');
INSERT INTO `sys_logininfor` VALUES (319, 'admin', '127.0.0.1', '内网IP', 'Chrome 14', 'Windows 10', '0', '登录成功', '2025-11-14 11:15:00');
INSERT INTO `sys_logininfor` VALUES (320, 'admin', '127.0.0.1', '内网IP', 'Chrome 14', 'Windows 10', '0', '登录成功', '2025-11-14 15:20:09');
INSERT INTO `sys_logininfor` VALUES (321, 'admin', '127.0.0.1', '内网IP', 'Chrome 14', 'Windows 10', '0', '退出成功', '2025-11-14 15:25:26');
INSERT INTO `sys_logininfor` VALUES (322, 'ry', '127.0.0.1', '内网IP', 'Chrome 14', 'Windows 10', '0', '登录成功', '2025-11-14 15:25:33');
INSERT INTO `sys_logininfor` VALUES (323, 'ry', '127.0.0.1', '内网IP', 'Chrome 14', 'Windows 10', '0', '退出成功', '2025-11-14 15:26:21');
INSERT INTO `sys_logininfor` VALUES (324, 'admin', '127.0.0.1', '内网IP', 'Chrome 14', 'Windows 10', '0', '登录成功', '2025-11-14 15:26:27');
INSERT INTO `sys_logininfor` VALUES (325, 'admin', '127.0.0.1', '内网IP', 'Chrome 14', 'Windows 10', '0', '登录成功', '2025-11-14 20:13:10');
INSERT INTO `sys_logininfor` VALUES (326, 'admin', '127.0.0.1', '内网IP', 'Chrome 14', 'Windows 10', '0', '登录成功', '2025-11-14 23:59:51');
INSERT INTO `sys_logininfor` VALUES (327, 'admin', '127.0.0.1', '内网IP', 'Chrome 14', 'Windows 10', '0', '登录成功', '2025-11-15 16:23:24');
INSERT INTO `sys_logininfor` VALUES (328, 'admin', '127.0.0.1', '内网IP', 'Chrome 14', 'Windows 10', '0', '登录成功', '2025-11-15 17:43:23');
INSERT INTO `sys_logininfor` VALUES (329, 'admin', '127.0.0.1', '内网IP', 'Chrome 14', 'Windows 10', '0', '登录成功', '2025-11-15 23:52:58');
INSERT INTO `sys_logininfor` VALUES (330, 'admin', '127.0.0.1', '内网IP', 'Chrome 14', 'Windows 10', '0', '登录成功', '2025-11-16 00:37:01');
INSERT INTO `sys_logininfor` VALUES (331, 'admin', '127.0.0.1', '内网IP', 'Chrome 14', 'Windows 10', '0', '退出成功', '2025-11-16 03:07:16');
INSERT INTO `sys_logininfor` VALUES (332, 'admin', '127.0.0.1', '内网IP', 'Chrome 14', 'Windows 10', '0', '登录成功', '2025-11-16 03:08:04');
INSERT INTO `sys_logininfor` VALUES (333, 'admin', '127.0.0.1', '内网IP', 'Chrome 14', 'Windows 10', '0', '登录成功', '2025-11-16 04:12:56');
INSERT INTO `sys_logininfor` VALUES (334, 'admin', '127.0.0.1', '内网IP', 'Chrome 14', 'Windows 10', '1', '验证码错误', '2025-11-16 05:23:59');
INSERT INTO `sys_logininfor` VALUES (335, 'admin', '127.0.0.1', '内网IP', 'Chrome 14', 'Windows 10', '1', '验证码错误', '2025-11-16 05:24:00');
INSERT INTO `sys_logininfor` VALUES (336, 'admin', '127.0.0.1', '内网IP', 'Chrome 14', 'Windows 10', '0', '登录成功', '2025-11-16 05:24:03');
INSERT INTO `sys_logininfor` VALUES (337, 'admin', '127.0.0.1', '内网IP', 'Chrome 14', 'Windows 10', '0', '退出成功', '2025-11-17 21:35:21');
INSERT INTO `sys_logininfor` VALUES (338, 'admin', '127.0.0.1', '内网IP', 'Chrome 14', 'Windows 10', '1', '验证码错误', '2025-11-17 21:35:27');
INSERT INTO `sys_logininfor` VALUES (339, 'admin', '127.0.0.1', '内网IP', 'Chrome 14', 'Windows 10', '0', '登录成功', '2025-11-17 21:35:31');
INSERT INTO `sys_logininfor` VALUES (340, 'admin', '127.0.0.1', '内网IP', 'Chrome 14', 'Windows 10', '0', '登录成功', '2025-11-17 22:44:48');
INSERT INTO `sys_logininfor` VALUES (341, 'admin', '127.0.0.1', '内网IP', 'Chrome 14', 'Windows 10', '0', '登录成功', '2025-11-18 08:20:32');
INSERT INTO `sys_logininfor` VALUES (342, 'admin', '127.0.0.1', '内网IP', 'Chrome 14', 'Windows 10', '0', '登录成功', '2025-11-18 10:07:09');
INSERT INTO `sys_logininfor` VALUES (343, 'admin', '127.0.0.1', '内网IP', 'Chrome 14', 'Windows 10', '0', '登录成功', '2025-11-18 13:29:46');
INSERT INTO `sys_logininfor` VALUES (344, 'admin', '127.0.0.1', '内网IP', 'Chrome 14', 'Windows 10', '0', '登录成功', '2025-11-18 16:13:21');
INSERT INTO `sys_logininfor` VALUES (345, 'admin', '127.0.0.1', '内网IP', 'Chrome 14', 'Windows 10', '0', '登录成功', '2025-11-18 16:52:42');
INSERT INTO `sys_logininfor` VALUES (346, 'admin', '127.0.0.1', '内网IP', 'Chrome 14', 'Windows 10', '0', '登录成功', '2025-11-20 20:03:45');
INSERT INTO `sys_logininfor` VALUES (347, 'admin', '127.0.0.1', '内网IP', 'Chrome 14', 'Windows 10', '0', '登录成功', '2025-11-20 23:52:47');
INSERT INTO `sys_logininfor` VALUES (348, 'admin', '127.0.0.1', '内网IP', 'Chrome 14', 'Windows 10', '0', '登录成功', '2025-11-21 06:09:27');

-- ----------------------------
-- Table structure for sys_menu
-- ----------------------------
DROP TABLE IF EXISTS `sys_menu`;
CREATE TABLE `sys_menu`  (
  `menu_id` bigint NOT NULL AUTO_INCREMENT COMMENT '菜单ID',
  `menu_name` varchar(50) CHARACTER SET utf8mb4 COLLATE utf8mb4_unicode_ci NOT NULL COMMENT '菜单名称',
  `parent_id` bigint NULL DEFAULT 0 COMMENT '父菜单ID',
  `order_num` int NULL DEFAULT 0 COMMENT '显示顺序',
  `path` varchar(200) CHARACTER SET utf8mb4 COLLATE utf8mb4_unicode_ci NULL DEFAULT '' COMMENT '路由地址',
  `component` varchar(255) CHARACTER SET utf8mb4 COLLATE utf8mb4_unicode_ci NULL DEFAULT NULL COMMENT '组件路径',
  `query` varchar(255) CHARACTER SET utf8mb4 COLLATE utf8mb4_unicode_ci NULL DEFAULT NULL COMMENT '路由参数',
  `route_name` varchar(50) CHARACTER SET utf8mb4 COLLATE utf8mb4_unicode_ci NULL DEFAULT '' COMMENT '路由名称',
  `is_frame` int NULL DEFAULT 1 COMMENT '是否为外链（0是 1否）',
  `is_cache` int NULL DEFAULT 0 COMMENT '是否缓存（0缓存 1不缓存）',
  `menu_type` char(1) CHARACTER SET utf8mb4 COLLATE utf8mb4_unicode_ci NULL DEFAULT '' COMMENT '菜单类型（M目录 C菜单 F按钮）',
  `visible` char(1) CHARACTER SET utf8mb4 COLLATE utf8mb4_unicode_ci NULL DEFAULT '0' COMMENT '菜单状态（0显示 1隐藏）',
  `status` char(1) CHARACTER SET utf8mb4 COLLATE utf8mb4_unicode_ci NULL DEFAULT '0' COMMENT '菜单状态（0正常 1停用）',
  `perms` varchar(100) CHARACTER SET utf8mb4 COLLATE utf8mb4_unicode_ci NULL DEFAULT NULL COMMENT '权限标识',
  `icon` varchar(100) CHARACTER SET utf8mb4 COLLATE utf8mb4_unicode_ci NULL DEFAULT '#' COMMENT '菜单图标',
  `create_by` varchar(64) CHARACTER SET utf8mb4 COLLATE utf8mb4_unicode_ci NULL DEFAULT '' COMMENT '创建者',
  `create_time` datetime NULL DEFAULT NULL COMMENT '创建时间',
  `update_by` varchar(64) CHARACTER SET utf8mb4 COLLATE utf8mb4_unicode_ci NULL DEFAULT '' COMMENT '更新者',
  `update_time` datetime NULL DEFAULT NULL COMMENT '更新时间',
  `remark` varchar(500) CHARACTER SET utf8mb4 COLLATE utf8mb4_unicode_ci NULL DEFAULT '' COMMENT '备注',
  PRIMARY KEY (`menu_id`) USING BTREE
) ENGINE = InnoDB AUTO_INCREMENT = 2046 CHARACTER SET = utf8mb4 COLLATE = utf8mb4_unicode_ci COMMENT = '菜单权限表' ROW_FORMAT = DYNAMIC;

-- ----------------------------
-- Records of sys_menu
-- ----------------------------
INSERT INTO `sys_menu` VALUES (1, '系统管理', 0, 99, 'system', NULL, '', '', 1, 0, 'M', '0', '0', '', 'system', 'admin', '2025-10-30 17:06:55', 'admin', '2025-11-14 18:58:36', '系统管理目录');
INSERT INTO `sys_menu` VALUES (2, '系统监控', 0, 99, 'monitor', NULL, '', '', 1, 0, 'M', '1', '0', '', 'monitor', 'admin', '2025-10-30 17:06:55', 'admin', '2025-11-14 18:58:30', '系统监控目录');
INSERT INTO `sys_menu` VALUES (3, '系统工具', 0, 99, 'tool', NULL, '', '', 1, 0, 'M', '0', '0', '', 'tool', 'admin', '2025-10-30 17:06:55', 'admin', '2025-11-14 18:58:24', '系统工具目录');
INSERT INTO `sys_menu` VALUES (4, '若依官网', 0, 99, 'http://ruoyi.vip', NULL, '', '', 0, 0, 'M', '1', '0', '', 'guide', 'admin', '2025-10-30 17:06:55', 'admin', '2025-11-14 18:58:19', '若依官网地址');
INSERT INTO `sys_menu` VALUES (100, '用户管理', 2014, 6, 'proj_cyq/system-user', 'system/user/index', '', '', 1, 0, 'C', '0', '0', 'system:user:list', 'user', 'admin', '2025-10-30 17:06:55', 'admin', '2025-11-12 01:10:59', '用户管理菜单');
INSERT INTO `sys_menu` VALUES (101, '角色管理', 2014, 7, 'proj_cyq/system-role', 'system/role/index', '', '', 1, 0, 'C', '0', '0', 'system:role:list', 'peoples', 'admin', '2025-10-30 17:06:55', 'admin', '2025-11-12 01:11:28', '角色管理菜单');
INSERT INTO `sys_menu` VALUES (102, '菜单管理', 1, 3, 'menu', 'system/menu/index', '', '', 1, 0, 'C', '0', '0', 'system:menu:list', 'tree-table', 'admin', '2025-10-30 17:06:55', '', NULL, '菜单管理菜单');
INSERT INTO `sys_menu` VALUES (103, '部门管理', 1, 4, 'dept', 'system/dept/index', '', '', 1, 0, 'C', '0', '0', 'system:dept:list', 'tree', 'admin', '2025-10-30 17:06:55', '', NULL, '部门管理菜单');
INSERT INTO `sys_menu` VALUES (104, '岗位管理', 1, 5, 'post', 'system/post/index', '', '', 1, 0, 'C', '0', '0', 'system:post:list', 'post', 'admin', '2025-10-30 17:06:55', '', NULL, '岗位管理菜单');
INSERT INTO `sys_menu` VALUES (105, '字典管理', 1, 6, 'dict', 'system/dict/index', '', '', 1, 0, 'C', '0', '0', 'system:dict:list', 'dict', 'admin', '2025-10-30 17:06:55', '', NULL, '字典管理菜单');
INSERT INTO `sys_menu` VALUES (106, '参数设置', 1, 7, 'config', 'system/config/index', '', '', 1, 0, 'C', '0', '0', 'system:config:list', 'edit', 'admin', '2025-10-30 17:06:55', '', NULL, '参数设置菜单');
INSERT INTO `sys_menu` VALUES (107, '通知公告', 1, 8, 'notice', 'system/notice/index', '', '', 1, 0, 'C', '0', '0', 'system:notice:list', 'message', 'admin', '2025-10-30 17:06:55', '', NULL, '通知公告菜单');
INSERT INTO `sys_menu` VALUES (108, '日志管理', 1, 9, 'log', '', '', '', 1, 0, 'M', '0', '0', '', 'log', 'admin', '2025-10-30 17:06:55', '', NULL, '日志管理菜单');
INSERT INTO `sys_menu` VALUES (109, '在线用户', 2, 1, 'online', 'monitor/online/index', '', '', 1, 0, 'C', '0', '0', 'monitor:online:list', 'online', 'admin', '2025-10-30 17:06:55', '', NULL, '在线用户菜单');
INSERT INTO `sys_menu` VALUES (110, '定时任务', 2, 2, 'job', 'monitor/job/index', '', '', 1, 0, 'C', '0', '0', 'monitor:job:list', 'job', 'admin', '2025-10-30 17:06:55', '', NULL, '定时任务菜单');
INSERT INTO `sys_menu` VALUES (111, '数据监控', 2, 3, 'druid', 'monitor/druid/index', '', '', 1, 0, 'C', '0', '0', 'monitor:druid:list', 'druid', 'admin', '2025-10-30 17:06:55', '', NULL, '数据监控菜单');
INSERT INTO `sys_menu` VALUES (112, '服务监控', 2, 4, 'server', 'monitor/server/index', '', '', 1, 0, 'C', '0', '0', 'monitor:server:list', 'server', 'admin', '2025-10-30 17:06:55', '', NULL, '服务监控菜单');
INSERT INTO `sys_menu` VALUES (113, '缓存监控', 2, 5, 'cache', 'monitor/cache/index', '', '', 1, 0, 'C', '0', '0', 'monitor:cache:list', 'redis', 'admin', '2025-10-30 17:06:55', '', NULL, '缓存监控菜单');
INSERT INTO `sys_menu` VALUES (114, '缓存列表', 2, 6, 'cacheList', 'monitor/cache/list', '', '', 1, 0, 'C', '0', '0', 'monitor:cache:list', 'redis-list', 'admin', '2025-10-30 17:06:55', '', NULL, '缓存列表菜单');
INSERT INTO `sys_menu` VALUES (115, '表单构建', 3, 1, 'build', 'tool/build/index', '', '', 1, 0, 'C', '0', '0', 'tool:build:list', 'build', 'admin', '2025-10-30 17:06:55', '', NULL, '表单构建菜单');
INSERT INTO `sys_menu` VALUES (116, '代码生成', 3, 2, 'gen', 'tool/gen/index', '', '', 1, 0, 'C', '0', '0', 'tool:gen:list', 'code', 'admin', '2025-10-30 17:06:55', '', NULL, '代码生成菜单');
INSERT INTO `sys_menu` VALUES (117, '系统接口', 3, 3, 'swagger', 'tool/swagger/index', '', '', 1, 0, 'C', '0', '0', 'tool:swagger:list', 'swagger', 'admin', '2025-10-30 17:06:55', '', NULL, '系统接口菜单');
INSERT INTO `sys_menu` VALUES (500, '操作日志', 108, 1, 'operlog', 'monitor/operlog/index', '', '', 1, 0, 'C', '0', '0', 'monitor:operlog:list', 'form', 'admin', '2025-10-30 17:06:55', '', NULL, '操作日志菜单');
INSERT INTO `sys_menu` VALUES (501, '登录日志', 108, 2, 'logininfor', 'monitor/logininfor/index', '', '', 1, 0, 'C', '0', '0', 'monitor:logininfor:list', 'logininfor', 'admin', '2025-10-30 17:06:55', '', NULL, '登录日志菜单');
INSERT INTO `sys_menu` VALUES (1000, '用户查询', 100, 1, '', '', '', '', 1, 0, 'F', '0', '0', 'system:user:query', '#', 'admin', '2025-10-30 17:06:55', '', NULL, '');
INSERT INTO `sys_menu` VALUES (1001, '用户新增', 100, 2, '', '', '', '', 1, 0, 'F', '0', '0', 'system:user:add', '#', 'admin', '2025-10-30 17:06:55', '', NULL, '');
INSERT INTO `sys_menu` VALUES (1002, '用户修改', 100, 3, '', '', '', '', 1, 0, 'F', '0', '0', 'system:user:edit', '#', 'admin', '2025-10-30 17:06:55', '', NULL, '');
INSERT INTO `sys_menu` VALUES (1003, '用户删除', 100, 4, '', '', '', '', 1, 0, 'F', '0', '0', 'system:user:remove', '#', 'admin', '2025-10-30 17:06:55', '', NULL, '');
INSERT INTO `sys_menu` VALUES (1004, '用户导出', 100, 5, '', '', '', '', 1, 0, 'F', '0', '0', 'system:user:export', '#', 'admin', '2025-10-30 17:06:55', '', NULL, '');
INSERT INTO `sys_menu` VALUES (1005, '用户导入', 100, 6, '', '', '', '', 1, 0, 'F', '0', '0', 'system:user:import', '#', 'admin', '2025-10-30 17:06:55', '', NULL, '');
INSERT INTO `sys_menu` VALUES (1006, '重置密码', 100, 7, '', '', '', '', 1, 0, 'F', '0', '0', 'system:user:resetPwd', '#', 'admin', '2025-10-30 17:06:55', '', NULL, '');
INSERT INTO `sys_menu` VALUES (1007, '角色查询', 101, 1, '', '', '', '', 1, 0, 'F', '0', '0', 'system:role:query', '#', 'admin', '2025-10-30 17:06:55', '', NULL, '');
INSERT INTO `sys_menu` VALUES (1008, '角色新增', 101, 2, '', '', '', '', 1, 0, 'F', '0', '0', 'system:role:add', '#', 'admin', '2025-10-30 17:06:55', '', NULL, '');
INSERT INTO `sys_menu` VALUES (1009, '角色修改', 101, 3, '', '', '', '', 1, 0, 'F', '0', '0', 'system:role:edit', '#', 'admin', '2025-10-30 17:06:55', '', NULL, '');
INSERT INTO `sys_menu` VALUES (1010, '角色删除', 101, 4, '', '', '', '', 1, 0, 'F', '0', '0', 'system:role:remove', '#', 'admin', '2025-10-30 17:06:55', '', NULL, '');
INSERT INTO `sys_menu` VALUES (1011, '角色导出', 101, 5, '', '', '', '', 1, 0, 'F', '0', '0', 'system:role:export', '#', 'admin', '2025-10-30 17:06:55', '', NULL, '');
INSERT INTO `sys_menu` VALUES (1012, '菜单查询', 102, 1, '', '', '', '', 1, 0, 'F', '0', '0', 'system:menu:query', '#', 'admin', '2025-10-30 17:06:55', '', NULL, '');
INSERT INTO `sys_menu` VALUES (1013, '菜单新增', 102, 2, '', '', '', '', 1, 0, 'F', '0', '0', 'system:menu:add', '#', 'admin', '2025-10-30 17:06:55', '', NULL, '');
INSERT INTO `sys_menu` VALUES (1014, '菜单修改', 102, 3, '', '', '', '', 1, 0, 'F', '0', '0', 'system:menu:edit', '#', 'admin', '2025-10-30 17:06:55', '', NULL, '');
INSERT INTO `sys_menu` VALUES (1015, '菜单删除', 102, 4, '', '', '', '', 1, 0, 'F', '0', '0', 'system:menu:remove', '#', 'admin', '2025-10-30 17:06:55', '', NULL, '');
INSERT INTO `sys_menu` VALUES (1016, '部门查询', 103, 1, '', '', '', '', 1, 0, 'F', '0', '0', 'system:dept:query', '#', 'admin', '2025-10-30 17:06:55', '', NULL, '');
INSERT INTO `sys_menu` VALUES (1017, '部门新增', 103, 2, '', '', '', '', 1, 0, 'F', '0', '0', 'system:dept:add', '#', 'admin', '2025-10-30 17:06:55', '', NULL, '');
INSERT INTO `sys_menu` VALUES (1018, '部门修改', 103, 3, '', '', '', '', 1, 0, 'F', '0', '0', 'system:dept:edit', '#', 'admin', '2025-10-30 17:06:55', '', NULL, '');
INSERT INTO `sys_menu` VALUES (1019, '部门删除', 103, 4, '', '', '', '', 1, 0, 'F', '0', '0', 'system:dept:remove', '#', 'admin', '2025-10-30 17:06:55', '', NULL, '');
INSERT INTO `sys_menu` VALUES (1020, '岗位查询', 104, 1, '', '', '', '', 1, 0, 'F', '0', '0', 'system:post:query', '#', 'admin', '2025-10-30 17:06:55', '', NULL, '');
INSERT INTO `sys_menu` VALUES (1021, '岗位新增', 104, 2, '', '', '', '', 1, 0, 'F', '0', '0', 'system:post:add', '#', 'admin', '2025-10-30 17:06:55', '', NULL, '');
INSERT INTO `sys_menu` VALUES (1022, '岗位修改', 104, 3, '', '', '', '', 1, 0, 'F', '0', '0', 'system:post:edit', '#', 'admin', '2025-10-30 17:06:55', '', NULL, '');
INSERT INTO `sys_menu` VALUES (1023, '岗位删除', 104, 4, '', '', '', '', 1, 0, 'F', '0', '0', 'system:post:remove', '#', 'admin', '2025-10-30 17:06:55', '', NULL, '');
INSERT INTO `sys_menu` VALUES (1024, '岗位导出', 104, 5, '', '', '', '', 1, 0, 'F', '0', '0', 'system:post:export', '#', 'admin', '2025-10-30 17:06:55', '', NULL, '');
INSERT INTO `sys_menu` VALUES (1025, '字典查询', 105, 1, '#', '', '', '', 1, 0, 'F', '0', '0', 'system:dict:query', '#', 'admin', '2025-10-30 17:06:55', '', NULL, '');
INSERT INTO `sys_menu` VALUES (1026, '字典新增', 105, 2, '#', '', '', '', 1, 0, 'F', '0', '0', 'system:dict:add', '#', 'admin', '2025-10-30 17:06:55', '', NULL, '');
INSERT INTO `sys_menu` VALUES (1027, '字典修改', 105, 3, '#', '', '', '', 1, 0, 'F', '0', '0', 'system:dict:edit', '#', 'admin', '2025-10-30 17:06:55', '', NULL, '');
INSERT INTO `sys_menu` VALUES (1028, '字典删除', 105, 4, '#', '', '', '', 1, 0, 'F', '0', '0', 'system:dict:remove', '#', 'admin', '2025-10-30 17:06:55', '', NULL, '');
INSERT INTO `sys_menu` VALUES (1029, '字典导出', 105, 5, '#', '', '', '', 1, 0, 'F', '0', '0', 'system:dict:export', '#', 'admin', '2025-10-30 17:06:55', '', NULL, '');
INSERT INTO `sys_menu` VALUES (1030, '参数查询', 106, 1, '#', '', '', '', 1, 0, 'F', '0', '0', 'system:config:query', '#', 'admin', '2025-10-30 17:06:55', '', NULL, '');
INSERT INTO `sys_menu` VALUES (1031, '参数新增', 106, 2, '#', '', '', '', 1, 0, 'F', '0', '0', 'system:config:add', '#', 'admin', '2025-10-30 17:06:55', '', NULL, '');
INSERT INTO `sys_menu` VALUES (1032, '参数修改', 106, 3, '#', '', '', '', 1, 0, 'F', '0', '0', 'system:config:edit', '#', 'admin', '2025-10-30 17:06:55', '', NULL, '');
INSERT INTO `sys_menu` VALUES (1033, '参数删除', 106, 4, '#', '', '', '', 1, 0, 'F', '0', '0', 'system:config:remove', '#', 'admin', '2025-10-30 17:06:55', '', NULL, '');
INSERT INTO `sys_menu` VALUES (1034, '参数导出', 106, 5, '#', '', '', '', 1, 0, 'F', '0', '0', 'system:config:export', '#', 'admin', '2025-10-30 17:06:55', '', NULL, '');
INSERT INTO `sys_menu` VALUES (1035, '公告查询', 107, 1, '#', '', '', '', 1, 0, 'F', '0', '0', 'system:notice:query', '#', 'admin', '2025-10-30 17:06:55', '', NULL, '');
INSERT INTO `sys_menu` VALUES (1036, '公告新增', 107, 2, '#', '', '', '', 1, 0, 'F', '0', '0', 'system:notice:add', '#', 'admin', '2025-10-30 17:06:55', '', NULL, '');
INSERT INTO `sys_menu` VALUES (1037, '公告修改', 107, 3, '#', '', '', '', 1, 0, 'F', '0', '0', 'system:notice:edit', '#', 'admin', '2025-10-30 17:06:55', '', NULL, '');
INSERT INTO `sys_menu` VALUES (1038, '公告删除', 107, 4, '#', '', '', '', 1, 0, 'F', '0', '0', 'system:notice:remove', '#', 'admin', '2025-10-30 17:06:55', '', NULL, '');
INSERT INTO `sys_menu` VALUES (1039, '操作查询', 500, 1, '#', '', '', '', 1, 0, 'F', '0', '0', 'monitor:operlog:query', '#', 'admin', '2025-10-30 17:06:55', '', NULL, '');
INSERT INTO `sys_menu` VALUES (1040, '操作删除', 500, 2, '#', '', '', '', 1, 0, 'F', '0', '0', 'monitor:operlog:remove', '#', 'admin', '2025-10-30 17:06:55', '', NULL, '');
INSERT INTO `sys_menu` VALUES (1041, '日志导出', 500, 3, '#', '', '', '', 1, 0, 'F', '0', '0', 'monitor:operlog:export', '#', 'admin', '2025-10-30 17:06:55', '', NULL, '');
INSERT INTO `sys_menu` VALUES (1042, '登录查询', 501, 1, '#', '', '', '', 1, 0, 'F', '0', '0', 'monitor:logininfor:query', '#', 'admin', '2025-10-30 17:06:55', '', NULL, '');
INSERT INTO `sys_menu` VALUES (1043, '登录删除', 501, 2, '#', '', '', '', 1, 0, 'F', '0', '0', 'monitor:logininfor:remove', '#', 'admin', '2025-10-30 17:06:55', '', NULL, '');
INSERT INTO `sys_menu` VALUES (1044, '日志导出', 501, 3, '#', '', '', '', 1, 0, 'F', '0', '0', 'monitor:logininfor:export', '#', 'admin', '2025-10-30 17:06:55', '', NULL, '');
INSERT INTO `sys_menu` VALUES (1045, '账户解锁', 501, 4, '#', '', '', '', 1, 0, 'F', '0', '0', 'monitor:logininfor:unlock', '#', 'admin', '2025-10-30 17:06:55', '', NULL, '');
INSERT INTO `sys_menu` VALUES (1046, '在线查询', 109, 1, '#', '', '', '', 1, 0, 'F', '0', '0', 'monitor:online:query', '#', 'admin', '2025-10-30 17:06:55', '', NULL, '');
INSERT INTO `sys_menu` VALUES (1047, '批量强退', 109, 2, '#', '', '', '', 1, 0, 'F', '0', '0', 'monitor:online:batchLogout', '#', 'admin', '2025-10-30 17:06:55', '', NULL, '');
INSERT INTO `sys_menu` VALUES (1048, '单条强退', 109, 3, '#', '', '', '', 1, 0, 'F', '0', '0', 'monitor:online:forceLogout', '#', 'admin', '2025-10-30 17:06:55', '', NULL, '');
INSERT INTO `sys_menu` VALUES (1049, '任务查询', 110, 1, '#', '', '', '', 1, 0, 'F', '0', '0', 'monitor:job:query', '#', 'admin', '2025-10-30 17:06:55', '', NULL, '');
INSERT INTO `sys_menu` VALUES (1050, '任务新增', 110, 2, '#', '', '', '', 1, 0, 'F', '0', '0', 'monitor:job:add', '#', 'admin', '2025-10-30 17:06:55', '', NULL, '');
INSERT INTO `sys_menu` VALUES (1051, '任务修改', 110, 3, '#', '', '', '', 1, 0, 'F', '0', '0', 'monitor:job:edit', '#', 'admin', '2025-10-30 17:06:55', '', NULL, '');
INSERT INTO `sys_menu` VALUES (1052, '任务删除', 110, 4, '#', '', '', '', 1, 0, 'F', '0', '0', 'monitor:job:remove', '#', 'admin', '2025-10-30 17:06:55', '', NULL, '');
INSERT INTO `sys_menu` VALUES (1053, '状态修改', 110, 5, '#', '', '', '', 1, 0, 'F', '0', '0', 'monitor:job:changeStatus', '#', 'admin', '2025-10-30 17:06:55', '', NULL, '');
INSERT INTO `sys_menu` VALUES (1054, '任务导出', 110, 6, '#', '', '', '', 1, 0, 'F', '0', '0', 'monitor:job:export', '#', 'admin', '2025-10-30 17:06:55', '', NULL, '');
INSERT INTO `sys_menu` VALUES (1055, '生成查询', 116, 1, '#', '', '', '', 1, 0, 'F', '0', '0', 'tool:gen:query', '#', 'admin', '2025-10-30 17:06:55', '', NULL, '');
INSERT INTO `sys_menu` VALUES (1056, '生成修改', 116, 2, '#', '', '', '', 1, 0, 'F', '0', '0', 'tool:gen:edit', '#', 'admin', '2025-10-30 17:06:55', '', NULL, '');
INSERT INTO `sys_menu` VALUES (1057, '生成删除', 116, 3, '#', '', '', '', 1, 0, 'F', '0', '0', 'tool:gen:remove', '#', 'admin', '2025-10-30 17:06:55', '', NULL, '');
INSERT INTO `sys_menu` VALUES (1058, '导入代码', 116, 4, '#', '', '', '', 1, 0, 'F', '0', '0', 'tool:gen:import', '#', 'admin', '2025-10-30 17:06:55', '', NULL, '');
INSERT INTO `sys_menu` VALUES (1059, '预览代码', 116, 5, '#', '', '', '', 1, 0, 'F', '0', '0', 'tool:gen:preview', '#', 'admin', '2025-10-30 17:06:55', '', NULL, '');
INSERT INTO `sys_menu` VALUES (1060, '生成代码', 116, 6, '#', '', '', '', 1, 0, 'F', '0', '0', 'tool:gen:code', '#', 'admin', '2025-10-30 17:06:55', '', NULL, '');
INSERT INTO `sys_menu` VALUES (2000, '作业管理', 0, 3, 'proj_lwj', NULL, NULL, '', 1, 0, 'M', '0', '0', '', 'education', 'admin', '2025-11-02 15:16:04', 'admin', '2025-11-14 18:59:25', '');
INSERT INTO `sys_menu` VALUES (2002, '作业发布', 2000, 0, 'homework_publish', NULL, NULL, '', 1, 0, 'C', '0', '0', '', 'edit', 'admin', '2025-11-02 15:17:17', 'admin', '2025-11-02 15:17:35', '');
INSERT INTO `sys_menu` VALUES (2003, '作业上传', 2000, 1, 'homework_upload', NULL, NULL, '', 1, 0, 'C', '0', '0', '', 'email', 'admin', '2025-11-02 15:18:15', 'admin', '2025-11-14 22:22:10', '');
INSERT INTO `sys_menu` VALUES (2004, '在线课堂', 0, 0, 'proj_myx', NULL, NULL, '', 1, 0, 'M', '0', '0', '', 'peoples', 'admin', '2025-11-02 15:19:42', 'admin', '2025-11-14 18:58:49', '');
INSERT INTO `sys_menu` VALUES (2005, '随机抽人', 2004, 0, 'RandomPick', NULL, NULL, '', 1, 0, 'C', '0', '0', NULL, 'user', 'admin', '2025-11-02 15:20:50', '', NULL, '');
INSERT INTO `sys_menu` VALUES (2006, '课程资源', 0, 1, 'proj_lw', NULL, NULL, '', 1, 0, 'M', '0', '0', '', 'chart', 'admin', '2025-11-02 15:21:37', 'admin', '2025-11-14 18:58:56', '');
INSERT INTO `sys_menu` VALUES (2007, '课程管理', 2006, 0, 'course', NULL, NULL, '', 1, 0, 'M', '0', '0', '', 'documentation', 'admin', '2025-11-02 15:22:28', 'admin', '2025-11-02 15:22:41', '');
INSERT INTO `sys_menu` VALUES (2008, '课堂详情', 2006, 1, 'session', NULL, NULL, '', 1, 0, 'C', '1', '0', '', 'row', 'admin', '2025-11-02 15:23:28', 'admin', '2025-11-02 15:32:41', '');
INSERT INTO `sys_menu` VALUES (2009, '学情数据', 0, 5, 'proj_fz', NULL, NULL, '', 1, 0, 'M', '0', '0', '', 'druid', 'admin', '2025-11-02 15:24:14', 'admin', '2025-11-14 18:59:33', '');
INSERT INTO `sys_menu` VALUES (2010, '作业看板', 2009, 0, 'homework_dashboard', NULL, NULL, '', 1, 0, 'C', '0', '0', NULL, 'education', 'admin', '2025-11-02 15:25:04', '', NULL, '');
INSERT INTO `sys_menu` VALUES (2011, '学习社区', 0, 2, 'proj_qhy', NULL, NULL, '', 1, 0, 'M', '0', '0', '', 'button', 'admin', '2025-11-02 15:25:39', 'admin', '2025-11-14 18:59:13', '');
INSERT INTO `sys_menu` VALUES (2012, '文章管理', 2011, 0, 'article', NULL, NULL, '', 1, 0, 'C', '0', '0', 'proj_qhy:article:list', 'documentation', 'admin', '2025-11-02 15:26:22', 'admin', '2025-11-14 10:43:18', '');
INSERT INTO `sys_menu` VALUES (2013, '文章详情', 2011, 1, 'article/detail/:id', NULL, NULL, '', 1, 0, 'C', '1', '0', NULL, 'example', 'admin', '2025-11-02 15:27:04', '', NULL, '');
INSERT INTO `sys_menu` VALUES (2014, '个人中心', 0, 10, 'proj_cyq', NULL, NULL, '', 1, 0, 'M', '0', '0', '', 'user', 'admin', '2025-11-02 15:28:21', 'admin', '2025-11-14 18:59:45', '');
INSERT INTO `sys_menu` VALUES (2015, '个人主页', 2014, 0, 'index', 'proj_cyq/personal/index', NULL, 'PersonalHome', 1, 0, 'C', '0', '0', 'proj_cyq:personal:view', 'user', 'admin', '2025-11-02 15:28:58', 'teacher_zhang', '2025-11-12 01:46:03', '');
INSERT INTO `sys_menu` VALUES (2016, '待办事项', 2014, 2, 'todo', 'proj_cyq/todo/index', NULL, 'Todo', 1, 0, 'C', '0', '0', 'proj_cyq:todo:view', 'list', 'admin', '2025-11-02 15:29:41', 'admin', '2025-11-12 01:54:50', '');
INSERT INTO `sys_menu` VALUES (2017, '消息中心', 2014, 3, 'message', 'proj_cyq/message/index', NULL, '', 1, 0, 'C', '0', '0', 'proj_cyq:message:view', 'wechat', 'admin', '2025-11-02 15:30:56', 'admin', '2025-11-12 15:15:38', '');
INSERT INTO `sys_menu` VALUES (2018, '课堂签到', 2004, 1, 'Attendance', NULL, NULL, '', 1, 0, 'M', '0', '0', NULL, 'checkbox', 'admin', '2025-11-02 17:52:22', '', NULL, '');
INSERT INTO `sys_menu` VALUES (2019, '课堂投票', 2004, 2, 'vote', NULL, NULL, '', 1, 0, 'M', '0', '0', NULL, 'chart', 'admin', '2025-11-02 20:39:23', '', NULL, '');
INSERT INTO `sys_menu` VALUES (2020, '操作日志', 2014, 4, 'operlog', '', NULL, '', 1, 0, 'C', '0', '0', '', 'log', 'admin', '2025-11-06 18:45:58', 'admin', '2025-11-12 16:43:21', '');
INSERT INTO `sys_menu` VALUES (2021, '登录日志', 2014, 5, 'loginlog', '', NULL, '', 1, 0, 'C', '0', '0', '', 'tab', 'admin', '2025-11-06 20:17:18', 'admin', '2025-11-12 16:43:28', '');
INSERT INTO `sys_menu` VALUES (2022, '论坛', 2011, 2, 'forum', NULL, NULL, '', 1, 0, 'C', '0', '0', '', 'message', 'admin', '2025-11-12 23:05:46', 'admin', '2025-11-12 23:06:36', '');
INSERT INTO `sys_menu` VALUES (2023, '作业批改', 2000, 3, 'homework_grading', NULL, NULL, '', 1, 0, 'C', '0', '0', '', 'checkbox', 'admin', '2025-11-13 01:49:16', 'admin', '2025-11-13 01:49:24', '');
INSERT INTO `sys_menu` VALUES (2024, '提交列表', 2000, 4, 'homework_grading/list/:homeworkId', NULL, NULL, '', 1, 0, 'C', '1', '0', NULL, '#', 'admin', '2025-11-13 01:49:47', '', NULL, '');
INSERT INTO `sys_menu` VALUES (2025, '通告管理', 2014, 8, 'notice', NULL, NULL, '', 1, 0, 'C', '0', '0', 'proj_cyq:notice:view', 'message', 'admin', '2025-11-14 10:54:26', '', NULL, '');
INSERT INTO `sys_menu` VALUES (2026, '公告查询', 2025, 1, '', NULL, NULL, '', 1, 0, 'F', '0', '0', 'proj_cyq:notice:list', '#', 'admin', '2025-11-14 10:59:16', '', NULL, '');
INSERT INTO `sys_menu` VALUES (2027, '公告新增', 2025, 2, '', NULL, NULL, '', 1, 0, 'F', '0', '0', 'proj_cyq:notice:add', '#', 'admin', '2025-11-14 10:59:43', '', NULL, '');
INSERT INTO `sys_menu` VALUES (2028, '公告修改', 2025, 3, '', NULL, NULL, '', 1, 0, 'F', '0', '0', 'proj_cyq:notice:edit', '#', 'admin', '2025-11-14 11:00:05', '', NULL, '');
INSERT INTO `sys_menu` VALUES (2029, '公告删除', 2025, 4, '', NULL, NULL, '', 1, 0, 'F', '0', '0', 'proj_cyq:notice:remove', '#', 'admin', '2025-11-14 11:00:29', '', NULL, '');
INSERT INTO `sys_menu` VALUES (2030, '公告导出', 2025, 5, '', NULL, NULL, '', 1, 0, 'F', '0', '0', 'proj_cyq:notice:export', '#', 'admin', '2025-11-14 11:00:49', '', NULL, '');
INSERT INTO `sys_menu` VALUES (2031, '公告详情', 2025, 6, '', NULL, NULL, '', 1, 0, 'F', '0', '0', 'proj_cyq:notice:query', '#', 'admin', '2025-11-14 11:02:19', '', NULL, '');
INSERT INTO `sys_menu` VALUES (2032, '文章查询', 2012, 1, '', NULL, NULL, '', 1, 0, 'F', '0', '0', 'proj_qhy:article:list', '#', 'admin', '2025-11-14 11:08:59', '', NULL, '');
INSERT INTO `sys_menu` VALUES (2033, '文章新增', 2012, 2, '', NULL, NULL, '', 1, 0, 'F', '0', '0', 'proj_qhy:article:add', '#', 'admin', '2025-11-14 11:09:28', '', NULL, '');
INSERT INTO `sys_menu` VALUES (2034, '文章修改', 2012, 3, '', NULL, NULL, '', 1, 0, 'F', '0', '0', 'proj_qhy:article:edit', '#', 'admin', '2025-11-14 11:09:46', '', NULL, '');
INSERT INTO `sys_menu` VALUES (2035, '文章删除', 2012, 4, '', NULL, NULL, '', 1, 0, 'F', '0', '0', 'proj_qhy:article:remove', '#', 'admin', '2025-11-14 11:10:05', '', NULL, '');
INSERT INTO `sys_menu` VALUES (2036, '文章导出', 2012, 5, '', NULL, NULL, '', 1, 0, 'F', '0', '0', 'proj_qhy:article:export', '#', 'admin', '2025-11-14 11:10:24', '', NULL, '');
INSERT INTO `sys_menu` VALUES (2037, '文章详情', 2012, 6, '', NULL, NULL, '', 1, 0, 'F', '0', '0', 'proj_qhy:article:query', '#', 'admin', '2025-11-14 11:10:44', '', NULL, '');
INSERT INTO `sys_menu` VALUES (2038, '在线考试', 0, 4, '/proj_lwj_exam', NULL, NULL, '', 1, 0, 'M', '0', '0', '', 'documentation', 'admin', '2025-11-14 19:00:46', 'admin', '2025-11-14 19:00:56', '');
INSERT INTO `sys_menu` VALUES (2039, '考试发布', 2038, 0, 'exam_publish', NULL, NULL, '', 1, 0, 'C', '0', '0', '', 'dict', 'admin', '2025-11-14 19:01:19', 'admin', '2025-11-14 19:05:32', '');
INSERT INTO `sys_menu` VALUES (2040, '进行考试', 2038, 1, 'exam_take/:examId', NULL, NULL, '', 1, 0, 'C', '1', '0', '', 'dashboard', 'admin', '2025-11-15 00:14:07', 'admin', '2025-11-15 00:50:06', '');
INSERT INTO `sys_menu` VALUES (2041, '考试入口', 2038, 2, 'exam_portal', NULL, NULL, '', 1, 0, 'C', '0', '0', '', 'button', 'admin', '2025-11-15 00:49:05', 'admin', '2025-11-15 00:49:59', '');
INSERT INTO `sys_menu` VALUES (2042, '考勤报表', 2009, 1, 'attendanceReport', NULL, NULL, '', 1, 0, 'C', '0', '0', '', 'chart', 'admin', '2025-11-17 23:21:22', 'admin', '2025-11-17 23:22:33', '');
INSERT INTO `sys_menu` VALUES (2043, '驾驶舱', 2009, 2, 'dashboard', NULL, NULL, '', 1, 0, 'C', '0', '0', '', 'dashboard', 'admin', '2025-11-17 23:21:52', 'admin', '2025-11-17 23:22:03', '');
INSERT INTO `sys_menu` VALUES (2044, '小组讨论', 2011, 3, 'group', NULL, NULL, '', 1, 0, 'C', '0', '0', NULL, 'peoples', 'admin', '2025-11-18 15:12:53', '', NULL, '');
INSERT INTO `sys_menu` VALUES (2045, '聊天', 2011, 4, 'group/chat/:groupId(\\d+)', NULL, NULL, '', 1, 0, 'C', '1', '0', NULL, '#', 'admin', '2025-11-18 15:13:37', '', NULL, '');

-- ----------------------------
-- Table structure for sys_notice
-- ----------------------------
DROP TABLE IF EXISTS `sys_notice`;
CREATE TABLE `sys_notice`  (
  `notice_id` int NOT NULL AUTO_INCREMENT COMMENT '公告ID',
  `notice_title` varchar(50) CHARACTER SET utf8mb4 COLLATE utf8mb4_unicode_ci NOT NULL COMMENT '公告标题',
  `notice_type` char(1) CHARACTER SET utf8mb4 COLLATE utf8mb4_unicode_ci NOT NULL COMMENT '公告类型（1通知 2公告）',
  `notice_content` longblob NULL COMMENT '公告内容',
  `status` char(1) CHARACTER SET utf8mb4 COLLATE utf8mb4_unicode_ci NULL DEFAULT '0' COMMENT '公告状态（0正常 1关闭）',
  `create_by` varchar(64) CHARACTER SET utf8mb4 COLLATE utf8mb4_unicode_ci NULL DEFAULT '' COMMENT '创建者',
  `create_time` datetime NULL DEFAULT NULL COMMENT '创建时间',
  `update_by` varchar(64) CHARACTER SET utf8mb4 COLLATE utf8mb4_unicode_ci NULL DEFAULT '' COMMENT '更新者',
  `update_time` datetime NULL DEFAULT NULL COMMENT '更新时间',
  `remark` varchar(255) CHARACTER SET utf8mb4 COLLATE utf8mb4_unicode_ci NULL DEFAULT NULL COMMENT '备注',
  PRIMARY KEY (`notice_id`) USING BTREE
) ENGINE = InnoDB AUTO_INCREMENT = 10 CHARACTER SET = utf8mb4 COLLATE = utf8mb4_unicode_ci COMMENT = '通知公告表' ROW_FORMAT = DYNAMIC;

-- ----------------------------
-- Records of sys_notice
-- ----------------------------
INSERT INTO `sys_notice` VALUES (1, '温馨提醒：2018-07-01 若依新版本发布啦', '2', 0xE696B0E78988E69CACE58685E5AEB9, '0', 'admin', '2025-10-30 17:06:55', '', NULL, '管理员');
INSERT INTO `sys_notice` VALUES (2, '维护通知：2018-07-01 若依系统凌晨维护', '1', 0xE7BBB4E68AA4E58685E5AEB9, '0', 'admin', '2025-10-30 17:06:55', '', NULL, '管理员');

-- ----------------------------
-- Table structure for sys_oper_log
-- ----------------------------
DROP TABLE IF EXISTS `sys_oper_log`;
CREATE TABLE `sys_oper_log`  (
  `oper_id` bigint NOT NULL AUTO_INCREMENT COMMENT '日志主键',
  `title` varchar(50) CHARACTER SET utf8mb4 COLLATE utf8mb4_unicode_ci NULL DEFAULT '' COMMENT '模块标题',
  `business_type` int NULL DEFAULT 0 COMMENT '业务类型（0其它 1新增 2修改 3删除）',
  `method` varchar(200) CHARACTER SET utf8mb4 COLLATE utf8mb4_unicode_ci NULL DEFAULT '' COMMENT '方法名称',
  `request_method` varchar(10) CHARACTER SET utf8mb4 COLLATE utf8mb4_unicode_ci NULL DEFAULT '' COMMENT '请求方式',
  `operator_type` int NULL DEFAULT 0 COMMENT '操作类别（0其它 1后台用户 2手机端用户）',
  `oper_name` varchar(50) CHARACTER SET utf8mb4 COLLATE utf8mb4_unicode_ci NULL DEFAULT '' COMMENT '操作人员',
  `dept_name` varchar(50) CHARACTER SET utf8mb4 COLLATE utf8mb4_unicode_ci NULL DEFAULT '' COMMENT '部门名称',
  `oper_url` varchar(255) CHARACTER SET utf8mb4 COLLATE utf8mb4_unicode_ci NULL DEFAULT '' COMMENT '请求URL',
  `oper_ip` varchar(128) CHARACTER SET utf8mb4 COLLATE utf8mb4_unicode_ci NULL DEFAULT '' COMMENT '主机地址',
  `oper_location` varchar(255) CHARACTER SET utf8mb4 COLLATE utf8mb4_unicode_ci NULL DEFAULT '' COMMENT '操作地点',
  `oper_param` varchar(2000) CHARACTER SET utf8mb4 COLLATE utf8mb4_unicode_ci NULL DEFAULT '' COMMENT '请求参数',
  `json_result` varchar(2000) CHARACTER SET utf8mb4 COLLATE utf8mb4_unicode_ci NULL DEFAULT '' COMMENT '返回参数',
  `status` int NULL DEFAULT 0 COMMENT '操作状态（0正常 1异常）',
  `error_msg` varchar(2000) CHARACTER SET utf8mb4 COLLATE utf8mb4_unicode_ci NULL DEFAULT '' COMMENT '错误消息',
  `oper_time` datetime NULL DEFAULT NULL COMMENT '操作时间',
  `cost_time` bigint NULL DEFAULT 0 COMMENT '消耗时间',
  PRIMARY KEY (`oper_id`) USING BTREE,
  INDEX `idx_sys_oper_log_bt`(`business_type` ASC) USING BTREE,
  INDEX `idx_sys_oper_log_s`(`status` ASC) USING BTREE,
  INDEX `idx_sys_oper_log_ot`(`oper_time` ASC) USING BTREE
) ENGINE = InnoDB AUTO_INCREMENT = 658 CHARACTER SET = utf8mb4 COLLATE = utf8mb4_unicode_ci COMMENT = '操作日志记录' ROW_FORMAT = DYNAMIC;

-- ----------------------------
-- Records of sys_oper_log
-- ----------------------------
INSERT INTO `sys_oper_log` VALUES (100, '课堂管理', 2, 'com.ruoyi.web.controller.proj_lw.ClassroomController.edit()', 'PUT', 1, 'admin', '研发部门', '/proj_lw/classroom', '127.0.0.1', '内网IP', '{\"classroomId\":2,\"classroomName\":\"计算机网络123\",\"courseName\":\"计算机网络123\",\"endTime\":\"2\",\"params\":{},\"startTime\":\"1\",\"status\":\"1\",\"teacher\":\"12\",\"totalStudents\":1,\"updateBy\":\"admin\"}', '{\"msg\":\"操作成功\",\"code\":200}', 0, NULL, '2025-10-31 20:16:57', 8);
INSERT INTO `sys_oper_log` VALUES (101, '课堂管理', 2, 'com.ruoyi.web.controller.proj_lw.ClassSessionController.edit()', 'PUT', 1, 'admin', '研发部门', '/proj_lw/session', '127.0.0.1', '内网IP', '{\"className\":\"研究与开发实践01\",\"classNumber\":1,\"endTime\":\"2025-10-31 20:50:28\",\"params\":{},\"sessionId\":1,\"startTime\":\"2025-10-31 20:50:24\",\"status\":1,\"teacher\":\"A\",\"teacherId\":1,\"totalStudents\":22,\"updateBy\":\"admin\"}', NULL, 1, '\r\n### Error updating database.  Cause: java.sql.SQLSyntaxErrorException: Unknown column \'total_students\' in \'field list\'\r\n### The error may exist in com/ruoyi/proj_lw/mapper/ClassSessionMapper.java (best guess)\r\n### The error may involve com.ruoyi.proj_lw.mapper.ClassSessionMapper.updateSession-Inline\r\n### The error occurred while setting parameters\r\n### SQL: UPDATE class_session SET class_name = ?, teacher_id = ?, start_time = ?, end_time = ?, status = ?, total_students = ?, teacher = ?, class_number = ?, update_by = ?, update_time = NOW() WHERE session_id = ?\r\n### Cause: java.sql.SQLSyntaxErrorException: Unknown column \'total_students\' in \'field list\'\n; bad SQL grammar []; nested exception is java.sql.SQLSyntaxErrorException: Unknown column \'total_students\' in \'field list\'', '2025-10-31 21:37:03', 66);
INSERT INTO `sys_oper_log` VALUES (102, '课堂管理', 2, 'com.ruoyi.web.controller.proj_lw.ClassSessionController.edit()', 'PUT', 1, 'admin', '研发部门', '/proj_lw/session', '127.0.0.1', '内网IP', '{\"className\":\"研究与开发实践01\",\"classNumber\":1,\"endTime\":\"2025-10-31 20:50:28\",\"params\":{},\"sessionId\":1,\"startTime\":\"2025-10-31 20:50:24\",\"status\":1,\"teacher\":\"AA\",\"teacherId\":1,\"totalStudents\":1,\"updateBy\":\"admin\"}', NULL, 1, '\r\n### Error updating database.  Cause: java.sql.SQLSyntaxErrorException: Unknown column \'total_students\' in \'field list\'\r\n### The error may exist in com/ruoyi/proj_lw/mapper/ClassSessionMapper.java (best guess)\r\n### The error may involve com.ruoyi.proj_lw.mapper.ClassSessionMapper.updateSession-Inline\r\n### The error occurred while setting parameters\r\n### SQL: UPDATE class_session SET class_name = ?, teacher_id = ?, start_time = ?, end_time = ?, status = ?, total_students = ?, teacher = ?, class_number = ?, update_by = ?, update_time = NOW() WHERE session_id = ?\r\n### Cause: java.sql.SQLSyntaxErrorException: Unknown column \'total_students\' in \'field list\'\n; bad SQL grammar []; nested exception is java.sql.SQLSyntaxErrorException: Unknown column \'total_students\' in \'field list\'', '2025-10-31 21:37:16', 1);
INSERT INTO `sys_oper_log` VALUES (103, '课程管理', 2, 'com.ruoyi.web.controller.proj_lw.CourseController.edit()', 'PUT', 1, 'admin', '研发部门', '/proj_lw/course', '127.0.0.1', '内网IP', '{\"classNumber\":3,\"college\":\"经济学院\",\"courseCode\":\"MSNU32546\",\"courseId\":3,\"courseName\":\"计算机金融\",\"courseType\":\"选修\",\"createBy\":\"admin\",\"createTime\":\"2025-10-29 18:22:47\",\"credit\":3.5,\"introduction\":\"锻炼学生实践能力\",\"params\":{},\"status\":\"0\",\"updateBy\":\"admin\"}', '{\"msg\":\"操作成功\",\"code\":200}', 0, NULL, '2025-10-31 21:39:18', 11);
INSERT INTO `sys_oper_log` VALUES (104, '课程管理', 2, 'com.ruoyi.web.controller.proj_lw.CourseController.edit()', 'PUT', 1, 'admin', '研发部门', '/proj_lw/course', '127.0.0.1', '内网IP', '{\"classNumber\":3,\"college\":\"经济学院\",\"courseCode\":\"MSNU32546\",\"courseId\":3,\"courseName\":\"计算机金融应用\",\"courseType\":\"选修\",\"createBy\":\"admin\",\"createTime\":\"2025-10-29 18:22:47\",\"credit\":3.5,\"introduction\":\"锻炼学生实践能力\",\"params\":{},\"status\":\"0\",\"updateBy\":\"admin\",\"updateTime\":\"2025-10-31 21:39:18\"}', '{\"msg\":\"操作成功\",\"code\":200}', 0, NULL, '2025-10-31 21:39:29', 9);
INSERT INTO `sys_oper_log` VALUES (105, '课堂管理', 2, 'com.ruoyi.web.controller.proj_lw.ClassSessionController.edit()', 'PUT', 1, 'admin', '研发部门', '/proj_lw/session', '127.0.0.1', '内网IP', '{\"className\":\"计算机金融应用\",\"classNumber\":3,\"endTime\":\"2025-10-31 20:57:19\",\"params\":{},\"sessionId\":3,\"startTime\":\"2025-10-31 20:57:16\",\"status\":0,\"teacher\":\"C\",\"teacherId\":3,\"totalStudents\":10,\"updateBy\":\"admin\"}', NULL, 1, '\r\n### Error updating database.  Cause: java.sql.SQLSyntaxErrorException: Unknown column \'update_by\' in \'field list\'\r\n### The error may exist in com/ruoyi/proj_lw/mapper/ClassSessionMapper.java (best guess)\r\n### The error may involve com.ruoyi.proj_lw.mapper.ClassSessionMapper.updateSession-Inline\r\n### The error occurred while setting parameters\r\n### SQL: UPDATE class_session SET class_name = ?, teacher_id = ?, start_time = ?, end_time = ?, status = ?, total_students = ?, teacher = ?, class_number = ?, update_by = ?, update_time = NOW() WHERE session_id = ?\r\n### Cause: java.sql.SQLSyntaxErrorException: Unknown column \'update_by\' in \'field list\'\n; bad SQL grammar []; nested exception is java.sql.SQLSyntaxErrorException: Unknown column \'update_by\' in \'field list\'', '2025-10-31 21:43:14', 5);
INSERT INTO `sys_oper_log` VALUES (106, '课堂管理', 2, 'com.ruoyi.web.controller.proj_lw.ClassSessionController.edit()', 'PUT', 1, 'admin', '研发部门', '/proj_lw/session', '127.0.0.1', '内网IP', '{\"className\":\"计算机金融应用\",\"classNumber\":3,\"endTime\":\"2025-10-31 20:57:19\",\"params\":{},\"sessionId\":3,\"startTime\":\"2025-10-31 20:57:16\",\"status\":0,\"teacher\":\"C\",\"teacherId\":3,\"totalStudents\":10,\"updateBy\":\"admin\"}', NULL, 1, '\r\n### Error updating database.  Cause: java.sql.SQLSyntaxErrorException: Unknown column \'update_by\' in \'field list\'\r\n### The error may exist in com/ruoyi/proj_lw/mapper/ClassSessionMapper.java (best guess)\r\n### The error may involve com.ruoyi.proj_lw.mapper.ClassSessionMapper.updateSession-Inline\r\n### The error occurred while setting parameters\r\n### SQL: UPDATE class_session SET class_name = ?, teacher_id = ?, start_time = ?, end_time = ?, status = ?, total_students = ?, teacher = ?, class_number = ?, update_by = ?, update_time = NOW() WHERE session_id = ?\r\n### Cause: java.sql.SQLSyntaxErrorException: Unknown column \'update_by\' in \'field list\'\n; bad SQL grammar []; nested exception is java.sql.SQLSyntaxErrorException: Unknown column \'update_by\' in \'field list\'', '2025-10-31 21:43:19', 3);
INSERT INTO `sys_oper_log` VALUES (107, '课堂管理', 2, 'com.ruoyi.web.controller.proj_lw.ClassSessionController.edit()', 'PUT', 1, 'admin', '研发部门', '/proj_lw/session', '127.0.0.1', '内网IP', '{\"className\":\"计算机金融应用\",\"classNumber\":3,\"endTime\":\"2025-10-31 20:57:19\",\"params\":{},\"sessionId\":3,\"startTime\":\"2025-10-31 20:57:16\",\"status\":0,\"teacher\":\"C\",\"teacherId\":3,\"totalStudents\":10,\"updateBy\":\"admin\"}', NULL, 1, '\r\n### Error updating database.  Cause: java.sql.SQLSyntaxErrorException: Unknown column \'update_by\' in \'field list\'\r\n### The error may exist in com/ruoyi/proj_lw/mapper/ClassSessionMapper.java (best guess)\r\n### The error may involve com.ruoyi.proj_lw.mapper.ClassSessionMapper.updateSession-Inline\r\n### The error occurred while setting parameters\r\n### SQL: UPDATE class_session SET class_name = ?, teacher_id = ?, start_time = ?, end_time = ?, status = ?, total_students = ?, teacher = ?, class_number = ?, update_by = ?, update_time = NOW() WHERE session_id = ?\r\n### Cause: java.sql.SQLSyntaxErrorException: Unknown column \'update_by\' in \'field list\'\n; bad SQL grammar []; nested exception is java.sql.SQLSyntaxErrorException: Unknown column \'update_by\' in \'field list\'', '2025-10-31 21:43:25', 3);
INSERT INTO `sys_oper_log` VALUES (108, '课堂管理', 2, 'com.ruoyi.web.controller.proj_lw.ClassSessionController.edit()', 'PUT', 1, 'admin', '研发部门', '/proj_lw/session', '127.0.0.1', '内网IP', '{\"className\":\"计算机金融应用\",\"classNumber\":3,\"createBy\":\"\",\"endTime\":\"2025-10-31 20:57:19\",\"params\":{},\"sessionId\":3,\"startTime\":\"2025-10-31 20:57:16\",\"status\":0,\"teacher\":\"C\",\"teacherId\":3,\"totalStudents\":30,\"updateBy\":\"admin\"}', '{\"msg\":\"操作成功\",\"code\":200}', 0, NULL, '2025-10-31 21:49:01', 15);
INSERT INTO `sys_oper_log` VALUES (109, '课堂管理', 2, 'com.ruoyi.web.controller.proj_lw.ClassSessionController.edit()', 'PUT', 1, 'admin', '研发部门', '/proj_lw/session', '127.0.0.1', '内网IP', '{\"className\":\"研究与开发实践02\",\"classNumber\":1,\"createBy\":\"\",\"endTime\":\"2025-10-31 20:56:20\",\"params\":{},\"sessionId\":2,\"startTime\":\"2025-10-31 20:56:09\",\"status\":0,\"teacher\":\"B\",\"teacherId\":2,\"totalStudents\":30,\"updateBy\":\"admin\"}', '{\"msg\":\"操作成功\",\"code\":200}', 0, NULL, '2025-10-31 21:50:05', 7);
INSERT INTO `sys_oper_log` VALUES (110, '课堂管理', 3, 'com.ruoyi.web.controller.proj_lw.ClassSessionController.remove()', 'DELETE', 1, 'admin', '研发部门', '/proj_lw/session/2', '127.0.0.1', '内网IP', '[2]', '{\"msg\":\"操作成功\",\"code\":200}', 0, NULL, '2025-10-31 21:50:59', 6);
INSERT INTO `sys_oper_log` VALUES (111, '课堂管理', 1, 'com.ruoyi.web.controller.proj_lw.ClassSessionController.add()', 'POST', 1, 'admin', '研发部门', '/proj_lw/session', '127.0.0.1', '内网IP', '{\"className\":\"研究与开发实践02\",\"classNumber\":1,\"createBy\":\"admin\",\"endTime\":\"2025-10-31 21:55:41\",\"params\":{},\"sessionId\":4,\"startTime\":\"2025-10-31 21:55:37\",\"status\":0,\"teacher\":\"B\",\"teacherId\":2,\"totalStudents\":36}', '{\"msg\":\"操作成功\",\"code\":200}', 0, NULL, '2025-10-31 21:55:44', 21);
INSERT INTO `sys_oper_log` VALUES (112, '课堂管理', 2, 'com.ruoyi.web.controller.proj_lw.ClassSessionController.edit()', 'PUT', 1, 'admin', '研发部门', '/proj_lw/session', '127.0.0.1', '内网IP', '{\"className\":\"研究与开发实践02\",\"classNumber\":1,\"createBy\":\"admin\",\"createTime\":\"2025-10-31 21:55:44\",\"endTime\":\"2025-10-31 21:55:41\",\"params\":{},\"sessionId\":4,\"startTime\":\"2025-10-30 21:55:37\",\"status\":2,\"teacher\":\"B\",\"teacherId\":2,\"totalStudents\":42,\"updateBy\":\"admin\"}', '{\"msg\":\"操作成功\",\"code\":200}', 0, NULL, '2025-10-31 21:56:17', 9);
INSERT INTO `sys_oper_log` VALUES (113, '课堂管理', 1, 'com.ruoyi.web.controller.proj_lw.ClassSessionController.add()', 'POST', 1, 'admin', '研发部门', '/proj_lw/session', '127.0.0.1', '内网IP', '{\"className\":\"计算机网络\",\"classNumber\":2,\"createBy\":\"admin\",\"endTime\":\"2025-10-31 21:56:43\",\"params\":{},\"sessionId\":5,\"startTime\":\"2025-10-31 00:00:00\",\"status\":1,\"teacher\":\"ASA\",\"teacherId\":1,\"totalStudents\":30}', '{\"msg\":\"操作成功\",\"code\":200}', 0, NULL, '2025-10-31 21:56:45', 5);
INSERT INTO `sys_oper_log` VALUES (114, '课堂管理', 2, 'com.ruoyi.web.controller.proj_lw.ClassSessionController.edit()', 'PUT', 1, 'admin', '研发部门', '/proj_lw/session', '127.0.0.1', '内网IP', '{\"className\":\"计算机网络\",\"classNumber\":2,\"createBy\":\"admin\",\"createTime\":\"2025-10-31 21:56:45\",\"endTime\":\"2025-10-31 21:56:43\",\"params\":{},\"sessionId\":5,\"startTime\":\"2025-10-31 00:00:00\",\"status\":1,\"teacher\":\"ASA\",\"teacherId\":3,\"totalStudents\":36,\"updateBy\":\"admin\"}', '{\"msg\":\"操作成功\",\"code\":200}', 0, NULL, '2025-10-31 21:56:55', 9);
INSERT INTO `sys_oper_log` VALUES (115, '课堂管理', 3, 'com.ruoyi.web.controller.proj_lw.ClassSessionController.remove()', 'DELETE', 1, 'admin', '研发部门', '/proj_lw/session/5', '127.0.0.1', '内网IP', '[5]', '{\"msg\":\"操作成功\",\"code\":200}', 0, NULL, '2025-10-31 21:57:08', 9);
INSERT INTO `sys_oper_log` VALUES (116, '保存抽取记录', 1, 'com.ruoyi.web.controller.proj_myx.RandomPickController.savePick()', 'POST', 1, 'admin', '研发部门', '/proj_myx/random/pick/save', '127.0.0.1', '内网IP', '{\"pickTime\":\"2025-10-31 21:58:52.006\",\"sessionId\":1,\"studentId\":37,\"teacherId\":0}', '{\"msg\":\"操作成功\",\"code\":200}', 0, NULL, '2025-10-31 21:58:52', 7);
INSERT INTO `sys_oper_log` VALUES (117, '课堂管理', 1, 'com.ruoyi.web.controller.proj_lw.ClassSessionController.add()', 'POST', 1, 'admin', '研发部门', '/proj_lw/session', '127.0.0.1', '内网IP', '{\"className\":\"研究与开发实践03\",\"classNumber\":1,\"createBy\":\"admin\",\"endTime\":\"2025-10-31 22:01:34\",\"params\":{},\"sessionId\":6,\"startTime\":\"2025-10-31 22:01:31\",\"status\":0,\"teacher\":\"123\",\"teacherId\":2,\"totalStudents\":40}', '{\"msg\":\"操作成功\",\"code\":200}', 0, NULL, '2025-10-31 22:01:38', 4);
INSERT INTO `sys_oper_log` VALUES (118, '课堂管理', 2, 'com.ruoyi.web.controller.proj_lw.ClassSessionController.edit()', 'PUT', 1, 'admin', '研发部门', '/proj_lw/session', '127.0.0.1', '内网IP', '{\"className\":\"研究与开发实践03\",\"classNumber\":1,\"createBy\":\"admin\",\"createTime\":\"2025-10-31 22:01:38\",\"endTime\":\"2025-10-31 22:01:34\",\"params\":{},\"sessionId\":6,\"startTime\":\"2025-10-31 22:01:31\",\"status\":0,\"teacher\":\"11111\",\"teacherId\":2,\"totalStudents\":40,\"updateBy\":\"admin\"}', '{\"msg\":\"操作成功\",\"code\":200}', 0, NULL, '2025-10-31 22:01:44', 5);
INSERT INTO `sys_oper_log` VALUES (119, '课堂管理', 3, 'com.ruoyi.web.controller.proj_lw.ClassSessionController.remove()', 'DELETE', 1, 'admin', '研发部门', '/proj_lw/session/6', '127.0.0.1', '内网IP', '[6]', '{\"msg\":\"操作成功\",\"code\":200}', 0, NULL, '2025-10-31 22:01:48', 4);
INSERT INTO `sys_oper_log` VALUES (120, '保存抽取记录', 1, 'com.ruoyi.web.controller.proj_myx.RandomPickController.savePick()', 'POST', 1, 'admin', '研发部门', '/proj_myx/random/pick/save', '127.0.0.1', '内网IP', '{\"pickTime\":\"2025-11-01 00:42:02.917\",\"sessionId\":1,\"studentId\":16,\"teacherId\":0}', '{\"msg\":\"操作成功\",\"code\":200}', 0, NULL, '2025-11-01 00:42:03', 229);
INSERT INTO `sys_oper_log` VALUES (121, '课堂管理', 1, 'com.ruoyi.web.controller.proj_lw.ClassSessionController.add()', 'POST', 1, 'admin', '研发部门', '/proj_lw/session', '127.0.0.1', '内网IP', '{\"className\":\"研究与开发实践01\",\"classNumber\":1,\"createBy\":\"admin\",\"endTime\":\"2025-11-20 00:00:00\",\"params\":{},\"sessionId\":7,\"startTime\":\"2025-11-07 00:00:00\",\"status\":0,\"teacher\":\"C\",\"teacherId\":1,\"totalStudents\":30}', '{\"msg\":\"操作成功\",\"code\":200}', 0, NULL, '2025-11-01 00:42:58', 23);
INSERT INTO `sys_oper_log` VALUES (122, '课堂管理', 2, 'com.ruoyi.web.controller.proj_lw.ClassSessionController.edit()', 'PUT', 1, 'admin', '研发部门', '/proj_lw/session', '127.0.0.1', '内网IP', '{\"className\":\"研究与开发实践03\",\"classNumber\":1,\"createBy\":\"admin\",\"createTime\":\"2025-11-01 00:42:58\",\"endTime\":\"2025-11-20 00:00:00\",\"params\":{},\"sessionId\":7,\"startTime\":\"2025-11-07 00:00:00\",\"status\":0,\"teacher\":\"C\",\"teacherId\":1,\"totalStudents\":30,\"updateBy\":\"admin\"}', '{\"msg\":\"操作成功\",\"code\":200}', 0, NULL, '2025-11-01 00:43:14', 15);
INSERT INTO `sys_oper_log` VALUES (123, '作业管理', 1, 'com.ruoyi.web.controller.proj_lwj.ClassHomeworkController.add()', 'POST', 1, 'admin', '研发部门', '/proj_lwj/homework', '127.0.0.1', '内网IP', '{\"attachments\":\"\",\"content\":\"1111\",\"courseId\":1,\"createBy\":\"admin\",\"deadline\":\"2025-11-05 00:00:00\",\"params\":{},\"sessionId\":7,\"title\":\"1111\",\"totalScore\":100}', NULL, 1, '\r\n### Error updating database.  Cause: java.sql.SQLSyntaxErrorException: Table \'ry-vue.class_homework\' doesn\'t exist\r\n### The error may exist in com/ruoyi/proj_lwj/mapper/ClassHomeworkMapper.java (best guess)\r\n### The error may involve com.ruoyi.proj_lwj.mapper.ClassHomeworkMapper.insertHomework-Inline\r\n### The error occurred while setting parameters\r\n### SQL: INSERT INTO class_homework (course_id, session_id, title, content, total_score, deadline, attachments, create_by, create_time) VALUES (?, ?, ?, ?, ?, ?, ?, ?, NOW())\r\n### Cause: java.sql.SQLSyntaxErrorException: Table \'ry-vue.class_homework\' doesn\'t exist\n; bad SQL grammar []; nested exception is java.sql.SQLSyntaxErrorException: Table \'ry-vue.class_homework\' doesn\'t exist', '2025-11-01 00:45:10', 341);
INSERT INTO `sys_oper_log` VALUES (124, '作业管理', 1, 'com.ruoyi.web.controller.proj_lwj.ClassHomeworkController.add()', 'POST', 1, 'admin', '研发部门', '/proj_lwj/homework', '127.0.0.1', '内网IP', '{\"attachments\":\"\",\"content\":\"1111\",\"courseId\":1,\"createBy\":\"admin\",\"deadline\":\"2025-11-05 00:00:00\",\"params\":{},\"sessionId\":7,\"title\":\"1111\",\"totalScore\":100}', NULL, 1, '\r\n### Error updating database.  Cause: java.sql.SQLSyntaxErrorException: Table \'ry-vue.class_homework\' doesn\'t exist\r\n### The error may exist in com/ruoyi/proj_lwj/mapper/ClassHomeworkMapper.java (best guess)\r\n### The error may involve com.ruoyi.proj_lwj.mapper.ClassHomeworkMapper.insertHomework-Inline\r\n### The error occurred while setting parameters\r\n### SQL: INSERT INTO class_homework (course_id, session_id, title, content, total_score, deadline, attachments, create_by, create_time) VALUES (?, ?, ?, ?, ?, ?, ?, ?, NOW())\r\n### Cause: java.sql.SQLSyntaxErrorException: Table \'ry-vue.class_homework\' doesn\'t exist\n; bad SQL grammar []; nested exception is java.sql.SQLSyntaxErrorException: Table \'ry-vue.class_homework\' doesn\'t exist', '2025-11-01 00:45:54', 10);
INSERT INTO `sys_oper_log` VALUES (125, '作业管理', 1, 'com.ruoyi.web.controller.proj_lwj.ClassHomeworkController.add()', 'POST', 1, 'admin', '研发部门', '/proj_lwj/homework', '127.0.0.1', '内网IP', '{\"attachments\":\"\",\"content\":\"12222222222222222222221321\",\"courseId\":1,\"createBy\":\"admin\",\"deadline\":\"2025-11-02 11:22:15\",\"homeworkId\":1,\"params\":{},\"sessionId\":7,\"title\":\"111111111111111111\",\"totalScore\":100}', '{\"msg\":\"操作成功\",\"code\":200}', 0, NULL, '2025-11-01 00:49:29', 20);
INSERT INTO `sys_oper_log` VALUES (126, '作业管理', 1, 'com.ruoyi.web.controller.proj_lwj.ClassHomeworkController.add()', 'POST', 1, 'admin', '研发部门', '/proj_lwj/homework', '127.0.0.1', '内网IP', '{\"attachments\":\"\",\"content\":\"12222222222222222222221321\",\"courseId\":1,\"createBy\":\"admin\",\"deadline\":\"2025-11-02 11:22:15\",\"homeworkId\":2,\"params\":{},\"sessionId\":7,\"title\":\"111111111111111111\",\"totalScore\":100}', '{\"msg\":\"操作成功\",\"code\":200}', 0, NULL, '2025-11-01 00:49:45', 13);
INSERT INTO `sys_oper_log` VALUES (127, '作业管理', 1, 'com.ruoyi.web.controller.proj_lwj.ClassHomeworkController.add()', 'POST', 1, 'admin', '研发部门', '/proj_lwj/homework', '127.0.0.1', '内网IP', '{\"attachments\":\"\",\"content\":\"3333333333333333333333333\",\"courseId\":1,\"createBy\":\"admin\",\"deadline\":\"2025-11-07 00:00:00\",\"homeworkId\":3,\"params\":{},\"sessionId\":7,\"title\":\"11111111111\",\"totalScore\":100}', '{\"msg\":\"操作成功\",\"code\":200}', 0, NULL, '2025-11-01 00:57:16', 234);
INSERT INTO `sys_oper_log` VALUES (128, '作业提交', 1, 'com.ruoyi.web.controller.proj_lwj.ClassHomeworkController.submit()', 'POST', 1, 'admin', '研发部门', '/proj_lwj/homework/submit', '127.0.0.1', '内网IP', '{\"createBy\":\"admin\",\"homeworkId\":3,\"params\":{},\"remark\":\"\",\"studentId\":121212121,\"submissionFiles\":\"改革开放史论文撰写模板.doc\"}', NULL, 1, '\r\n### Error updating database.  Cause: java.sql.SQLSyntaxErrorException: Unknown column \'submission_files\' in \'field list\'\r\n### The error may exist in com/ruoyi/proj_lwj/mapper/ClassStudentHomeworkMapper.java (best guess)\r\n### The error may involve com.ruoyi.proj_lwj.mapper.ClassStudentHomeworkMapper.insert-Inline\r\n### The error occurred while setting parameters\r\n### SQL: INSERT INTO class_student_homework (homework_id, student_id, submission_files, submit_time, status, create_by, create_time) VALUES (?, ?, ?, ?, ?, ?, NOW())\r\n### Cause: java.sql.SQLSyntaxErrorException: Unknown column \'submission_files\' in \'field list\'\n; bad SQL grammar []; nested exception is java.sql.SQLSyntaxErrorException: Unknown column \'submission_files\' in \'field list\'', '2025-11-01 01:26:34', 404);
INSERT INTO `sys_oper_log` VALUES (129, '作业提交', 1, 'com.ruoyi.web.controller.proj_lwj.ClassHomeworkController.submit()', 'POST', 1, 'admin', '研发部门', '/proj_lwj/homework/submit', '127.0.0.1', '内网IP', '{\"createBy\":\"admin\",\"homeworkId\":3,\"params\":{},\"remark\":\"\",\"studentId\":121212121,\"submissionFiles\":\"改革开放史论文撰写模板.doc\"}', NULL, 1, '\r\n### Error updating database.  Cause: java.sql.SQLSyntaxErrorException: Unknown column \'submission_files\' in \'field list\'\r\n### The error may exist in com/ruoyi/proj_lwj/mapper/ClassStudentHomeworkMapper.java (best guess)\r\n### The error may involve com.ruoyi.proj_lwj.mapper.ClassStudentHomeworkMapper.insert-Inline\r\n### The error occurred while setting parameters\r\n### SQL: INSERT INTO class_student_homework (homework_id, student_id, submission_files, submit_time, status, create_by, create_time) VALUES (?, ?, ?, ?, ?, ?, NOW())\r\n### Cause: java.sql.SQLSyntaxErrorException: Unknown column \'submission_files\' in \'field list\'\n; bad SQL grammar []; nested exception is java.sql.SQLSyntaxErrorException: Unknown column \'submission_files\' in \'field list\'', '2025-11-01 01:29:50', 7);
INSERT INTO `sys_oper_log` VALUES (130, '作业提交', 1, 'com.ruoyi.web.controller.proj_lwj.ClassHomeworkController.submit()', 'POST', 1, 'admin', '研发部门', '/proj_lwj/homework/submit', '127.0.0.1', '内网IP', '{\"createBy\":\"admin\",\"homeworkId\":3,\"params\":{},\"remark\":\"\",\"studentId\":12121212121,\"submissionFiles\":\"改革开放史论文撰写模板.doc\"}', NULL, 1, '\r\n### Error updating database.  Cause: java.sql.SQLSyntaxErrorException: Unknown column \'submission_files\' in \'field list\'\r\n### The error may exist in com/ruoyi/proj_lwj/mapper/ClassStudentHomeworkMapper.java (best guess)\r\n### The error may involve com.ruoyi.proj_lwj.mapper.ClassStudentHomeworkMapper.insert-Inline\r\n### The error occurred while setting parameters\r\n### SQL: INSERT INTO class_student_homework (homework_id, student_id, submission_files, submit_time, status, create_by, create_time) VALUES (?, ?, ?, ?, ?, ?, NOW())\r\n### Cause: java.sql.SQLSyntaxErrorException: Unknown column \'submission_files\' in \'field list\'\n; bad SQL grammar []; nested exception is java.sql.SQLSyntaxErrorException: Unknown column \'submission_files\' in \'field list\'', '2025-11-01 01:30:24', 6);
INSERT INTO `sys_oper_log` VALUES (131, '作业提交', 1, 'com.ruoyi.web.controller.proj_lwj.ClassHomeworkController.submit()', 'POST', 1, 'admin', '研发部门', '/proj_lwj/homework/submit', '127.0.0.1', '内网IP', '{\"createBy\":\"admin\",\"homeworkId\":3,\"params\":{},\"remark\":\"\",\"studentId\":12121212121,\"submissionFiles\":\"改革开放史论文撰写模板.doc\"}', NULL, 1, '\r\n### Error updating database.  Cause: java.sql.SQLSyntaxErrorException: Unknown column \'submission_files\' in \'field list\'\r\n### The error may exist in com/ruoyi/proj_lwj/mapper/ClassStudentHomeworkMapper.java (best guess)\r\n### The error may involve com.ruoyi.proj_lwj.mapper.ClassStudentHomeworkMapper.insert-Inline\r\n### The error occurred while setting parameters\r\n### SQL: INSERT INTO class_student_homework (homework_id, student_id, submission_files, submit_time, status, create_by, create_time) VALUES (?, ?, ?, ?, ?, ?, NOW())\r\n### Cause: java.sql.SQLSyntaxErrorException: Unknown column \'submission_files\' in \'field list\'\n; bad SQL grammar []; nested exception is java.sql.SQLSyntaxErrorException: Unknown column \'submission_files\' in \'field list\'', '2025-11-01 01:31:10', 5);
INSERT INTO `sys_oper_log` VALUES (132, '作业提交', 1, 'com.ruoyi.web.controller.proj_lwj.ClassHomeworkController.submit()', 'POST', 1, 'admin', '研发部门', '/proj_lwj/homework/submit', '127.0.0.1', '内网IP', '{\"createBy\":\"admin\",\"homeworkId\":2,\"params\":{},\"remark\":\"\",\"studentId\":121212121,\"submissionFiles\":\"改革开放史论文撰写模板.doc\"}', NULL, 1, '\r\n### Error updating database.  Cause: java.sql.SQLSyntaxErrorException: Unknown column \'submission_files\' in \'field list\'\r\n### The error may exist in com/ruoyi/proj_lwj/mapper/ClassStudentHomeworkMapper.java (best guess)\r\n### The error may involve com.ruoyi.proj_lwj.mapper.ClassStudentHomeworkMapper.insert-Inline\r\n### The error occurred while setting parameters\r\n### SQL: INSERT INTO class_student_homework (homework_id, student_id, submission_files, submit_time, status, create_by, create_time) VALUES (?, ?, ?, ?, ?, ?, NOW())\r\n### Cause: java.sql.SQLSyntaxErrorException: Unknown column \'submission_files\' in \'field list\'\n; bad SQL grammar []; nested exception is java.sql.SQLSyntaxErrorException: Unknown column \'submission_files\' in \'field list\'', '2025-11-01 01:31:35', 5);
INSERT INTO `sys_oper_log` VALUES (133, '作业提交', 1, 'com.ruoyi.web.controller.proj_lwj.ClassHomeworkController.submit()', 'POST', 1, 'admin', '研发部门', '/proj_lwj/homework/submit', '127.0.0.1', '内网IP', '{\"createBy\":\"admin\",\"homeworkId\":3,\"params\":{},\"remark\":\"\",\"studentHomeworkId\":1,\"studentId\":1212121,\"submissionFiles\":\"改革开放史论文撰写模板.doc\"}', '{\"msg\":\"操作成功\",\"code\":200}', 0, NULL, '2025-11-01 01:32:57', 19);
INSERT INTO `sys_oper_log` VALUES (134, '作业管理', 1, 'com.ruoyi.web.controller.proj_lwj.ClassHomeworkController.add()', 'POST', 1, 'admin', '研发部门', '/proj_lwj/homework', '127.0.0.1', '内网IP', '{\"attachments\":\"/profile/upload/2025/11/01/改革开放史论文撰写模板_20251101013529A007.doc\",\"content\":\"小程序\",\"courseId\":1,\"createBy\":\"admin\",\"deadline\":\"2025-11-11 12:00:00\",\"homeworkId\":4,\"params\":{},\"sessionId\":7,\"title\":\"研开第8周作业\",\"totalScore\":100}', '{\"msg\":\"操作成功\",\"code\":200}', 0, NULL, '2025-11-01 01:35:38', 19);
INSERT INTO `sys_oper_log` VALUES (135, '作业管理', 1, 'com.ruoyi.web.controller.proj_lwj.ClassHomeworkController.add()', 'POST', 1, 'admin', '研发部门', '/proj_lwj/homework', '127.0.0.1', '内网IP', '{\"attachments\":\"/profile/upload/2025/11/01/改革开放史论文撰写模板_20251101015431A001.doc\",\"content\":\"99\",\"courseId\":1,\"createBy\":\"admin\",\"deadline\":\"2025-11-06 00:00:00\",\"homeworkId\":5,\"params\":{},\"sessionId\":7,\"title\":\"99\",\"totalScore\":100}', '{\"msg\":\"操作成功\",\"code\":200}', 0, NULL, '2025-11-01 01:54:32', 206);
INSERT INTO `sys_oper_log` VALUES (136, '作业提交', 1, 'com.ruoyi.web.controller.proj_lwj.ClassHomeworkController.submit()', 'POST', 1, 'admin', '研发部门', '/proj_lwj/homework/submit', '127.0.0.1', '内网IP', '{\"createBy\":\"admin\",\"homeworkId\":5,\"params\":{},\"remark\":\"\",\"status\":1,\"studentHomeworkId\":2,\"studentId\":121212,\"submissionFiles\":\"改革开放史论文撰写模板.doc\",\"submitTime\":\"2025-11-01 01:54:57\"}', '{\"msg\":\"操作成功\",\"code\":200}', 0, NULL, '2025-11-01 01:54:57', 17);
INSERT INTO `sys_oper_log` VALUES (137, '作业提交', 1, 'com.ruoyi.web.controller.proj_lwj.ClassHomeworkController.submit()', 'POST', 1, 'admin', '研发部门', '/proj_lwj/homework/submit', '127.0.0.1', '内网IP', '{\"createBy\":\"admin\",\"homeworkId\":5,\"params\":{},\"remark\":\"\",\"status\":1,\"studentHomeworkId\":3,\"studentId\":12,\"submissionFiles\":\"改革开放史论文撰写模板.doc\",\"submitTime\":\"2025-11-01 01:58:19\"}', '{\"msg\":\"操作成功\",\"code\":200}', 0, NULL, '2025-11-01 01:58:19', 9);
INSERT INTO `sys_oper_log` VALUES (138, '作业管理', 1, 'com.ruoyi.web.controller.proj_lwj.ClassHomeworkController.add()', 'POST', 1, 'admin', '研发部门', '/proj_lwj/homework', '127.0.0.1', '内网IP', '{\"attachments\":\"/profile/upload/2025/11/01/改革开放史论文撰写模板_20251101015911A004.doc\",\"content\":\"77\",\"courseId\":1,\"createBy\":\"admin\",\"deadline\":\"2025-11-03 07:00:00\",\"homeworkId\":6,\"params\":{},\"sessionId\":7,\"title\":\"77\",\"totalScore\":100}', '{\"msg\":\"操作成功\",\"code\":200}', 0, NULL, '2025-11-01 01:59:12', 10);
INSERT INTO `sys_oper_log` VALUES (139, '作业提交', 1, 'com.ruoyi.web.controller.proj_lwj.ClassHomeworkController.submit()', 'POST', 1, 'admin', '研发部门', '/proj_lwj/homework/submit', '127.0.0.1', '内网IP', '{\"createBy\":\"admin\",\"homeworkId\":6,\"params\":{},\"remark\":\"\",\"status\":1,\"studentHomeworkId\":4,\"studentId\":77,\"submissionFiles\":\"改革开放史论文撰写模板.doc\",\"submitTime\":\"2025-11-01 01:59:38\"}', '{\"msg\":\"操作成功\",\"code\":200}', 0, NULL, '2025-11-01 01:59:38', 12);
INSERT INTO `sys_oper_log` VALUES (140, '课堂管理', 2, 'com.ruoyi.web.controller.proj_lw.ClassSessionController.edit()', 'PUT', 1, 'admin', '研发部门', '/proj_lw/session', '127.0.0.1', '内网IP', '{\"className\":\"研究与开发实践03\",\"classNumber\":1,\"createBy\":\"admin\",\"createTime\":\"2025-11-01 00:42:58\",\"endTime\":\"2025-11-20 00:00:00\",\"params\":{},\"sessionId\":7,\"startTime\":\"2025-11-07 00:00:00\",\"status\":0,\"teacher\":\"C\",\"teacherId\":1,\"totalStudents\":32,\"updateBy\":\"admin\",\"updateTime\":\"2025-11-01 00:43:14\"}', '{\"msg\":\"操作成功\",\"code\":200}', 0, NULL, '2025-11-01 15:12:04', 31);
INSERT INTO `sys_oper_log` VALUES (141, '作业管理', 1, 'com.ruoyi.web.controller.proj_lwj.ClassHomeworkController.add()', 'POST', 1, 'admin', '研发部门', '/proj_lwj/homework', '127.0.0.1', '内网IP', '{\"attachments\":\"/profile/upload/2025/11/01/改革开放史论文撰写模板_20251101151240A001.doc\",\"content\":\"小程序\",\"courseId\":1,\"createBy\":\"admin\",\"deadline\":\"2025-11-07 00:00:00\",\"homeworkId\":7,\"params\":{},\"sessionId\":7,\"title\":\"研开第8周\",\"totalScore\":100}', '{\"msg\":\"操作成功\",\"code\":200}', 0, NULL, '2025-11-01 15:12:41', 19);
INSERT INTO `sys_oper_log` VALUES (142, '作业管理', 1, 'com.ruoyi.web.controller.proj_lwj.ClassHomeworkController.add()', 'POST', 1, 'admin', '研发部门', '/proj_lwj/homework', '127.0.0.1', '内网IP', '{\"attachments\":\"/profile/upload/2025/11/01/改革开放史论文撰写模板_20251101151240A001.doc\",\"content\":\"小程序\",\"courseId\":1,\"createBy\":\"admin\",\"deadline\":\"2025-11-07 00:00:00\",\"homeworkId\":8,\"params\":{},\"sessionId\":7,\"title\":\"研开第8周\",\"totalScore\":100}', '{\"msg\":\"操作成功\",\"code\":200}', 0, NULL, '2025-11-01 15:12:49', 10);
INSERT INTO `sys_oper_log` VALUES (143, '作业管理', 1, 'com.ruoyi.web.controller.proj_lwj.ClassHomeworkController.add()', 'POST', 1, 'admin', '研发部门', '/proj_lwj/homework', '127.0.0.1', '内网IP', '{\"attachments\":\"/profile/upload/2025/11/01/改革开放史论文撰写模板_20251101151240A001.doc\",\"content\":\"小程序\",\"courseId\":1,\"createBy\":\"admin\",\"deadline\":\"2025-11-07 00:00:00\",\"homeworkId\":9,\"params\":{},\"sessionId\":1,\"title\":\"研开第8周\",\"totalScore\":100}', '{\"msg\":\"操作成功\",\"code\":200}', 0, NULL, '2025-11-01 15:13:28', 11);
INSERT INTO `sys_oper_log` VALUES (144, '作业提交', 1, 'com.ruoyi.web.controller.proj_lwj.ClassHomeworkController.submit()', 'POST', 1, 'admin', '研发部门', '/proj_lwj/homework/submit', '127.0.0.1', '内网IP', '{\"createBy\":\"admin\",\"homeworkId\":8,\"params\":{},\"remark\":\"\",\"status\":1,\"studentHomeworkId\":5,\"studentId\":12121111,\"submissionFiles\":\"改革开放史论文撰写模板.doc\",\"submitTime\":\"2025-11-01 15:13:52\"}', '{\"msg\":\"操作成功\",\"code\":200}', 0, NULL, '2025-11-01 15:13:52', 20);
INSERT INTO `sys_oper_log` VALUES (145, '课程管理', 1, 'com.ruoyi.web.controller.proj_lw.CourseController.add()', 'POST', 1, 'admin', '研发部门', '/proj_lw/course', '127.0.0.1', '内网IP', '{\"classNumber\":1,\"courseCode\":\"7\",\"courseId\":5,\"courseName\":\"数据库\",\"createBy\":\"admin\",\"credit\":2.0,\"introduction\":\"1\",\"params\":{},\"status\":\"0\"}', '{\"msg\":\"操作成功\",\"code\":200}', 0, NULL, '2025-11-01 15:48:47', 237);
INSERT INTO `sys_oper_log` VALUES (146, '课程管理', 1, 'com.ruoyi.web.controller.proj_lw.CourseController.add()', 'POST', 1, 'admin', '研发部门', '/proj_lw/course', '127.0.0.1', '内网IP', '{\"classNumber\":1,\"college\":\"经济学\",\"courseCode\":\"7\",\"courseName\":\"统计\",\"credit\":2.0,\"introduction\":\"2\",\"params\":{},\"status\":\"0\"}', '{\"msg\":\"新增课程\'统计\'失败，课程编号已存在\",\"code\":500}', 0, NULL, '2025-11-01 15:50:04', 7);
INSERT INTO `sys_oper_log` VALUES (147, '课程管理', 2, 'com.ruoyi.web.controller.proj_lw.CourseController.edit()', 'PUT', 1, 'admin', '研发部门', '/proj_lw/course', '127.0.0.1', '内网IP', '{\"classNumber\":1,\"college\":\"计算机学院\",\"courseCode\":\"1\",\"courseId\":1,\"courseName\":\"研究与开发实践\",\"courseType\":\"必修\",\"createBy\":\"admin\",\"createTime\":\"2025-10-29 17:50:59\",\"credit\":2.0,\"introduction\":\"2024-2025秋季学期开设\",\"params\":{},\"remark\":\"1\",\"status\":\"0\",\"updateBy\":\"admin\",\"updateTime\":\"2025-10-29 18:18:46\"}', '{\"msg\":\"操作成功\",\"code\":200}', 0, NULL, '2025-11-01 15:50:35', 14);
INSERT INTO `sys_oper_log` VALUES (148, '作业管理', 1, 'com.ruoyi.web.controller.proj_lwj.ClassHomeworkController.add()', 'POST', 1, 'admin', '研发部门', '/proj_lwj/homework', '127.0.0.1', '内网IP', '{\"attachments\":\"\",\"content\":\"小程序\",\"courseId\":1,\"createBy\":\"admin\",\"deadline\":\"2025-11-02 00:00:00\",\"homeworkId\":10,\"params\":{},\"sessionId\":1,\"title\":\"07周\",\"totalScore\":100}', '{\"msg\":\"操作成功\",\"code\":200}', 0, NULL, '2025-11-01 16:16:39', 230);
INSERT INTO `sys_oper_log` VALUES (149, '作业提交', 1, 'com.ruoyi.web.controller.proj_lwj.ClassHomeworkController.submit()', 'POST', 1, 'admin', '研发部门', '/proj_lwj/homework/submit', '127.0.0.1', '内网IP', '{\"createBy\":\"admin\",\"homeworkId\":10,\"params\":{},\"remark\":\"\",\"status\":1,\"studentHomeworkId\":6,\"studentId\":2023141460368,\"submissionFiles\":\"实验报告模版.doc\",\"submitTime\":\"2025-11-01 16:32:31\"}', '{\"msg\":\"操作成功\",\"code\":200}', 0, NULL, '2025-11-01 16:32:31', 263);
INSERT INTO `sys_oper_log` VALUES (150, '作业提交', 1, 'com.ruoyi.web.controller.proj_lwj.ClassHomeworkController.submit()', 'POST', 1, 'admin', '研发部门', '/proj_lwj/homework/submit', '127.0.0.1', '内网IP', '{\"createBy\":\"admin\",\"homeworkId\":10,\"params\":{},\"remark\":\"\",\"status\":1,\"studentHomeworkId\":7,\"studentId\":2023141460368,\"submissionFiles\":\"实验报告模板.docx\",\"submitTime\":\"2025-11-01 16:53:30\"}', '{\"msg\":\"操作成功\",\"code\":200}', 0, NULL, '2025-11-01 16:53:30', 227);
INSERT INTO `sys_oper_log` VALUES (151, '作业管理', 2, 'com.ruoyi.web.controller.proj_lwj.ClassHomeworkController.edit()', 'PUT', 1, 'admin', '研发部门', '/proj_lwj/homework', '127.0.0.1', '内网IP', '{\"attachments\":\"\",\"content\":\"小程序\",\"courseId\":1,\"deadline\":\"2025-11-02 00:00:00\",\"homeworkId\":10,\"params\":{},\"sessionId\":1,\"title\":\"07周1\",\"totalScore\":100,\"updateBy\":\"admin\"}', '{\"msg\":\"操作成功\",\"code\":200}', 0, NULL, '2025-11-01 17:23:26', 43);
INSERT INTO `sys_oper_log` VALUES (152, '文章管理', 2, 'com.ruoyi.web.controller.proj_qhy.BbsArticleController.edit()', 'PUT', 1, 'admin', '研发部门', '/proj_qhy/article', '127.0.0.1', '内网IP', '{\"articleType\":\"技术\",\"author\":\"岂皓月\",\"content\":\"<h1>Spring Boot 入门</h1><p>Spring Boot 是一个快速开发框架...</p>\",\"cover\":\"https://picsum.photos/id/1029/600/400\",\"digest\":\"本文介绍Spring Boot的基本使用和配置\",\"id\":1,\"params\":{},\"status\":\"draft\",\"title\":\"Spring Boot 入门教程\"}', '{\"msg\":\"操作成功\",\"code\":200}', 0, NULL, '2025-11-01 23:34:03', 48);
INSERT INTO `sys_oper_log` VALUES (153, '文章管理', 5, 'com.ruoyi.web.controller.proj_qhy.BbsArticleController.export()', 'POST', 1, 'admin', '研发部门', '/proj_qhy/article/export', '127.0.0.1', '内网IP', '{\"articleType\":\"\",\"author\":\"\",\"pageSize\":\"10\",\"title\":\"\",\"pageNum\":\"1\",\"status\":\"\"}', NULL, 0, NULL, '2025-11-01 23:37:59', 1892);
INSERT INTO `sys_oper_log` VALUES (154, '文章管理', 2, 'com.ruoyi.web.controller.proj_qhy.BbsArticleController.edit()', 'PUT', 1, 'admin', '研发部门', '/proj_qhy/article', '127.0.0.1', '内网IP', '{\"articleType\":\"思考\",\"author\":\"岂皓月\",\"content\":\"<h1>Spring Boot 入门</h1><p>Spring Boot 是一个快速开发框架...</p>\",\"cover\":\"https://picsum.photos/id/1029/600/400\",\"digest\":\"本文介绍Spring Boot的基本使用和配置\",\"id\":1,\"params\":{},\"status\":\"draft\",\"title\":\"Spring Boot 入门教程\"}', '{\"msg\":\"操作成功\",\"code\":200}', 0, NULL, '2025-11-02 01:23:40', 39);
INSERT INTO `sys_oper_log` VALUES (155, '文章管理', 2, 'com.ruoyi.web.controller.proj_qhy.BbsArticleController.edit()', 'PUT', 1, 'admin', '研发部门', '/proj_qhy/article', '127.0.0.1', '内网IP', '{\"articleType\":\"生活\",\"author\":\"岂皓月\",\"content\":\"<p>生活中总有一些小确幸让我们感到温暖...美好！</p><p><br></p>\",\"cover\":\"https://picsum.photos/id/1035/600/400\",\"digest\":\"记录生活中的美好瞬间\",\"id\":2,\"params\":{},\"status\":\"published\",\"title\":\"生活中的小确幸\"}', '{\"msg\":\"操作成功\",\"code\":200}', 0, NULL, '2025-11-02 01:24:20', 23);
INSERT INTO `sys_oper_log` VALUES (156, '文章管理', 2, 'com.ruoyi.web.controller.proj_qhy.BbsArticleController.edit()', 'PUT', 1, 'admin', '研发部门', '/proj_qhy/article', '127.0.0.1', '内网IP', '{\"articleType\":\"技术\",\"author\":\"岂皓月\",\"content\":\"<h1>入门</h1>\",\"cover\":\"https://picsum.photos/id/1029/600/400\",\"digest\":\"本文介绍Spring Boot的基本使用和配置\",\"id\":1,\"params\":{},\"status\":\"draft\",\"title\":\"Spring Boot 入门教程\"}', '{\"msg\":\"操作成功\",\"code\":200}', 0, NULL, '2025-11-02 01:31:54', 11);
INSERT INTO `sys_oper_log` VALUES (157, '文章管理', 2, 'com.ruoyi.web.controller.proj_qhy.BbsArticleController.edit()', 'PUT', 1, 'admin', '研发部门', '/proj_qhy/article', '127.0.0.1', '内网IP', '{\"articleType\":\"生活\",\"author\":\"岂皓月\",\"content\":\"<p>生活中总有一些小确幸让我们感到温暖...美好！</p>\",\"cover\":\"https://picsum.photos/id/1035/600/400\",\"digest\":\"记录生活中的美好瞬间，( •̀ ω •́ )y\",\"id\":2,\"params\":{},\"status\":\"published\",\"title\":\"生活中的小确幸\"}', '{\"msg\":\"操作成功\",\"code\":200}', 0, NULL, '2025-11-02 01:32:41', 14);
INSERT INTO `sys_oper_log` VALUES (158, '文章管理', 1, 'com.ruoyi.web.controller.proj_qhy.BbsArticleController.add()', 'POST', 1, 'admin', '研发部门', '/proj_qhy/article', '127.0.0.1', '内网IP', '{\"articleType\":\"技术\",\"bookmarkCount\":0,\"commentCount\":0,\"content\":\"<p><br></p>\",\"cover\":\"/profile/upload/2025/11/02/屏幕截图 2025-10-23 103008_20251102014812A001.png\",\"digest\":\"测试\",\"hateCount\":0,\"id\":4,\"likeCount\":0,\"params\":{},\"status\":\"editting\",\"title\":\"计算机网络实验\",\"viewCount\":0}', '{\"msg\":\"操作成功\",\"code\":200}', 0, NULL, '2025-11-02 01:48:41', 15);
INSERT INTO `sys_oper_log` VALUES (159, '文章管理', 3, 'com.ruoyi.web.controller.proj_qhy.BbsArticleController.remove()', 'DELETE', 1, 'admin', '研发部门', '/proj_qhy/article/4', '127.0.0.1', '内网IP', '[4]', '{\"msg\":\"操作成功\",\"code\":200}', 0, NULL, '2025-11-02 01:54:26', 25);
INSERT INTO `sys_oper_log` VALUES (160, '文章管理', 2, 'com.ruoyi.web.controller.proj_qhy.BbsArticleController.edit()', 'PUT', 1, 'admin', '研发部门', '/proj_qhy/article', '127.0.0.1', '内网IP', '{\"articleType\":\"技术\",\"author\":\"岂皓月\",\"content\":\"<h1><img src=\\\"/dev-api/profile/upload/2025/11/02/屏幕截图 2024-06-06 011230_20251102021029A001.png\\\">入门</h1>\",\"cover\":\"https://picsum.photos/id/1029/600/400\",\"digest\":\"本文介绍Spring Boot的基本使用和配置\",\"id\":1,\"params\":{},\"status\":\"draft\",\"title\":\"Spring Boot 入门教程\"}', '{\"msg\":\"操作成功\",\"code\":200}', 0, NULL, '2025-11-02 02:10:41', 32);
INSERT INTO `sys_oper_log` VALUES (161, '文章管理', 1, 'com.ruoyi.web.controller.proj_qhy.BbsArticleController.add()', 'POST', 1, 'admin', '研发部门', '/proj_qhy/article', '127.0.0.1', '内网IP', '{\"articleType\":\"生活\",\"bookmarkCount\":0,\"commentCount\":0,\"content\":\"<p>111</p>\",\"cover\":\"/profile/upload/2025/11/02/屏幕截图 2024-06-06 011230_20251102033221A001.png\",\"digest\":\"啦啦啦\",\"hateCount\":0,\"id\":5,\"likeCount\":0,\"params\":{},\"status\":\"published\",\"title\":\"哈哈哈\",\"viewCount\":0}', '{\"msg\":\"操作成功\",\"code\":200}', 0, NULL, '2025-11-02 03:33:09', 335);
INSERT INTO `sys_oper_log` VALUES (162, '文章管理', 3, 'com.ruoyi.web.controller.proj_qhy.BbsArticleController.remove()', 'DELETE', 1, 'admin', '研发部门', '/proj_qhy/article/5', '127.0.0.1', '内网IP', '[5]', '{\"msg\":\"操作成功\",\"code\":200}', 0, NULL, '2025-11-02 03:47:41', 44);
INSERT INTO `sys_oper_log` VALUES (163, '文章管理', 1, 'com.ruoyi.web.controller.proj_qhy.BbsArticleController.add()', 'POST', 1, 'admin', '研发部门', '/proj_qhy/article', '127.0.0.1', '内网IP', '{\"articleType\":\"技术\",\"author\":\"若依\",\"bookmarkCount\":0,\"commentCount\":0,\"content\":\"<p>1</p>\",\"cover\":\"/profile/upload/2025/11/02/屏幕截图 2024-06-06 011230_20251102035044A001.png\",\"digest\":\"1\",\"hateCount\":0,\"id\":6,\"likeCount\":0,\"params\":{},\"status\":\"editting\",\"title\":\"1\",\"viewCount\":0}', '{\"msg\":\"操作成功\",\"code\":200}', 0, NULL, '2025-11-02 03:50:48', 42);
INSERT INTO `sys_oper_log` VALUES (164, '文章管理', 3, 'com.ruoyi.web.controller.proj_qhy.BbsArticleController.remove()', 'DELETE', 1, 'admin', '研发部门', '/proj_qhy/article/6', '127.0.0.1', '内网IP', '[6]', '{\"msg\":\"操作成功\",\"code\":200}', 0, NULL, '2025-11-02 04:18:41', 32);
INSERT INTO `sys_oper_log` VALUES (165, '文章管理', 1, 'com.ruoyi.web.controller.proj_qhy.BbsArticleController.add()', 'POST', 1, 'admin', '研发部门', '/proj_qhy/article', '127.0.0.1', '内网IP', '{\"articleType\":\"技术\",\"author\":\"若依\",\"bookmarkCount\":0,\"commentCount\":0,\"content\":\"<p><br></p>\",\"cover\":\"/profile/upload/2025/11/02/屏幕截图 2024-06-06 011230_20251102041938A001.png\",\"digest\":\"背景\",\"hateCount\":0,\"id\":7,\"likeCount\":0,\"params\":{},\"status\":\"draft\",\"title\":\"PPT\",\"viewCount\":0}', '{\"msg\":\"操作成功\",\"code\":200}', 0, NULL, '2025-11-02 04:20:17', 20);
INSERT INTO `sys_oper_log` VALUES (166, '文章管理', 2, 'com.ruoyi.web.controller.proj_qhy.BbsArticleController.edit()', 'PUT', 1, 'admin', '研发部门', '/proj_qhy/article', '127.0.0.1', '内网IP', '{\"articleType\":\"技术\",\"author\":\"岂皓月\",\"bookmarkCount\":0,\"commentCount\":12,\"content\":\"<h1><img src=\\\"/dev-api/profile/upload/2025/11/02/屏幕截图 2024-06-06 011230_20251102021029A001.png\\\">入门</h1>\",\"cover\":\"https://picsum.photos/id/1029/600/400\",\"createBy\":\"admin\",\"createTime\":\"2025-11-01 23:24:22\",\"digest\":\"本文介绍Spring Boot的基本使用和配置\",\"hateCount\":10,\"id\":1,\"likeCount\":56,\"params\":{},\"status\":\"published\",\"title\":\"Spring Boot 入门教程\",\"updateBy\":\"\",\"updateTime\":\"2025-11-02 04:10:15\",\"userId\":1,\"viewCount\":165}', '{\"msg\":\"操作成功\",\"code\":200}', 0, NULL, '2025-11-02 04:24:02', 14);
INSERT INTO `sys_oper_log` VALUES (167, '文章管理', 3, 'com.ruoyi.web.controller.proj_qhy.BbsArticleController.remove()', 'DELETE', 1, 'admin', '研发部门', '/proj_qhy/article/7', '127.0.0.1', '内网IP', '[7]', '{\"msg\":\"操作成功\",\"code\":200}', 0, NULL, '2025-11-02 04:32:23', 18);
INSERT INTO `sys_oper_log` VALUES (168, '标记作业消息已读', 2, 'com.ruoyi.web.controller.proj_cyq.MessageController.markHomeworkAsRead()', 'PUT', 1, 'admin', '研发部门', '/proj_cyq/message/read/homework/6', '127.0.0.1', '内网IP', '6', '{\"msg\":\"操作成功\",\"code\":200}', 0, NULL, '2025-11-02 13:58:23', 15);
INSERT INTO `sys_oper_log` VALUES (169, '删除消息', 3, 'com.ruoyi.web.controller.proj_cyq.MessageController.deleteMessage()', 'DELETE', 1, 'admin', '研发部门', '/proj_cyq/message/homework_6', '127.0.0.1', '内网IP', '\"homework_6\"', '{\"msg\":\"操作成功\",\"code\":200}', 0, NULL, '2025-11-02 13:58:35', 4);
INSERT INTO `sys_oper_log` VALUES (170, '菜单管理', 1, 'com.ruoyi.web.controller.system.SysMenuController.add()', 'POST', 1, 'admin', '研发部门', '/system/menu', '127.0.0.1', '内网IP', '{\"children\":[],\"icon\":\"education\",\"isCache\":\"0\",\"isFrame\":\"1\",\"menuName\":\"作业管理\",\"menuType\":\"M\",\"orderNum\":1,\"params\":{},\"parentId\":0,\"path\":\"proj_lwj\",\"status\":\"0\",\"visible\":\"0\"}', '{\"msg\":\"新增菜单\'作业管理\'失败，菜单名称已存在\",\"code\":500}', 0, NULL, '2025-11-02 15:16:04', 328);
INSERT INTO `sys_oper_log` VALUES (171, '菜单管理', 1, 'com.ruoyi.web.controller.system.SysMenuController.add()', 'POST', 1, 'admin', '研发部门', '/system/menu', '127.0.0.1', '内网IP', '{\"children\":[],\"createBy\":\"admin\",\"icon\":\"education\",\"isCache\":\"0\",\"isFrame\":\"1\",\"menuName\":\"作业管理\",\"menuType\":\"M\",\"orderNum\":1,\"params\":{},\"parentId\":0,\"path\":\"proj_lwj\",\"status\":\"0\",\"visible\":\"0\"}', '{\"msg\":\"操作成功\",\"code\":200}', 0, NULL, '2025-11-02 15:16:05', 449);
INSERT INTO `sys_oper_log` VALUES (172, '菜单管理', 1, 'com.ruoyi.web.controller.system.SysMenuController.add()', 'POST', 1, 'admin', '研发部门', '/system/menu', '127.0.0.1', '内网IP', '{\"children\":[],\"createBy\":\"admin\",\"icon\":\"education\",\"isCache\":\"0\",\"isFrame\":\"1\",\"menuName\":\"作业管理\",\"menuType\":\"M\",\"orderNum\":1,\"params\":{},\"parentId\":0,\"path\":\"proj_lwj\",\"status\":\"0\",\"visible\":\"0\"}', '{\"msg\":\"操作成功\",\"code\":200}', 0, NULL, '2025-11-02 15:16:05', 430);
INSERT INTO `sys_oper_log` VALUES (173, '菜单管理', 3, 'com.ruoyi.web.controller.system.SysMenuController.remove()', 'DELETE', 1, 'admin', '研发部门', '/system/menu/2001', '127.0.0.1', '内网IP', '2001', '{\"msg\":\"操作成功\",\"code\":200}', 0, NULL, '2025-11-02 15:16:12', 60);
INSERT INTO `sys_oper_log` VALUES (174, '菜单管理', 2, 'com.ruoyi.web.controller.system.SysMenuController.edit()', 'PUT', 1, 'admin', '研发部门', '/system/menu', '127.0.0.1', '内网IP', '{\"children\":[],\"createTime\":\"2025-11-02 15:16:04\",\"icon\":\"education\",\"isCache\":\"0\",\"isFrame\":\"1\",\"menuId\":2000,\"menuName\":\"作业管理\",\"menuType\":\"M\",\"orderNum\":0,\"params\":{},\"parentId\":0,\"path\":\"proj_lwj\",\"perms\":\"\",\"routeName\":\"\",\"status\":\"0\",\"updateBy\":\"admin\",\"visible\":\"0\"}', '{\"msg\":\"操作成功\",\"code\":200}', 0, NULL, '2025-11-02 15:16:25', 45);
INSERT INTO `sys_oper_log` VALUES (175, '菜单管理', 1, 'com.ruoyi.web.controller.system.SysMenuController.add()', 'POST', 1, 'admin', '研发部门', '/system/menu', '127.0.0.1', '内网IP', '{\"children\":[],\"createBy\":\"admin\",\"icon\":\"edit\",\"isCache\":\"0\",\"isFrame\":\"1\",\"menuName\":\"作业发布\",\"menuType\":\"C\",\"orderNum\":0,\"params\":{},\"parentId\":2000,\"path\":\"HomeworkPublish\",\"status\":\"0\",\"visible\":\"0\"}', '{\"msg\":\"操作成功\",\"code\":200}', 0, NULL, '2025-11-02 15:17:17', 56);
INSERT INTO `sys_oper_log` VALUES (176, '菜单管理', 2, 'com.ruoyi.web.controller.system.SysMenuController.edit()', 'PUT', 1, 'admin', '研发部门', '/system/menu', '127.0.0.1', '内网IP', '{\"children\":[],\"createTime\":\"2025-11-02 15:17:17\",\"icon\":\"edit\",\"isCache\":\"0\",\"isFrame\":\"1\",\"menuId\":2002,\"menuName\":\"作业发布\",\"menuType\":\"C\",\"orderNum\":0,\"params\":{},\"parentId\":2000,\"path\":\"homework_publish\",\"perms\":\"\",\"routeName\":\"\",\"status\":\"0\",\"updateBy\":\"admin\",\"visible\":\"0\"}', '{\"msg\":\"操作成功\",\"code\":200}', 0, NULL, '2025-11-02 15:17:35', 40);
INSERT INTO `sys_oper_log` VALUES (177, '菜单管理', 1, 'com.ruoyi.web.controller.system.SysMenuController.add()', 'POST', 1, 'admin', '研发部门', '/system/menu', '127.0.0.1', '内网IP', '{\"children\":[],\"createBy\":\"admin\",\"icon\":\"email\",\"isCache\":\"0\",\"isFrame\":\"1\",\"menuName\":\"作业上传\",\"menuType\":\"C\",\"orderNum\":1,\"params\":{},\"parentId\":2000,\"path\":\"homework_upload\",\"status\":\"0\",\"visible\":\"0\"}', '{\"msg\":\"操作成功\",\"code\":200}', 0, NULL, '2025-11-02 15:18:15', 26);
INSERT INTO `sys_oper_log` VALUES (178, '菜单管理', 1, 'com.ruoyi.web.controller.system.SysMenuController.add()', 'POST', 1, 'admin', '研发部门', '/system/menu', '127.0.0.1', '内网IP', '{\"children\":[],\"createBy\":\"admin\",\"icon\":\"peoples\",\"isCache\":\"0\",\"isFrame\":\"1\",\"menuName\":\"在线课堂\",\"menuType\":\"M\",\"orderNum\":0,\"params\":{},\"parentId\":0,\"path\":\"proj_myx\",\"status\":\"0\",\"visible\":\"0\"}', '{\"msg\":\"操作成功\",\"code\":200}', 0, NULL, '2025-11-02 15:19:42', 21);
INSERT INTO `sys_oper_log` VALUES (179, '菜单管理', 1, 'com.ruoyi.web.controller.system.SysMenuController.add()', 'POST', 1, 'admin', '研发部门', '/system/menu', '127.0.0.1', '内网IP', '{\"children\":[],\"createBy\":\"admin\",\"icon\":\"user\",\"isCache\":\"0\",\"isFrame\":\"1\",\"menuName\":\"随机抽人\",\"menuType\":\"C\",\"orderNum\":0,\"params\":{},\"parentId\":2004,\"path\":\"RandomPick\",\"status\":\"0\",\"visible\":\"0\"}', '{\"msg\":\"操作成功\",\"code\":200}', 0, NULL, '2025-11-02 15:20:50', 26);
INSERT INTO `sys_oper_log` VALUES (180, '菜单管理', 1, 'com.ruoyi.web.controller.system.SysMenuController.add()', 'POST', 1, 'admin', '研发部门', '/system/menu', '127.0.0.1', '内网IP', '{\"children\":[],\"createBy\":\"admin\",\"icon\":\"chart\",\"isCache\":\"0\",\"isFrame\":\"1\",\"menuName\":\"课程资源\",\"menuType\":\"M\",\"orderNum\":0,\"params\":{},\"parentId\":0,\"path\":\"proj_lw\",\"status\":\"0\",\"visible\":\"0\"}', '{\"msg\":\"操作成功\",\"code\":200}', 0, NULL, '2025-11-02 15:21:37', 21);
INSERT INTO `sys_oper_log` VALUES (181, '菜单管理', 1, 'com.ruoyi.web.controller.system.SysMenuController.add()', 'POST', 1, 'admin', '研发部门', '/system/menu', '127.0.0.1', '内网IP', '{\"children\":[],\"createBy\":\"admin\",\"icon\":\"documentation\",\"isCache\":\"0\",\"isFrame\":\"1\",\"menuName\":\"课程管理\",\"menuType\":\"M\",\"orderNum\":0,\"params\":{},\"parentId\":0,\"path\":\"course\",\"status\":\"0\",\"visible\":\"0\"}', '{\"msg\":\"操作成功\",\"code\":200}', 0, NULL, '2025-11-02 15:22:28', 21);
INSERT INTO `sys_oper_log` VALUES (182, '菜单管理', 2, 'com.ruoyi.web.controller.system.SysMenuController.edit()', 'PUT', 1, 'admin', '研发部门', '/system/menu', '127.0.0.1', '内网IP', '{\"children\":[],\"createTime\":\"2025-11-02 15:22:28\",\"icon\":\"documentation\",\"isCache\":\"0\",\"isFrame\":\"1\",\"menuId\":2007,\"menuName\":\"课程管理\",\"menuType\":\"M\",\"orderNum\":0,\"params\":{},\"parentId\":2006,\"path\":\"course\",\"perms\":\"\",\"routeName\":\"\",\"status\":\"0\",\"updateBy\":\"admin\",\"visible\":\"0\"}', '{\"msg\":\"操作成功\",\"code\":200}', 0, NULL, '2025-11-02 15:22:41', 22);
INSERT INTO `sys_oper_log` VALUES (183, '菜单管理', 1, 'com.ruoyi.web.controller.system.SysMenuController.add()', 'POST', 1, 'admin', '研发部门', '/system/menu', '127.0.0.1', '内网IP', '{\"children\":[],\"createBy\":\"admin\",\"icon\":\"row\",\"isCache\":\"0\",\"isFrame\":\"1\",\"menuName\":\"课堂详情\",\"menuType\":\"C\",\"orderNum\":1,\"params\":{},\"parentId\":2006,\"path\":\"session\",\"status\":\"0\",\"visible\":\"0\"}', '{\"msg\":\"操作成功\",\"code\":200}', 0, NULL, '2025-11-02 15:23:28', 14);
INSERT INTO `sys_oper_log` VALUES (184, '菜单管理', 1, 'com.ruoyi.web.controller.system.SysMenuController.add()', 'POST', 1, 'admin', '研发部门', '/system/menu', '127.0.0.1', '内网IP', '{\"children\":[],\"createBy\":\"admin\",\"icon\":\"druid\",\"isCache\":\"0\",\"isFrame\":\"1\",\"menuName\":\"学情数据\",\"menuType\":\"M\",\"orderNum\":0,\"params\":{},\"parentId\":0,\"path\":\"proj_fz\",\"status\":\"0\",\"visible\":\"0\"}', '{\"msg\":\"操作成功\",\"code\":200}', 0, NULL, '2025-11-02 15:24:14', 21);
INSERT INTO `sys_oper_log` VALUES (185, '菜单管理', 1, 'com.ruoyi.web.controller.system.SysMenuController.add()', 'POST', 1, 'admin', '研发部门', '/system/menu', '127.0.0.1', '内网IP', '{\"children\":[],\"createBy\":\"admin\",\"icon\":\"education\",\"isCache\":\"0\",\"isFrame\":\"1\",\"menuName\":\"作业看板\",\"menuType\":\"C\",\"orderNum\":0,\"params\":{},\"parentId\":2009,\"path\":\"homework_dashboard\",\"status\":\"0\",\"visible\":\"0\"}', '{\"msg\":\"操作成功\",\"code\":200}', 0, NULL, '2025-11-02 15:25:04', 23);
INSERT INTO `sys_oper_log` VALUES (186, '菜单管理', 1, 'com.ruoyi.web.controller.system.SysMenuController.add()', 'POST', 1, 'admin', '研发部门', '/system/menu', '127.0.0.1', '内网IP', '{\"children\":[],\"createBy\":\"admin\",\"icon\":\"button\",\"isCache\":\"0\",\"isFrame\":\"1\",\"menuName\":\"学习社区\",\"menuType\":\"M\",\"orderNum\":0,\"params\":{},\"parentId\":0,\"path\":\"proj_qhy\",\"status\":\"0\",\"visible\":\"0\"}', '{\"msg\":\"操作成功\",\"code\":200}', 0, NULL, '2025-11-02 15:25:39', 20);
INSERT INTO `sys_oper_log` VALUES (187, '菜单管理', 1, 'com.ruoyi.web.controller.system.SysMenuController.add()', 'POST', 1, 'admin', '研发部门', '/system/menu', '127.0.0.1', '内网IP', '{\"children\":[],\"createBy\":\"admin\",\"icon\":\"documentation\",\"isCache\":\"0\",\"isFrame\":\"1\",\"menuName\":\"文章管理\",\"menuType\":\"C\",\"orderNum\":0,\"params\":{},\"parentId\":2011,\"path\":\"article\",\"status\":\"0\",\"visible\":\"0\"}', '{\"msg\":\"操作成功\",\"code\":200}', 0, NULL, '2025-11-02 15:26:22', 30);
INSERT INTO `sys_oper_log` VALUES (188, '菜单管理', 1, 'com.ruoyi.web.controller.system.SysMenuController.add()', 'POST', 1, 'admin', '研发部门', '/system/menu', '127.0.0.1', '内网IP', '{\"children\":[],\"createBy\":\"admin\",\"icon\":\"example\",\"isCache\":\"0\",\"isFrame\":\"1\",\"menuName\":\"文章详情\",\"menuType\":\"C\",\"orderNum\":1,\"params\":{},\"parentId\":2011,\"path\":\"article/detail/:id\",\"status\":\"0\",\"visible\":\"1\"}', '{\"msg\":\"操作成功\",\"code\":200}', 0, NULL, '2025-11-02 15:27:04', 20);
INSERT INTO `sys_oper_log` VALUES (189, '菜单管理', 1, 'com.ruoyi.web.controller.system.SysMenuController.add()', 'POST', 1, 'admin', '研发部门', '/system/menu', '127.0.0.1', '内网IP', '{\"children\":[],\"createBy\":\"admin\",\"icon\":\"user\",\"isCache\":\"0\",\"isFrame\":\"1\",\"menuName\":\"个人中心\",\"menuType\":\"M\",\"orderNum\":0,\"params\":{},\"parentId\":0,\"path\":\"proj_cyq\",\"status\":\"0\",\"visible\":\"0\"}', '{\"msg\":\"操作成功\",\"code\":200}', 0, NULL, '2025-11-02 15:28:21', 19);
INSERT INTO `sys_oper_log` VALUES (190, '菜单管理', 1, 'com.ruoyi.web.controller.system.SysMenuController.add()', 'POST', 1, 'admin', '研发部门', '/system/menu', '127.0.0.1', '内网IP', '{\"children\":[],\"createBy\":\"admin\",\"icon\":\"user\",\"isCache\":\"0\",\"isFrame\":\"1\",\"menuName\":\"个人主页\",\"menuType\":\"C\",\"orderNum\":0,\"params\":{},\"parentId\":2014,\"path\":\"index\",\"status\":\"0\",\"visible\":\"0\"}', '{\"msg\":\"操作成功\",\"code\":200}', 0, NULL, '2025-11-02 15:28:58', 21);
INSERT INTO `sys_oper_log` VALUES (191, '菜单管理', 1, 'com.ruoyi.web.controller.system.SysMenuController.add()', 'POST', 1, 'admin', '研发部门', '/system/menu', '127.0.0.1', '内网IP', '{\"children\":[],\"createBy\":\"admin\",\"icon\":\"list\",\"isCache\":\"0\",\"isFrame\":\"1\",\"menuName\":\"待办事项\",\"menuType\":\"C\",\"orderNum\":2,\"params\":{},\"parentId\":2014,\"path\":\"todo\",\"status\":\"0\",\"visible\":\"0\"}', '{\"msg\":\"操作成功\",\"code\":200}', 0, NULL, '2025-11-02 15:29:41', 22);
INSERT INTO `sys_oper_log` VALUES (192, '菜单管理', 1, 'com.ruoyi.web.controller.system.SysMenuController.add()', 'POST', 1, 'admin', '研发部门', '/system/menu', '127.0.0.1', '内网IP', '{\"children\":[],\"createBy\":\"admin\",\"icon\":\"wechat\",\"isCache\":\"0\",\"isFrame\":\"1\",\"menuName\":\"消息中心\",\"menuType\":\"C\",\"orderNum\":3,\"params\":{},\"parentId\":2014,\"path\":\"message\",\"status\":\"0\",\"visible\":\"0\"}', '{\"msg\":\"操作成功\",\"code\":200}', 0, NULL, '2025-11-02 15:30:56', 24);
INSERT INTO `sys_oper_log` VALUES (193, '菜单管理', 2, 'com.ruoyi.web.controller.system.SysMenuController.edit()', 'PUT', 1, 'admin', '研发部门', '/system/menu', '127.0.0.1', '内网IP', '{\"children\":[],\"createTime\":\"2025-10-30 17:06:55\",\"icon\":\"system\",\"isCache\":\"0\",\"isFrame\":\"1\",\"menuId\":1,\"menuName\":\"系统管理\",\"menuType\":\"M\",\"orderNum\":1,\"params\":{},\"parentId\":0,\"path\":\"system\",\"perms\":\"\",\"query\":\"\",\"routeName\":\"\",\"status\":\"0\",\"updateBy\":\"admin\",\"visible\":\"1\"}', '{\"msg\":\"操作成功\",\"code\":200}', 0, NULL, '2025-11-02 15:31:07', 28);
INSERT INTO `sys_oper_log` VALUES (194, '菜单管理', 2, 'com.ruoyi.web.controller.system.SysMenuController.edit()', 'PUT', 1, 'admin', '研发部门', '/system/menu', '127.0.0.1', '内网IP', '{\"children\":[],\"createTime\":\"2025-10-30 17:06:55\",\"icon\":\"monitor\",\"isCache\":\"0\",\"isFrame\":\"1\",\"menuId\":2,\"menuName\":\"系统监控\",\"menuType\":\"M\",\"orderNum\":2,\"params\":{},\"parentId\":0,\"path\":\"monitor\",\"perms\":\"\",\"query\":\"\",\"routeName\":\"\",\"status\":\"0\",\"updateBy\":\"admin\",\"visible\":\"1\"}', '{\"msg\":\"操作成功\",\"code\":200}', 0, NULL, '2025-11-02 15:31:13', 18);
INSERT INTO `sys_oper_log` VALUES (195, '菜单管理', 2, 'com.ruoyi.web.controller.system.SysMenuController.edit()', 'PUT', 1, 'admin', '研发部门', '/system/menu', '127.0.0.1', '内网IP', '{\"children\":[],\"createTime\":\"2025-10-30 17:06:55\",\"icon\":\"tool\",\"isCache\":\"0\",\"isFrame\":\"1\",\"menuId\":3,\"menuName\":\"系统工具\",\"menuType\":\"M\",\"orderNum\":3,\"params\":{},\"parentId\":0,\"path\":\"tool\",\"perms\":\"\",\"query\":\"\",\"routeName\":\"\",\"status\":\"0\",\"updateBy\":\"admin\",\"visible\":\"1\"}', '{\"msg\":\"操作成功\",\"code\":200}', 0, NULL, '2025-11-02 15:31:18', 25);
INSERT INTO `sys_oper_log` VALUES (196, '菜单管理', 2, 'com.ruoyi.web.controller.system.SysMenuController.edit()', 'PUT', 1, 'admin', '研发部门', '/system/menu', '127.0.0.1', '内网IP', '{\"children\":[],\"createTime\":\"2025-10-30 17:06:55\",\"icon\":\"guide\",\"isCache\":\"0\",\"isFrame\":\"0\",\"menuId\":4,\"menuName\":\"若依官网\",\"menuType\":\"M\",\"orderNum\":4,\"params\":{},\"parentId\":0,\"path\":\"http://ruoyi.vip\",\"perms\":\"\",\"query\":\"\",\"routeName\":\"\",\"status\":\"0\",\"updateBy\":\"admin\",\"visible\":\"1\"}', '{\"msg\":\"操作成功\",\"code\":200}', 0, NULL, '2025-11-02 15:31:24', 19);
INSERT INTO `sys_oper_log` VALUES (197, '菜单管理', 2, 'com.ruoyi.web.controller.system.SysMenuController.edit()', 'PUT', 1, 'admin', '研发部门', '/system/menu', '127.0.0.1', '内网IP', '{\"children\":[],\"createTime\":\"2025-10-30 17:06:55\",\"icon\":\"tool\",\"isCache\":\"0\",\"isFrame\":\"1\",\"menuId\":3,\"menuName\":\"系统工具\",\"menuType\":\"M\",\"orderNum\":3,\"params\":{},\"parentId\":0,\"path\":\"tool\",\"perms\":\"\",\"query\":\"\",\"routeName\":\"\",\"status\":\"0\",\"updateBy\":\"admin\",\"visible\":\"1\"}', '{\"msg\":\"操作成功\",\"code\":200}', 0, NULL, '2025-11-02 15:31:28', 24);
INSERT INTO `sys_oper_log` VALUES (198, '菜单管理', 2, 'com.ruoyi.web.controller.system.SysMenuController.edit()', 'PUT', 1, 'admin', '研发部门', '/system/menu', '127.0.0.1', '内网IP', '{\"children\":[],\"createTime\":\"2025-10-30 17:06:55\",\"icon\":\"system\",\"isCache\":\"0\",\"isFrame\":\"1\",\"menuId\":1,\"menuName\":\"系统管理\",\"menuType\":\"M\",\"orderNum\":1,\"params\":{},\"parentId\":0,\"path\":\"system\",\"perms\":\"\",\"query\":\"\",\"routeName\":\"\",\"status\":\"0\",\"updateBy\":\"admin\",\"visible\":\"0\"}', '{\"msg\":\"操作成功\",\"code\":200}', 0, NULL, '2025-11-02 15:31:36', 23);
INSERT INTO `sys_oper_log` VALUES (199, '菜单管理', 2, 'com.ruoyi.web.controller.system.SysMenuController.edit()', 'PUT', 1, 'admin', '研发部门', '/system/menu', '127.0.0.1', '内网IP', '{\"children\":[],\"createTime\":\"2025-11-02 15:23:28\",\"icon\":\"row\",\"isCache\":\"0\",\"isFrame\":\"1\",\"menuId\":2008,\"menuName\":\"课堂详情\",\"menuType\":\"C\",\"orderNum\":1,\"params\":{},\"parentId\":2006,\"path\":\"session\",\"perms\":\"\",\"routeName\":\"\",\"status\":\"0\",\"updateBy\":\"admin\",\"visible\":\"1\"}', '{\"msg\":\"操作成功\",\"code\":200}', 0, NULL, '2025-11-02 15:32:41', 26);
INSERT INTO `sys_oper_log` VALUES (200, '批量标记消息已读', 2, 'com.ruoyi.web.controller.proj_cyq.MessageController.markAllAsRead()', 'PUT', 1, 'admin', '研发部门', '/proj_cyq/message/read/all', '127.0.0.1', '内网IP', '', '{\"msg\":\"操作成功\",\"code\":200}', 0, NULL, '2025-11-02 15:33:43', 44);
INSERT INTO `sys_oper_log` VALUES (201, '菜单管理', 1, 'com.ruoyi.web.controller.system.SysMenuController.add()', 'POST', 1, 'admin', '研发部门', '/system/menu', '127.0.0.1', '内网IP', '{\"children\":[],\"createBy\":\"admin\",\"icon\":\"checkbox\",\"isCache\":\"0\",\"isFrame\":\"1\",\"menuName\":\"课堂签到\",\"menuType\":\"M\",\"orderNum\":1,\"params\":{},\"parentId\":2004,\"path\":\"Attendance\",\"status\":\"0\",\"visible\":\"0\"}', '{\"msg\":\"操作成功\",\"code\":200}', 0, NULL, '2025-11-02 17:52:22', 11);
INSERT INTO `sys_oper_log` VALUES (202, '菜单管理', 2, 'com.ruoyi.web.controller.system.SysMenuController.edit()', 'PUT', 1, 'admin', '研发部门', '/system/menu', '127.0.0.1', '内网IP', '{\"children\":[],\"createTime\":\"2025-10-30 17:06:55\",\"icon\":\"tool\",\"isCache\":\"0\",\"isFrame\":\"1\",\"menuId\":3,\"menuName\":\"系统工具\",\"menuType\":\"M\",\"orderNum\":3,\"params\":{},\"parentId\":0,\"path\":\"tool\",\"perms\":\"\",\"query\":\"\",\"routeName\":\"\",\"status\":\"0\",\"updateBy\":\"admin\",\"visible\":\"0\"}', '{\"msg\":\"操作成功\",\"code\":200}', 0, NULL, '2025-11-02 18:23:05', 6);
INSERT INTO `sys_oper_log` VALUES (203, '菜单管理', 1, 'com.ruoyi.web.controller.system.SysMenuController.add()', 'POST', 1, 'admin', '研发部门', '/system/menu', '127.0.0.1', '内网IP', '{\"children\":[],\"createBy\":\"admin\",\"icon\":\"chart\",\"isCache\":\"0\",\"isFrame\":\"1\",\"menuName\":\"课堂投票\",\"menuType\":\"M\",\"orderNum\":2,\"params\":{},\"parentId\":2004,\"path\":\"vote\",\"status\":\"0\",\"visible\":\"0\"}', '{\"msg\":\"操作成功\",\"code\":200}', 0, NULL, '2025-11-02 20:39:23', 78);
INSERT INTO `sys_oper_log` VALUES (204, '课堂管理', 1, 'com.ruoyi.web.controller.proj_lw.ClassSessionController.add()', 'POST', 1, 'admin', '研发部门', '/proj_lw/session', '127.0.0.1', '内网IP', '{\"className\":\"数据库01\",\"courseId\":5,\"createBy\":\"admin\",\"endTime\":\"2025-11-04 20:22:08\",\"params\":{},\"sessionId\":8,\"startTime\":\"2025-11-13 00:00:00\",\"status\":0,\"teacher\":\"111\",\"teacherId\":1,\"totalStudents\":30}', '{\"msg\":\"操作成功\",\"code\":200}', 0, NULL, '2025-11-04 20:22:11', 21);
INSERT INTO `sys_oper_log` VALUES (205, '课程管理', 1, 'com.ruoyi.web.controller.proj_lw.CourseController.add()', 'POST', 1, 'admin', '研发部门', '/proj_lw/course', '127.0.0.1', '内网IP', '{\"classNumber\":4,\"college\":\"124\",\"courseCode\":\"6\",\"courseId\":6,\"courseName\":\"金融\",\"courseType\":\"12\",\"createBy\":\"admin\",\"credit\":1.0,\"introduction\":\"11\",\"params\":{},\"status\":\"0\"}', '{\"msg\":\"操作成功\",\"code\":200}', 0, NULL, '2025-11-04 20:22:51', 18);
INSERT INTO `sys_oper_log` VALUES (206, '课堂管理', 1, 'com.ruoyi.web.controller.proj_lw.ClassSessionController.add()', 'POST', 1, 'admin', '研发部门', '/proj_lw/session', '127.0.0.1', '内网IP', '{\"classDuration\":60,\"className\":\"金融01\",\"courseId\":6,\"createBy\":\"admin\",\"endTime\":\"20:57\",\"params\":{},\"sessionId\":9,\"startTime\":\"20:37\",\"status\":1,\"teacher\":\"1\",\"teacherId\":1,\"totalStudents\":37,\"weekDay\":\"4\"}', '{\"msg\":\"操作成功\",\"code\":200}', 0, NULL, '2025-11-04 20:41:53', 26);
INSERT INTO `sys_oper_log` VALUES (207, '课堂管理', 2, 'com.ruoyi.web.controller.proj_lw.ClassSessionController.edit()', 'PUT', 1, 'admin', '研发部门', '/proj_lw/session', '127.0.0.1', '内网IP', '{\"classDuration\":45,\"className\":\"研究与开发实践03\",\"courseId\":1,\"createBy\":\"admin\",\"createTime\":\"2025-11-01 00:42:58\",\"endTime\":\"22:00\",\"params\":{},\"sessionId\":7,\"startTime\":\"12:00\",\"status\":0,\"teacher\":\"C\",\"teacherId\":1,\"totalStudents\":32,\"updateBy\":\"admin\",\"updateTime\":\"2025-11-01 15:12:04\",\"weekDay\":\"1\"}', '{\"msg\":\"操作成功\",\"code\":200}', 0, NULL, '2025-11-04 20:42:55', 5);
INSERT INTO `sys_oper_log` VALUES (208, '课程管理', 1, 'com.ruoyi.web.controller.proj_lw.CourseController.add()', 'POST', 1, 'admin', '研发部门', '/proj_lw/course', '127.0.0.1', '内网IP', '{\"classNumber\":1,\"college\":\"222\",\"courseCode\":\"12\",\"courseId\":7,\"courseName\":\"121\",\"courseType\":\"1\",\"createBy\":\"admin\",\"credit\":0.0,\"introduction\":\"1\",\"params\":{},\"status\":\"0\"}', '{\"msg\":\"操作成功\",\"code\":200}', 0, NULL, '2025-11-04 21:09:23', 63);
INSERT INTO `sys_oper_log` VALUES (209, '课堂管理', 1, 'com.ruoyi.web.controller.proj_lw.ClassSessionController.add()', 'POST', 1, 'admin', '研发部门', '/proj_lw/session', '127.0.0.1', '内网IP', '{\"classDuration\":45,\"className\":\"12111\",\"courseId\":7,\"createBy\":\"admin\",\"endTime\":\"21:11\",\"params\":{},\"sessionId\":10,\"startTime\":\"21:08\",\"status\":0,\"teacher\":\"121\",\"teacherId\":1,\"totalStudents\":30,\"weekDay\":\"1\"}', '{\"msg\":\"操作成功\",\"code\":200}', 0, NULL, '2025-11-04 21:09:42', 5);
INSERT INTO `sys_oper_log` VALUES (210, '作业管理', 1, 'com.ruoyi.web.controller.proj_lwj.ClassHomeworkController.add()', 'POST', 1, 'admin', '研发部门', '/proj_lwj/homework', '127.0.0.1', '内网IP', '{\"attachments\":\"\",\"content\":\"1\",\"courseId\":1,\"createBy\":\"admin\",\"deadline\":\"2025-11-29 00:00:00\",\"homeworkId\":11,\"params\":{},\"sessionId\":1,\"title\":\"121121123457\",\"totalScore\":100}', '{\"msg\":\"操作成功\",\"code\":200}', 0, NULL, '2025-11-04 22:21:07', 21);
INSERT INTO `sys_oper_log` VALUES (211, '课程管理', 1, 'com.ruoyi.web.controller.proj_lw.CourseController.add()', 'POST', 1, 'admin', '研发部门', '/proj_lw/course', '127.0.0.1', '内网IP', '{\"classNumber\":1,\"college\":\"11\",\"courseCode\":\"112\",\"courseId\":8,\"courseName\":\"123123\",\"courseType\":\"212\",\"createBy\":\"admin\",\"credit\":0.0,\"introduction\":\"111\",\"params\":{},\"status\":\"0\"}', '{\"msg\":\"操作成功\",\"code\":200}', 0, NULL, '2025-11-04 22:22:02', 18);
INSERT INTO `sys_oper_log` VALUES (212, '课堂管理', 1, 'com.ruoyi.web.controller.proj_lw.ClassSessionController.add()', 'POST', 1, 'admin', '研发部门', '/proj_lw/session', '127.0.0.1', '内网IP', '{\"classDuration\":50,\"className\":\"123123\",\"courseId\":8,\"createBy\":\"admin\",\"endTime\":\"22:28\",\"params\":{},\"sessionId\":11,\"startTime\":\"22:22\",\"status\":0,\"teacher\":\"111\",\"teacherId\":1,\"totalStudents\":30,\"weekDay\":\"3\"}', '{\"msg\":\"操作成功\",\"code\":200}', 0, NULL, '2025-11-04 22:22:22', 8);
INSERT INTO `sys_oper_log` VALUES (213, '作业管理', 1, 'com.ruoyi.web.controller.proj_lwj.ClassHomeworkController.add()', 'POST', 1, 'admin', '研发部门', '/proj_lwj/homework', '127.0.0.1', '内网IP', '{\"attachments\":\"\",\"content\":\"\",\"courseId\":5,\"createBy\":\"admin\",\"deadline\":\"2025-11-05 00:00:00\",\"homeworkId\":12,\"params\":{},\"sessionId\":8,\"title\":\"数据库111\",\"totalScore\":100}', '{\"msg\":\"操作成功\",\"code\":200}', 0, NULL, '2025-11-04 22:25:02', 8);
INSERT INTO `sys_oper_log` VALUES (214, '作业管理', 1, 'com.ruoyi.web.controller.proj_lwj.ClassHomeworkController.add()', 'POST', 1, 'admin', '研发部门', '/proj_lwj/homework', '127.0.0.1', '内网IP', '{\"attachments\":\"\",\"content\":\"212121\",\"courseId\":1,\"createBy\":\"admin\",\"deadline\":\"2025-11-04 22:30:24\",\"homeworkId\":13,\"params\":{},\"sessionId\":7,\"title\":\"21212121\",\"totalScore\":100}', '{\"msg\":\"操作成功\",\"code\":200}', 0, NULL, '2025-11-04 22:30:25', 9);
INSERT INTO `sys_oper_log` VALUES (215, '作业提交', 1, 'com.ruoyi.web.controller.proj_lwj.ClassHomeworkController.submit()', 'POST', 1, 'admin', '研发部门', '/proj_lwj/homework/submit', '127.0.0.1', '内网IP', '{\"createBy\":\"admin\",\"homeworkId\":13,\"params\":{},\"remark\":\"\",\"status\":1,\"studentHomeworkId\":8,\"studentId\":21,\"studentName\":\"陈殷琦\",\"studentNo\":\"2023141460350\",\"submissionFiles\":\"屏幕截图 2024-07-01 142432.png\",\"submitTime\":\"2025-11-04 22:31:27\"}', '{\"msg\":\"操作成功\",\"code\":200}', 0, NULL, '2025-11-04 22:31:27', 14);
INSERT INTO `sys_oper_log` VALUES (216, '标记作业消息已读', 2, 'com.ruoyi.web.controller.proj_cyq.MessageController.markHomeworkAsRead()', 'PUT', 1, 'admin', '研发部门', '/proj_cyq/message/read/homework/12', '127.0.0.1', '内网IP', '12', '{\"msg\":\"操作成功\",\"code\":200}', 0, NULL, '2025-11-04 22:46:55', 11);
INSERT INTO `sys_oper_log` VALUES (217, '删除消息', 3, 'com.ruoyi.web.controller.proj_cyq.MessageController.deleteMessage()', 'DELETE', 1, 'admin', '研发部门', '/proj_cyq/message/homework_12', '127.0.0.1', '内网IP', '\"homework_12\"', '{\"msg\":\"操作成功\",\"code\":200}', 0, NULL, '2025-11-04 22:47:01', 9);
INSERT INTO `sys_oper_log` VALUES (218, '待办事项', 1, 'com.ruoyi.web.controller.proj_cyq.TodoController.add()', 'POST', 1, 'admin', '研发部门', '/proj_cyq/todo', '127.0.0.1', '内网IP', '{\"content\":\"做做做\",\"createBy\":\"admin\",\"createTime\":\"2025-11-04 22:52:14\",\"endTime\":\"2025-11-04 22:52:11\",\"isReminded\":\"0\",\"messageRead\":\"0\",\"messageStatus\":\"0\",\"params\":{},\"priority\":\"2\",\"remindTime\":\"2025-11-03 22:52:11\",\"sequenceNumber\":7,\"startTime\":\"2025-11-04 22:52:08\",\"status\":\"0\",\"title\":\"做什么呢\",\"todoId\":14,\"todoType\":\"life\",\"userId\":1}', '{\"msg\":\"操作成功\",\"code\":200}', 0, NULL, '2025-11-04 22:52:14', 19);
INSERT INTO `sys_oper_log` VALUES (219, '作业管理', 1, 'com.ruoyi.web.controller.proj_lwj.ClassHomeworkController.add()', 'POST', 1, 'admin', '研发部门', '/proj_lwj/homework', '127.0.0.1', '内网IP', '{\"attachments\":\"\",\"content\":\"\",\"courseId\":7,\"createBy\":\"admin\",\"deadline\":\"2025-11-04 22:52:39\",\"homeworkId\":14,\"params\":{},\"sessionId\":10,\"title\":\"12121211212122\",\"totalScore\":100}', '{\"msg\":\"操作成功\",\"code\":200}', 0, NULL, '2025-11-04 22:52:41', 12);
INSERT INTO `sys_oper_log` VALUES (220, '标记作业消息已读', 2, 'com.ruoyi.web.controller.proj_cyq.MessageController.markHomeworkAsRead()', 'PUT', 1, 'admin', '研发部门', '/proj_cyq/message/read/homework/14', '127.0.0.1', '内网IP', '14', '{\"msg\":\"操作成功\",\"code\":200}', 0, NULL, '2025-11-04 22:52:52', 7);
INSERT INTO `sys_oper_log` VALUES (221, '作业管理', 1, 'com.ruoyi.web.controller.proj_lwj.ClassHomeworkController.add()', 'POST', 1, 'admin', '研发部门', '/proj_lwj/homework', '127.0.0.1', '内网IP', '{\"attachments\":\"\",\"content\":\"111111111111111AAA\",\"courseId\":8,\"createBy\":\"admin\",\"deadline\":\"2025-11-07 00:00:00\",\"homeworkId\":15,\"params\":{},\"sessionId\":11,\"title\":\"121211111111111AAAAA\",\"totalScore\":100}', '{\"msg\":\"操作成功\",\"code\":200}', 0, NULL, '2025-11-04 22:54:40', 7);
INSERT INTO `sys_oper_log` VALUES (222, '标记作业消息已读', 2, 'com.ruoyi.web.controller.proj_cyq.MessageController.markHomeworkAsRead()', 'PUT', 1, 'admin', '研发部门', '/proj_cyq/message/read/homework/15', '127.0.0.1', '内网IP', '15', '{\"msg\":\"操作成功\",\"code\":200}', 0, NULL, '2025-11-04 22:54:52', 4);
INSERT INTO `sys_oper_log` VALUES (223, '删除消息', 3, 'com.ruoyi.web.controller.proj_cyq.MessageController.deleteMessage()', 'DELETE', 1, 'admin', '研发部门', '/proj_cyq/message/homework_15', '127.0.0.1', '内网IP', '\"homework_15\"', '{\"msg\":\"操作成功\",\"code\":200}', 0, NULL, '2025-11-04 22:54:53', 6);
INSERT INTO `sys_oper_log` VALUES (224, '保存抽取记录', 1, 'com.ruoyi.web.controller.proj_myx.RandomPickController.savePick()', 'POST', 1, 'admin', '研发部门', '/proj_myx/random/pick/save', '127.0.0.1', '内网IP', '{\"pickTime\":\"2025-11-04 22:58:06.497\",\"sessionId\":1,\"studentId\":26,\"teacherId\":0}', '{\"msg\":\"操作成功\",\"code\":200}', 0, NULL, '2025-11-04 22:58:06', 7);
INSERT INTO `sys_oper_log` VALUES (225, '随机抽人', 0, 'com.ruoyi.web.controller.proj_myx.RandomPickController.pickRandom()', 'POST', 1, 'admin', '研发部门', '/proj_myx/random/pick/random', '127.0.0.1', '内网IP', '{\"teacherId\":\"0\",\"sessionId\":\"1\"}', '{\"msg\":\"操作成功\",\"code\":200,\"data\":{\"pickTime\":\"2025-11-04 22:58:08.962\",\"sessionId\":1,\"studentId\":9,\"studentName\":\"谢东廷\",\"studentNo\":\"2023141460336\",\"teacherId\":0}}', 0, NULL, '2025-11-04 22:58:08', 27);
INSERT INTO `sys_oper_log` VALUES (226, '文章管理', 5, 'com.ruoyi.web.controller.proj_qhy.BbsArticleController.export()', 'POST', 1, 'admin', '研发部门', '/proj_qhy/article/export', '127.0.0.1', '内网IP', '{\"articleType\":\"\",\"author\":\"\",\"pageSize\":\"10\",\"title\":\"\",\"pageNum\":\"1\",\"status\":\"\"}', NULL, 0, NULL, '2025-11-04 22:58:51', 407);
INSERT INTO `sys_oper_log` VALUES (227, '菜单管理', 1, 'com.ruoyi.web.controller.system.SysMenuController.add()', 'POST', 1, 'admin', '研发部门', '/system/menu', '127.0.0.1', '内网IP', '{\"children\":[],\"component\":\"\",\"createBy\":\"admin\",\"icon\":\"log\",\"isCache\":\"0\",\"isFrame\":\"1\",\"menuName\":\"操作日志\",\"menuType\":\"C\",\"orderNum\":4,\"params\":{},\"parentId\":2014,\"path\":\"operlog\",\"perms\":\"\",\"status\":\"0\",\"visible\":\"0\"}', '{\"msg\":\"操作成功\",\"code\":200}', 0, NULL, '2025-11-06 18:45:58', 30);
INSERT INTO `sys_oper_log` VALUES (228, '菜单管理', 1, 'com.ruoyi.web.controller.system.SysMenuController.add()', 'POST', 1, 'admin', '研发部门', '/system/menu', '127.0.0.1', '内网IP', '{\"children\":[],\"createBy\":\"admin\",\"icon\":\"tab\",\"isCache\":\"0\",\"isFrame\":\"1\",\"menuName\":\"登录日志\",\"menuType\":\"C\",\"orderNum\":5,\"params\":{},\"parentId\":2014,\"path\":\"loginlog\",\"status\":\"0\",\"visible\":\"0\"}', '{\"msg\":\"操作成功\",\"code\":200}', 0, NULL, '2025-11-06 20:17:18', 17);
INSERT INTO `sys_oper_log` VALUES (229, '操作日志', 5, 'com.ruoyi.web.controller.monitor.SysOperlogController.export()', 'POST', 1, 'admin', '研发部门', '/monitor/operlog/export', '127.0.0.1', '内网IP', '{\"pageSize\":\"10\",\"pageNum\":\"1\"}', NULL, 0, NULL, '2025-11-06 20:32:59', 110);
INSERT INTO `sys_oper_log` VALUES (230, '作业管理', 1, 'com.ruoyi.web.controller.proj_lwj.ClassHomeworkController.add()', 'POST', 1, 'admin', '研发部门', '/proj_lwj/homework', '127.0.0.1', '内网IP', '{\"attachments\":\"\",\"content\":\"222222\",\"courseId\":1,\"createBy\":\"admin\",\"deadline\":\"2025-11-07 09:53:42\",\"homeworkId\":16,\"params\":{},\"sessionId\":4,\"title\":\"2222\",\"totalScore\":100}', '{\"msg\":\"操作成功\",\"code\":200}', 0, NULL, '2025-11-07 09:53:50', 9);
INSERT INTO `sys_oper_log` VALUES (231, '标记作业消息已读', 2, 'com.ruoyi.web.controller.proj_cyq.MessageController.markHomeworkAsRead()', 'PUT', 1, 'admin', '研发部门', '/proj_cyq/message/read/homework/16', '127.0.0.1', '内网IP', '16', '{\"msg\":\"操作成功\",\"code\":200}', 0, NULL, '2025-11-07 09:54:07', 33);
INSERT INTO `sys_oper_log` VALUES (232, '删除消息', 3, 'com.ruoyi.web.controller.proj_cyq.MessageController.deleteMessage()', 'DELETE', 1, 'admin', '研发部门', '/proj_cyq/message/homework_16', '127.0.0.1', '内网IP', '\"homework_16\"', '{\"msg\":\"操作成功\",\"code\":200}', 0, NULL, '2025-11-07 09:54:14', 65);
INSERT INTO `sys_oper_log` VALUES (233, '保存抽取记录', 1, 'com.ruoyi.web.controller.proj_myx.RandomPickController.savePick()', 'POST', 1, 'admin', '研发部门', '/proj_myx/random/pick/save', '127.0.0.1', '内网IP', '{\"pickTime\":\"2025-11-07 09:58:43.549\",\"sessionId\":1,\"studentId\":20,\"teacherId\":0}', '{\"msg\":\"操作成功\",\"code\":200}', 0, NULL, '2025-11-07 09:58:43', 36);
INSERT INTO `sys_oper_log` VALUES (234, '待办事项', 1, 'com.ruoyi.web.controller.proj_cyq.TodoController.add()', 'POST', 1, 'admin', '研发部门', '/proj_cyq/todo', '127.0.0.1', '内网IP', '{\"content\":\"AAAsss\",\"createBy\":\"admin\",\"createTime\":\"2025-11-07 11:14:06\",\"endTime\":\"2025-11-29 00:00:00\",\"isReminded\":\"0\",\"messageRead\":\"0\",\"messageStatus\":\"0\",\"params\":{},\"priority\":\"1\",\"remindTime\":\"2025-11-28 00:00:00\",\"sequenceNumber\":8,\"startTime\":\"2025-11-07 11:14:00\",\"status\":\"0\",\"title\":\"121112212121\",\"todoId\":15,\"todoType\":\"study\",\"userId\":1}', '{\"msg\":\"操作成功\",\"code\":200}', 0, NULL, '2025-11-07 11:14:06', 35);
INSERT INTO `sys_oper_log` VALUES (235, '标记待办消息已读', 2, 'com.ruoyi.web.controller.proj_cyq.MessageController.markTodoAsRead()', 'PUT', 1, 'admin', '研发部门', '/proj_cyq/message/read/todo/15', '127.0.0.1', '内网IP', '15', '{\"msg\":\"操作成功\",\"code\":200}', 0, NULL, '2025-11-07 11:14:14', 11);
INSERT INTO `sys_oper_log` VALUES (236, '删除消息', 3, 'com.ruoyi.web.controller.proj_cyq.MessageController.deleteMessage()', 'DELETE', 1, 'admin', '研发部门', '/proj_cyq/message/todo_15', '127.0.0.1', '内网IP', '\"todo_15\"', '{\"msg\":\"操作成功\",\"code\":200}', 0, NULL, '2025-11-07 11:14:17', 8);
INSERT INTO `sys_oper_log` VALUES (237, '文章管理', 1, 'com.ruoyi.web.controller.proj_qhy.BbsArticleController.add()', 'POST', 1, 'admin', '研发部门', '/proj_qhy/article', '127.0.0.1', '内网IP', '{\"articleType\":\"技术\",\"author\":\"若依\",\"bookmarkCount\":0,\"commentCount\":0,\"content\":\"<p>1</p>\",\"cover\":\"/profile/upload/2025/11/11/742e7d1920221d3037ed6ced21368d9_20251111165529A001.jpg\",\"digest\":\"1\",\"hateCount\":0,\"id\":8,\"likeCount\":0,\"params\":{},\"status\":\"editting\",\"title\":\"1\",\"viewCount\":0}', '{\"msg\":\"操作成功\",\"code\":200}', 0, NULL, '2025-11-11 16:55:32', 28);
INSERT INTO `sys_oper_log` VALUES (238, '菜单管理', 2, 'com.ruoyi.web.controller.system.SysMenuController.edit()', 'PUT', 1, 'admin', '研发部门', '/system/menu', '127.0.0.1', '内网IP', '{\"children\":[],\"component\":\"system/user/index\",\"createTime\":\"2025-10-30 17:06:55\",\"icon\":\"user\",\"isCache\":\"0\",\"isFrame\":\"1\",\"menuId\":100,\"menuName\":\"用户管理\",\"menuType\":\"C\",\"orderNum\":5,\"params\":{},\"parentId\":2014,\"path\":\"proj_cyq/system-user\",\"perms\":\"system:user:list\",\"query\":\"\",\"routeName\":\"\",\"status\":\"0\",\"updateBy\":\"admin\",\"visible\":\"0\"}', '{\"msg\":\"操作成功\",\"code\":200}', 0, NULL, '2025-11-12 01:09:34', 39);
INSERT INTO `sys_oper_log` VALUES (239, '菜单管理', 2, 'com.ruoyi.web.controller.system.SysMenuController.edit()', 'PUT', 1, 'admin', '研发部门', '/system/menu', '127.0.0.1', '内网IP', '{\"children\":[],\"component\":\"system/user/index\",\"createTime\":\"2025-10-30 17:06:55\",\"icon\":\"user\",\"isCache\":\"0\",\"isFrame\":\"1\",\"menuId\":100,\"menuName\":\"用户管理\",\"menuType\":\"C\",\"orderNum\":6,\"params\":{},\"parentId\":2014,\"path\":\"proj_cyq/system-user\",\"perms\":\"system:user:list\",\"query\":\"\",\"routeName\":\"\",\"status\":\"0\",\"updateBy\":\"admin\",\"visible\":\"0\"}', '{\"msg\":\"操作成功\",\"code\":200}', 0, NULL, '2025-11-12 01:10:59', 42);
INSERT INTO `sys_oper_log` VALUES (240, '菜单管理', 2, 'com.ruoyi.web.controller.system.SysMenuController.edit()', 'PUT', 1, 'admin', '研发部门', '/system/menu', '127.0.0.1', '内网IP', '{\"children\":[],\"component\":\"system/role/index\",\"createTime\":\"2025-10-30 17:06:55\",\"icon\":\"peoples\",\"isCache\":\"0\",\"isFrame\":\"1\",\"menuId\":101,\"menuName\":\"角色管理\",\"menuType\":\"C\",\"orderNum\":7,\"params\":{},\"parentId\":2014,\"path\":\"proj_cyq/system-role\",\"perms\":\"system:role:list\",\"query\":\"\",\"routeName\":\"\",\"status\":\"0\",\"updateBy\":\"admin\",\"visible\":\"0\"}', '{\"msg\":\"操作成功\",\"code\":200}', 0, NULL, '2025-11-12 01:11:29', 42);
INSERT INTO `sys_oper_log` VALUES (241, '角色管理', 1, 'com.ruoyi.web.controller.system.SysRoleController.add()', 'POST', 1, 'admin', '研发部门', '/system/role', '127.0.0.1', '内网IP', '{\"admin\":false,\"createBy\":\"admin\",\"deptCheckStrictly\":true,\"deptIds\":[],\"flag\":false,\"menuCheckStrictly\":true,\"menuIds\":[2000,2004,2014,2002,2005,2006,2007,2008,2009,2010,2011,2012,2013,2015,2016,2017,2020,2021],\"params\":{},\"roleId\":100,\"roleKey\":\"teacher\",\"roleName\":\"teacher\",\"roleSort\":3,\"status\":\"0\"}', '{\"msg\":\"操作成功\",\"code\":200}', 0, NULL, '2025-11-12 01:28:13', 59);
INSERT INTO `sys_oper_log` VALUES (242, '角色管理', 2, 'com.ruoyi.web.controller.system.SysRoleController.edit()', 'PUT', 1, 'admin', '研发部门', '/system/role', '127.0.0.1', '内网IP', '{\"admin\":false,\"createTime\":\"2025-11-12 01:28:13\",\"dataScope\":\"1\",\"delFlag\":\"0\",\"deptCheckStrictly\":true,\"flag\":false,\"menuCheckStrictly\":true,\"menuIds\":[2000,2004,2014,2002,2005,2006,2007,2008,2009,2010,2011,2012,2013,2015,2016,2017,2020,2021],\"params\":{},\"roleId\":100,\"roleKey\":\"teacher\",\"roleName\":\"teacher\",\"roleSort\":0,\"status\":\"0\",\"updateBy\":\"admin\"}', '{\"msg\":\"操作成功\",\"code\":200}', 0, NULL, '2025-11-12 01:28:33', 29);
INSERT INTO `sys_oper_log` VALUES (243, '角色管理', 2, 'com.ruoyi.web.controller.system.SysRoleController.edit()', 'PUT', 1, 'admin', '研发部门', '/system/role', '127.0.0.1', '内网IP', '{\"admin\":false,\"createTime\":\"2025-11-12 01:28:13\",\"dataScope\":\"1\",\"delFlag\":\"0\",\"deptCheckStrictly\":true,\"flag\":false,\"menuCheckStrictly\":true,\"menuIds\":[2000,2004,2014,2002,2005,2006,2007,2008,2009,2010,2011,2012,2013,2015,2016,2017,2020,2021],\"params\":{},\"roleId\":100,\"roleKey\":\"teacher\",\"roleName\":\"teacher\",\"roleSort\":3,\"status\":\"0\",\"updateBy\":\"admin\"}', '{\"msg\":\"操作成功\",\"code\":200}', 0, NULL, '2025-11-12 01:29:43', 77);
INSERT INTO `sys_oper_log` VALUES (244, '角色管理', 1, 'com.ruoyi.web.controller.system.SysRoleController.add()', 'POST', 1, 'admin', '研发部门', '/system/role', '127.0.0.1', '内网IP', '{\"admin\":false,\"createBy\":\"admin\",\"deptCheckStrictly\":true,\"deptIds\":[],\"flag\":false,\"menuCheckStrictly\":true,\"menuIds\":[2000,2004,2014,2003,2018,2019,2006,2007,2008,2009,2010,2011,2012,2013,2015,2016,2017,2020,2021],\"params\":{},\"roleId\":101,\"roleKey\":\"student\",\"roleName\":\"student\",\"roleSort\":4,\"status\":\"0\"}', '{\"msg\":\"操作成功\",\"code\":200}', 0, NULL, '2025-11-12 01:31:32', 29);
INSERT INTO `sys_oper_log` VALUES (245, '用户管理', 1, 'com.ruoyi.web.controller.system.SysUserController.add()', 'POST', 1, 'admin', '研发部门', '/system/user', '127.0.0.1', '内网IP', '{\"admin\":false,\"createBy\":\"admin\",\"nickName\":\"张老师\",\"params\":{},\"phonenumber\":\"13800000001\",\"postIds\":[],\"roleIds\":[100],\"status\":\"0\",\"userId\":100,\"userName\":\"teacher_zhang\"}', '{\"msg\":\"操作成功\",\"code\":200}', 0, NULL, '2025-11-12 01:32:46', 178);
INSERT INTO `sys_oper_log` VALUES (246, '用户管理', 1, 'com.ruoyi.web.controller.system.SysUserController.add()', 'POST', 1, 'admin', '研发部门', '/system/user', '127.0.0.1', '内网IP', '{\"admin\":false,\"createBy\":\"admin\",\"nickName\":\"李同学\",\"params\":{},\"phonenumber\":\"13800000002\",\"postIds\":[],\"roleIds\":[101],\"status\":\"0\",\"userId\":101,\"userName\":\"student_li\"}', '{\"msg\":\"操作成功\",\"code\":200}', 0, NULL, '2025-11-12 01:33:19', 167);
INSERT INTO `sys_oper_log` VALUES (247, '用户管理', 2, 'com.ruoyi.web.controller.system.SysUserController.edit()', 'PUT', 1, 'admin', '研发部门', '/system/user', '127.0.0.1', '内网IP', '{\"admin\":false,\"avatar\":\"\",\"createBy\":\"admin\",\"createTime\":\"2025-11-12 01:33:19\",\"delFlag\":\"0\",\"email\":\"\",\"loginIp\":\"\",\"nickName\":\"李同学\",\"params\":{},\"phonenumber\":\"13800000002\",\"postIds\":[],\"roleIds\":[101],\"roles\":[{\"admin\":false,\"dataScope\":\"1\",\"deptCheckStrictly\":false,\"flag\":false,\"menuCheckStrictly\":false,\"params\":{},\"roleId\":101,\"roleKey\":\"student\",\"roleName\":\"student\",\"roleSort\":4,\"status\":\"0\"}],\"sex\":\"1\",\"status\":\"0\",\"updateBy\":\"admin\",\"userId\":101,\"userName\":\"student_li\"}', '{\"msg\":\"操作成功\",\"code\":200}', 0, NULL, '2025-11-12 01:34:13', 45);
INSERT INTO `sys_oper_log` VALUES (248, '角色管理', 2, 'com.ruoyi.web.controller.system.SysRoleController.dataScope()', 'PUT', 1, 'admin', '研发部门', '/system/role/dataScope', '127.0.0.1', '内网IP', '{\"admin\":false,\"createTime\":\"2025-11-12 01:28:13\",\"dataScope\":\"1\",\"delFlag\":\"0\",\"deptCheckStrictly\":true,\"deptIds\":[],\"flag\":false,\"menuCheckStrictly\":true,\"params\":{},\"roleId\":100,\"roleKey\":\"teacher\",\"roleName\":\"teacher\",\"roleSort\":3,\"status\":\"0\"}', '{\"msg\":\"操作成功\",\"code\":200}', 0, NULL, '2025-11-12 01:40:13', 38);
INSERT INTO `sys_oper_log` VALUES (249, '角色管理', 2, 'com.ruoyi.web.controller.system.SysRoleController.edit()', 'PUT', 1, 'admin', '研发部门', '/system/role', '127.0.0.1', '内网IP', '{\"admin\":false,\"createTime\":\"2025-11-12 01:28:13\",\"dataScope\":\"1\",\"delFlag\":\"0\",\"deptCheckStrictly\":true,\"flag\":false,\"menuCheckStrictly\":true,\"menuIds\":[2000,2004,2014,2002,2005,2006,2007,2008,2009,2010,2011,2012,2013,2015,2016,2017,2020,2021,1,102,1012,1013,1014,1015,103,1016,1017,1018,1019,104,1020,1021,1022,1023,1024,105,1025,1026,1027,1028,1029,106,1030,1031,1032,1033,1034,107,1035,1036,1037,1038,108,500,1039,1040,1041,501,1042,1043,1044,1045],\"params\":{},\"roleId\":100,\"roleKey\":\"teacher\",\"roleName\":\"teacher\",\"roleSort\":3,\"status\":\"0\",\"updateBy\":\"admin\"}', '{\"msg\":\"操作成功\",\"code\":200}', 0, NULL, '2025-11-12 01:40:37', 72);
INSERT INTO `sys_oper_log` VALUES (250, '菜单管理', 2, 'com.ruoyi.web.controller.system.SysMenuController.edit()', 'PUT', 1, 'teacher_zhang', NULL, '/system/menu', '127.0.0.1', '内网IP', '{\"children\":[],\"component\":\"proj_cyq/personal/index\",\"createTime\":\"2025-11-02 15:28:58\",\"icon\":\"user\",\"isCache\":\"0\",\"isFrame\":\"1\",\"menuId\":2015,\"menuName\":\"个人主页\",\"menuType\":\"C\",\"orderNum\":0,\"params\":{},\"parentId\":2014,\"path\":\"index\",\"perms\":\"proj_cyq:personal:view\",\"routeName\":\"PersonalHome\",\"status\":\"0\",\"updateBy\":\"teacher_zhang\",\"visible\":\"0\"}', '{\"msg\":\"操作成功\",\"code\":200}', 0, NULL, '2025-11-12 01:46:03', 37);
INSERT INTO `sys_oper_log` VALUES (251, '角色管理', 2, 'com.ruoyi.web.controller.system.SysRoleController.edit()', 'PUT', 1, 'admin', '研发部门', '/system/role', '127.0.0.1', '内网IP', '{\"admin\":false,\"createTime\":\"2025-11-12 01:28:13\",\"dataScope\":\"1\",\"delFlag\":\"0\",\"deptCheckStrictly\":true,\"flag\":false,\"menuCheckStrictly\":true,\"menuIds\":[2000,2004,2002,2005,2006,2007,2008,2009,2010,2011,2012,2013,2014,2015,2016,2017,2020,2021,100,1000,1001,1002,1003,1004,1005,1006,101,1007,1008,1009,1010,1011,1,102,1012,1013,1014,1015,103,1016,1017,1018,1019,104,1020,1021,1022,1023,1024,105,1025,1026,1027,1028,1029,106,1030,1031,1032,1033,1034,107,1035,1036,1037,1038,108,500,1039,1040,1041,501,1042,1043,1044,1045],\"params\":{},\"roleId\":100,\"roleKey\":\"teacher\",\"roleName\":\"teacher\",\"roleSort\":3,\"status\":\"0\",\"updateBy\":\"admin\"}', '{\"msg\":\"操作成功\",\"code\":200}', 0, NULL, '2025-11-12 01:51:01', 28);
INSERT INTO `sys_oper_log` VALUES (252, '待办事项', 1, 'com.ruoyi.web.controller.proj_cyq.TodoController.add()', 'POST', 1, 'teacher_zhang', NULL, '/proj_cyq/todo', '127.0.0.1', '内网IP', '{\"content\":\"121\",\"createBy\":\"teacher_zhang\",\"createTime\":\"2025-11-12 01:51:54\",\"endTime\":\"2025-11-14 00:00:00\",\"isReminded\":\"0\",\"messageRead\":\"0\",\"messageStatus\":\"0\",\"params\":{},\"priority\":\"0\",\"remindTime\":\"2025-11-13 00:00:00\",\"sequenceNumber\":1,\"startTime\":\"2025-11-12 01:51:50\",\"status\":\"0\",\"title\":\"12\",\"todoType\":\"study\",\"userId\":100}', NULL, 1, '\r\n### Error updating database.  Cause: java.sql.SQLIntegrityConstraintViolationException: Duplicate entry \'1\' for key \'class_todo.sequence_number\'\r\n### The error may exist in com/ruoyi/proj_cyq/mapper/TodoMapper.java (best guess)\r\n### The error may involve com.ruoyi.proj_cyq.mapper.TodoMapper.insertTodo-Inline\r\n### The error occurred while setting parameters\r\n### SQL: INSERT INTO class_todo(user_id, sequence_number, title, content, todo_type, priority, start_time, end_time, status, remind_time, is_reminded, message_status, message_read, create_by, create_time, update_by, update_time, remark) VALUES(?, ?, ?, ?, ?, ?, ?, ?, ?, ?, ?, ?, ?, ?, ?, ?, ?, ?)\r\n### Cause: java.sql.SQLIntegrityConstraintViolationException: Duplicate entry \'1\' for key \'class_todo.sequence_number\'\n; Duplicate entry \'1\' for key \'class_todo.sequence_number\'; nested exception is java.sql.SQLIntegrityConstraintViolationException: Duplicate entry \'1\' for key \'class_todo.sequence_number\'', '2025-11-12 01:51:54', 92);
INSERT INTO `sys_oper_log` VALUES (253, '菜单管理', 2, 'com.ruoyi.web.controller.system.SysMenuController.edit()', 'PUT', 1, 'admin', '研发部门', '/system/menu', '127.0.0.1', '内网IP', '{\"children\":[],\"component\":\"proj_cyq/todo/index\",\"createTime\":\"2025-11-02 15:29:41\",\"icon\":\"list\",\"isCache\":\"0\",\"isFrame\":\"1\",\"menuId\":2016,\"menuName\":\"待办事项\",\"menuType\":\"C\",\"orderNum\":2,\"params\":{},\"parentId\":2014,\"path\":\"todo\",\"perms\":\"proj_cyq:todo:view\",\"routeName\":\"Todo\",\"status\":\"0\",\"updateBy\":\"admin\",\"visible\":\"0\"}', '{\"msg\":\"操作成功\",\"code\":200}', 0, NULL, '2025-11-12 01:54:50', 36);
INSERT INTO `sys_oper_log` VALUES (254, '角色管理', 2, 'com.ruoyi.web.controller.system.SysRoleController.edit()', 'PUT', 1, 'admin', '研发部门', '/system/role', '127.0.0.1', '内网IP', '{\"admin\":false,\"createTime\":\"2025-11-12 01:28:13\",\"dataScope\":\"1\",\"delFlag\":\"0\",\"deptCheckStrictly\":true,\"flag\":false,\"menuCheckStrictly\":true,\"menuIds\":[2000,2004,2002,2005,2006,2007,2008,2009,2010,2011,2012,2013,2014,2015,2016,2017,2020,2021,100,1000,1001,1002,1003,1004,1005,1006,101,1007,1008,1009,1010,1011,1,102,1012,1013,1014,1015,103,1016,1017,1018,1019,104,1020,1021,1022,1023,1024,105,1025,1026,1027,1028,1029,106,1030,1031,1032,1033,1034,107,1035,1036,1037,1038,108,500,1039,1040,1041,501,1042,1043,1044,1045],\"params\":{},\"roleId\":100,\"roleKey\":\"teacher\",\"roleName\":\"teacher\",\"roleSort\":3,\"status\":\"0\",\"updateBy\":\"admin\"}', '{\"msg\":\"操作成功\",\"code\":200}', 0, NULL, '2025-11-12 01:55:53', 67);
INSERT INTO `sys_oper_log` VALUES (255, '待办事项', 1, 'com.ruoyi.web.controller.proj_cyq.TodoController.add()', 'POST', 1, 'teacher_zhang', NULL, '/proj_cyq/todo', '127.0.0.1', '内网IP', '{\"content\":\"1\",\"createBy\":\"teacher_zhang\",\"createTime\":\"2025-11-12 01:56:33\",\"endTime\":\"2025-11-15 00:00:00\",\"isReminded\":\"0\",\"messageRead\":\"0\",\"messageStatus\":\"0\",\"params\":{},\"priority\":\"0\",\"remindTime\":\"2025-11-14 00:00:00\",\"sequenceNumber\":1,\"startTime\":\"2025-11-12 01:56:29\",\"status\":\"0\",\"title\":\"1\",\"todoType\":\"study\",\"userId\":100}', NULL, 1, '\r\n### Error updating database.  Cause: java.sql.SQLIntegrityConstraintViolationException: Duplicate entry \'1\' for key \'class_todo.sequence_number\'\r\n### The error may exist in com/ruoyi/proj_cyq/mapper/TodoMapper.java (best guess)\r\n### The error may involve com.ruoyi.proj_cyq.mapper.TodoMapper.insertTodo-Inline\r\n### The error occurred while setting parameters\r\n### SQL: INSERT INTO class_todo(user_id, sequence_number, title, content, todo_type, priority, start_time, end_time, status, remind_time, is_reminded, message_status, message_read, create_by, create_time, update_by, update_time, remark) VALUES(?, ?, ?, ?, ?, ?, ?, ?, ?, ?, ?, ?, ?, ?, ?, ?, ?, ?)\r\n### Cause: java.sql.SQLIntegrityConstraintViolationException: Duplicate entry \'1\' for key \'class_todo.sequence_number\'\n; Duplicate entry \'1\' for key \'class_todo.sequence_number\'; nested exception is java.sql.SQLIntegrityConstraintViolationException: Duplicate entry \'1\' for key \'class_todo.sequence_number\'', '2025-11-12 01:56:33', 14);
INSERT INTO `sys_oper_log` VALUES (256, '待办事项', 1, 'com.ruoyi.web.controller.proj_cyq.TodoController.add()', 'POST', 1, 'teacher_zhang', NULL, '/proj_cyq/todo', '127.0.0.1', '内网IP', '{\"content\":\"1\",\"createBy\":\"teacher_zhang\",\"createTime\":\"2025-11-12 02:00:50\",\"endTime\":\"2025-11-28 00:00:00\",\"isReminded\":\"0\",\"messageRead\":\"0\",\"messageStatus\":\"0\",\"params\":{},\"priority\":\"0\",\"remindTime\":\"2025-11-27 00:00:00\",\"sequenceNumber\":1,\"startTime\":\"2025-11-12 02:00:47\",\"status\":\"0\",\"title\":\"1\",\"todoType\":\"study\",\"userId\":100}', NULL, 1, '\r\n### Error updating database.  Cause: java.sql.SQLIntegrityConstraintViolationException: Duplicate entry \'1\' for key \'class_todo.sequence_number\'\r\n### The error may exist in com/ruoyi/proj_cyq/mapper/TodoMapper.java (best guess)\r\n### The error may involve com.ruoyi.proj_cyq.mapper.TodoMapper.insertTodo-Inline\r\n### The error occurred while setting parameters\r\n### SQL: INSERT INTO class_todo(user_id, sequence_number, title, content, todo_type, priority, start_time, end_time, status, remind_time, is_reminded, message_status, message_read, create_by, create_time, update_by, update_time, remark) VALUES(?, ?, ?, ?, ?, ?, ?, ?, ?, ?, ?, ?, ?, ?, ?, ?, ?, ?)\r\n### Cause: java.sql.SQLIntegrityConstraintViolationException: Duplicate entry \'1\' for key \'class_todo.sequence_number\'\n; Duplicate entry \'1\' for key \'class_todo.sequence_number\'; nested exception is java.sql.SQLIntegrityConstraintViolationException: Duplicate entry \'1\' for key \'class_todo.sequence_number\'', '2025-11-12 02:00:50', 9);
INSERT INTO `sys_oper_log` VALUES (257, '待办事项', 1, 'com.ruoyi.web.controller.proj_cyq.TodoController.add()', 'POST', 1, 'teacher_zhang', NULL, '/proj_cyq/todo', '127.0.0.1', '内网IP', '{\"content\":\"1\",\"createBy\":\"teacher_zhang\",\"createTime\":\"2025-11-12 02:01:19\",\"endTime\":\"2025-12-26 00:00:00\",\"isReminded\":\"0\",\"messageRead\":\"0\",\"messageStatus\":\"0\",\"params\":{},\"priority\":\"0\",\"remindTime\":\"2025-12-25 00:00:00\",\"sequenceNumber\":1,\"startTime\":\"2025-11-12 02:01:15\",\"status\":\"0\",\"title\":\"1\",\"todoType\":\"study\",\"userId\":100}', NULL, 1, '\r\n### Error updating database.  Cause: java.sql.SQLIntegrityConstraintViolationException: Duplicate entry \'1\' for key \'class_todo.sequence_number\'\r\n### The error may exist in com/ruoyi/proj_cyq/mapper/TodoMapper.java (best guess)\r\n### The error may involve com.ruoyi.proj_cyq.mapper.TodoMapper.insertTodo-Inline\r\n### The error occurred while setting parameters\r\n### SQL: INSERT INTO class_todo(user_id, sequence_number, title, content, todo_type, priority, start_time, end_time, status, remind_time, is_reminded, message_status, message_read, create_by, create_time, update_by, update_time, remark) VALUES(?, ?, ?, ?, ?, ?, ?, ?, ?, ?, ?, ?, ?, ?, ?, ?, ?, ?)\r\n### Cause: java.sql.SQLIntegrityConstraintViolationException: Duplicate entry \'1\' for key \'class_todo.sequence_number\'\n; Duplicate entry \'1\' for key \'class_todo.sequence_number\'; nested exception is java.sql.SQLIntegrityConstraintViolationException: Duplicate entry \'1\' for key \'class_todo.sequence_number\'', '2025-11-12 02:01:19', 11);
INSERT INTO `sys_oper_log` VALUES (258, '待办事项', 1, 'com.ruoyi.web.controller.proj_cyq.TodoController.add()', 'POST', 1, 'teacher_zhang', NULL, '/proj_cyq/todo', '127.0.0.1', '内网IP', '{\"content\":\"1\",\"createBy\":\"teacher_zhang\",\"createTime\":\"2025-11-12 11:33:34\",\"endTime\":\"2025-11-29 00:00:00\",\"isReminded\":\"0\",\"messageRead\":\"0\",\"messageStatus\":\"0\",\"params\":{},\"priority\":\"0\",\"remindTime\":\"2025-11-28 00:00:00\",\"sequenceNumber\":9,\"startTime\":\"2025-11-12 11:33:30\",\"status\":\"0\",\"title\":\"1\",\"todoId\":20,\"todoType\":\"study\",\"userId\":100}', '{\"msg\":\"操作成功\",\"code\":200}', 0, NULL, '2025-11-12 11:33:34', 12);
INSERT INTO `sys_oper_log` VALUES (259, '待办事项', 1, 'com.ruoyi.web.controller.proj_cyq.TodoController.add()', 'POST', 1, 'teacher_zhang', NULL, '/proj_cyq/todo', '127.0.0.1', '内网IP', '{\"content\":\"批改作业\",\"createBy\":\"teacher_zhang\",\"createTime\":\"2025-11-12 11:50:28\",\"endTime\":\"2025-11-13 00:00:00\",\"isReminded\":\"0\",\"messageRead\":\"0\",\"messageStatus\":\"0\",\"params\":{},\"priority\":\"1\",\"remindTime\":\"2025-11-12 00:00:00\",\"startTime\":\"2025-11-12 11:50:23\",\"status\":\"0\",\"title\":\"改作业\",\"todoId\":21,\"todoType\":\"work\",\"userId\":100}', '{\"msg\":\"操作成功\",\"code\":200}', 0, NULL, '2025-11-12 11:50:28', 15);
INSERT INTO `sys_oper_log` VALUES (260, '菜单管理', 2, 'com.ruoyi.web.controller.system.SysMenuController.edit()', 'PUT', 1, 'admin', '研发部门', '/system/menu', '127.0.0.1', '内网IP', '{\"children\":[],\"component\":\"proj_cyq/message/index\",\"createTime\":\"2025-11-02 15:30:56\",\"icon\":\"wechat\",\"isCache\":\"0\",\"isFrame\":\"1\",\"menuId\":2017,\"menuName\":\"消息中心\",\"menuType\":\"C\",\"orderNum\":3,\"params\":{},\"parentId\":2014,\"path\":\"message\",\"perms\":\"proj_cyq:message:view\",\"routeName\":\"\",\"status\":\"0\",\"updateBy\":\"admin\",\"visible\":\"0\"}', '{\"msg\":\"操作成功\",\"code\":200}', 0, NULL, '2025-11-12 15:15:38', 9);
INSERT INTO `sys_oper_log` VALUES (261, '菜单管理', 2, 'com.ruoyi.web.controller.system.SysMenuController.edit()', 'PUT', 1, 'admin', '研发部门', '/system/menu', '127.0.0.1', '内网IP', '{\"children\":[],\"component\":\"proj_cyq/operlog/index\",\"createTime\":\"2025-11-06 18:45:58\",\"icon\":\"log\",\"isCache\":\"0\",\"isFrame\":\"1\",\"menuId\":2020,\"menuName\":\"操作日志\",\"menuType\":\"C\",\"orderNum\":4,\"params\":{},\"parentId\":2014,\"path\":\"operlog\",\"perms\":\"proj_cyq:operlog:view\",\"routeName\":\"\",\"status\":\"0\",\"updateBy\":\"admin\",\"visible\":\"0\"}', '{\"msg\":\"操作成功\",\"code\":200}', 0, NULL, '2025-11-12 15:15:54', 7);
INSERT INTO `sys_oper_log` VALUES (262, '菜单管理', 2, 'com.ruoyi.web.controller.system.SysMenuController.edit()', 'PUT', 1, 'admin', '研发部门', '/system/menu', '127.0.0.1', '内网IP', '{\"children\":[],\"component\":\"proj_cyq/loginlog/index\",\"createTime\":\"2025-11-06 20:17:18\",\"icon\":\"tab\",\"isCache\":\"0\",\"isFrame\":\"1\",\"menuId\":2021,\"menuName\":\"登录日志\",\"menuType\":\"C\",\"orderNum\":5,\"params\":{},\"parentId\":2014,\"path\":\"loginlog\",\"perms\":\"proj_cyq:loginlog:view\",\"routeName\":\"\",\"status\":\"0\",\"updateBy\":\"admin\",\"visible\":\"0\"}', '{\"msg\":\"操作成功\",\"code\":200}', 0, NULL, '2025-11-12 15:16:19', 6);
INSERT INTO `sys_oper_log` VALUES (263, '角色管理', 2, 'com.ruoyi.web.controller.system.SysRoleController.edit()', 'PUT', 1, 'admin', '研发部门', '/system/role', '127.0.0.1', '内网IP', '{\"admin\":false,\"createTime\":\"2025-11-12 01:28:13\",\"dataScope\":\"1\",\"delFlag\":\"0\",\"deptCheckStrictly\":true,\"flag\":false,\"menuCheckStrictly\":true,\"menuIds\":[2000,2004,2002,2005,2006,2007,2008,2009,2010,2011,2012,2013,2014,2015,2016,2017,2020,2021,100,1000,1001,1002,1003,1004,1005,1006,101,1007,1008,1009,1010,1011,1,102,1012,1013,1014,1015,103,1016,1017,1018,1019,104,1020,1021,1022,1023,1024,105,1025,1026,1027,1028,1029,106,1030,1031,1032,1033,1034,107,1035,1036,1037,1038,108,500,1039,1040,1041,501,1042,1043,1044,1045],\"params\":{},\"roleId\":100,\"roleKey\":\"teacher\",\"roleName\":\"teacher\",\"roleSort\":3,\"status\":\"0\",\"updateBy\":\"admin\"}', '{\"msg\":\"操作成功\",\"code\":200}', 0, NULL, '2025-11-12 15:18:16', 40);
INSERT INTO `sys_oper_log` VALUES (264, '角色管理', 2, 'com.ruoyi.web.controller.system.SysRoleController.edit()', 'PUT', 1, 'admin', '研发部门', '/system/role', '127.0.0.1', '内网IP', '{\"admin\":false,\"createTime\":\"2025-11-12 01:31:32\",\"dataScope\":\"1\",\"delFlag\":\"0\",\"deptCheckStrictly\":true,\"flag\":false,\"menuCheckStrictly\":true,\"menuIds\":[2000,2004,2014,2003,2018,2019,2006,2007,2008,2009,2010,2011,2012,2013,2015,2016,2017,2020,2021],\"params\":{},\"roleId\":101,\"roleKey\":\"student\",\"roleName\":\"student\",\"roleSort\":4,\"status\":\"0\",\"updateBy\":\"admin\"}', '{\"msg\":\"操作成功\",\"code\":200}', 0, NULL, '2025-11-12 15:18:28', 12);
INSERT INTO `sys_oper_log` VALUES (265, '菜单管理', 2, 'com.ruoyi.web.controller.system.SysMenuController.edit()', 'PUT', 1, 'admin', '研发部门', '/system/menu', '127.0.0.1', '内网IP', '{\"children\":[],\"component\":\"proj_cyq/operlog/index\",\"createTime\":\"2025-11-06 18:45:58\",\"icon\":\"log\",\"isCache\":\"0\",\"isFrame\":\"1\",\"menuId\":2020,\"menuName\":\"操作日志\",\"menuType\":\"C\",\"orderNum\":4,\"params\":{},\"parentId\":2014,\"path\":\"operlog\",\"perms\":\"proj_cyq:operlog:view\",\"routeName\":\"\",\"status\":\"0\",\"updateBy\":\"admin\",\"visible\":\"0\"}', '{\"msg\":\"操作成功\",\"code\":200}', 0, NULL, '2025-11-12 15:25:13', 12);
INSERT INTO `sys_oper_log` VALUES (266, '角色管理', 2, 'com.ruoyi.web.controller.system.SysRoleController.edit()', 'PUT', 1, 'admin', '研发部门', '/system/role', '127.0.0.1', '内网IP', '{\"admin\":false,\"createTime\":\"2025-11-12 01:28:13\",\"dataScope\":\"1\",\"delFlag\":\"0\",\"deptCheckStrictly\":true,\"flag\":false,\"menuCheckStrictly\":true,\"menuIds\":[2000,2004,2002,2005,2006,2007,2008,2009,2010,2011,2012,2013,2014,2015,2016,2017,2020,2021,100,1000,1001,1002,1003,1004,1005,1006,101,1007,1008,1009,1010,1011,1,102,1012,1013,1014,1015,103,1016,1017,1018,1019,104,1020,1021,1022,1023,1024,105,1025,1026,1027,1028,1029,106,1030,1031,1032,1033,1034,107,1035,1036,1037,1038,108,500,1039,1040,1041,501,1042,1043,1044,1045],\"params\":{},\"roleId\":100,\"roleKey\":\"teacher\",\"roleName\":\"teacher\",\"roleSort\":3,\"status\":\"0\",\"updateBy\":\"admin\"}', '{\"msg\":\"操作成功\",\"code\":200}', 0, NULL, '2025-11-12 15:25:45', 20);
INSERT INTO `sys_oper_log` VALUES (267, '批量标记消息已读', 2, 'com.ruoyi.web.controller.proj_cyq.MessageController.markAllAsRead()', 'PUT', 1, 'teacher_zhang', NULL, '/proj_cyq/message/read/all', '127.0.0.1', '内网IP', '', '{\"msg\":\"操作成功\",\"code\":200}', 0, NULL, '2025-11-12 15:28:46', 30);
INSERT INTO `sys_oper_log` VALUES (268, '待办事项', 1, 'com.ruoyi.web.controller.proj_cyq.TodoController.add()', 'POST', 1, 'teacher_zhang', NULL, '/proj_cyq/todo', '127.0.0.1', '内网IP', '{\"content\":\"AAA\",\"createBy\":\"teacher_zhang\",\"createTime\":\"2025-11-12 15:39:46\",\"endTime\":\"2025-11-29 00:00:00\",\"isReminded\":\"0\",\"messageRead\":\"0\",\"messageStatus\":\"0\",\"params\":{},\"priority\":\"2\",\"remindTime\":\"2025-11-28 00:00:00\",\"startTime\":\"2025-11-12 15:39:43\",\"status\":\"0\",\"title\":\"AA\",\"todoId\":22,\"todoType\":\"study\",\"userId\":100}', '{\"msg\":\"操作成功\",\"code\":200}', 0, NULL, '2025-11-12 15:39:46', 12);
INSERT INTO `sys_oper_log` VALUES (269, '菜单管理', 2, 'com.ruoyi.web.controller.system.SysMenuController.edit()', 'PUT', 1, 'admin', '研发部门', '/system/menu', '127.0.0.1', '内网IP', '{\"children\":[],\"component\":\"proj_cyq/operlog/index\",\"createTime\":\"2025-11-06 18:45:58\",\"icon\":\"log\",\"isCache\":\"0\",\"isFrame\":\"1\",\"menuId\":2020,\"menuName\":\"操作日志\",\"menuType\":\"C\",\"orderNum\":4,\"params\":{},\"parentId\":2014,\"path\":\"operlog\",\"perms\":\"proj_cyq:operlog:list\",\"routeName\":\"\",\"status\":\"0\",\"updateBy\":\"admin\",\"visible\":\"0\"}', '{\"msg\":\"操作成功\",\"code\":200}', 0, NULL, '2025-11-12 15:49:23', 10);
INSERT INTO `sys_oper_log` VALUES (270, '菜单管理', 2, 'com.ruoyi.web.controller.system.SysMenuController.edit()', 'PUT', 1, 'admin', '研发部门', '/system/menu', '127.0.0.1', '内网IP', '{\"children\":[],\"component\":\"proj_cyq/loginlog/index\",\"createTime\":\"2025-11-06 20:17:18\",\"icon\":\"tab\",\"isCache\":\"0\",\"isFrame\":\"1\",\"menuId\":2021,\"menuName\":\"登录日志\",\"menuType\":\"C\",\"orderNum\":5,\"params\":{},\"parentId\":2014,\"path\":\"loginlog\",\"perms\":\"proj_cyq:loginlog:list\",\"routeName\":\"\",\"status\":\"0\",\"updateBy\":\"admin\",\"visible\":\"0\"}', '{\"msg\":\"操作成功\",\"code\":200}', 0, NULL, '2025-11-12 15:49:42', 6);
INSERT INTO `sys_oper_log` VALUES (271, '待办事项', 1, 'com.ruoyi.web.controller.proj_cyq.TodoController.add()', 'POST', 1, 'student_li', NULL, '/proj_cyq/todo', '127.0.0.1', '内网IP', '{\"content\":\"1\",\"createBy\":\"student_li\",\"createTime\":\"2025-11-12 15:52:45\",\"endTime\":\"2025-11-29 00:00:00\",\"isReminded\":\"0\",\"messageRead\":\"0\",\"messageStatus\":\"0\",\"params\":{},\"priority\":\"1\",\"remindTime\":\"2025-11-28 00:00:00\",\"startTime\":\"2025-11-12 15:52:41\",\"status\":\"0\",\"title\":\"做什么\",\"todoId\":23,\"todoType\":\"study\",\"userId\":101}', '{\"msg\":\"操作成功\",\"code\":200}', 0, NULL, '2025-11-12 15:52:45', 6);
INSERT INTO `sys_oper_log` VALUES (272, '菜单管理', 2, 'com.ruoyi.web.controller.system.SysMenuController.edit()', 'PUT', 1, 'admin', '研发部门', '/system/menu', '127.0.0.1', '内网IP', '{\"children\":[],\"component\":\"\",\"createTime\":\"2025-11-06 18:45:58\",\"icon\":\"log\",\"isCache\":\"0\",\"isFrame\":\"1\",\"menuId\":2020,\"menuName\":\"操作日志\",\"menuType\":\"C\",\"orderNum\":4,\"params\":{},\"parentId\":2014,\"path\":\"operlog\",\"perms\":\"\",\"routeName\":\"\",\"status\":\"0\",\"updateBy\":\"admin\",\"visible\":\"0\"}', '{\"msg\":\"操作成功\",\"code\":200}', 0, NULL, '2025-11-12 16:43:22', 41);
INSERT INTO `sys_oper_log` VALUES (273, '菜单管理', 2, 'com.ruoyi.web.controller.system.SysMenuController.edit()', 'PUT', 1, 'admin', '研发部门', '/system/menu', '127.0.0.1', '内网IP', '{\"children\":[],\"component\":\"\",\"createTime\":\"2025-11-06 20:17:18\",\"icon\":\"tab\",\"isCache\":\"0\",\"isFrame\":\"1\",\"menuId\":2021,\"menuName\":\"登录日志\",\"menuType\":\"C\",\"orderNum\":5,\"params\":{},\"parentId\":2014,\"path\":\"loginlog\",\"perms\":\"\",\"routeName\":\"\",\"status\":\"0\",\"updateBy\":\"admin\",\"visible\":\"0\"}', '{\"msg\":\"操作成功\",\"code\":200}', 0, NULL, '2025-11-12 16:43:28', 6);
INSERT INTO `sys_oper_log` VALUES (274, '菜单管理', 1, 'com.ruoyi.web.controller.system.SysMenuController.add()', 'POST', 1, 'admin', '研发部门', '/system/menu', '127.0.0.1', '内网IP', '{\"children\":[],\"createBy\":\"admin\",\"isCache\":\"0\",\"isFrame\":\"1\",\"menuName\":\"论坛\",\"menuType\":\"C\",\"orderNum\":2,\"params\":{},\"parentId\":2011,\"path\":\"forum\",\"status\":\"0\",\"visible\":\"0\"}', '{\"msg\":\"操作成功\",\"code\":200}', 0, NULL, '2025-11-12 23:05:46', 9);
INSERT INTO `sys_oper_log` VALUES (275, '菜单管理', 2, 'com.ruoyi.web.controller.system.SysMenuController.edit()', 'PUT', 1, 'admin', '研发部门', '/system/menu', '127.0.0.1', '内网IP', '{\"children\":[],\"createTime\":\"2025-11-12 23:05:46\",\"icon\":\"message\",\"isCache\":\"0\",\"isFrame\":\"1\",\"menuId\":2022,\"menuName\":\"论坛\",\"menuType\":\"C\",\"orderNum\":2,\"params\":{},\"parentId\":2011,\"path\":\"forum\",\"perms\":\"\",\"routeName\":\"\",\"status\":\"0\",\"updateBy\":\"admin\",\"visible\":\"0\"}', '{\"msg\":\"操作成功\",\"code\":200}', 0, NULL, '2025-11-12 23:06:36', 9);
INSERT INTO `sys_oper_log` VALUES (276, '保存抽取记录', 1, 'com.ruoyi.web.controller.proj_myx.RandomPickController.savePick()', 'POST', 1, 'admin', '研发部门', '/proj_myx/random/pick/save', '127.0.0.1', '内网IP', '{\"pickTime\":\"2025-11-12 23:07:44.709\",\"sessionId\":1,\"studentId\":13,\"teacherId\":0}', '{\"msg\":\"操作成功\",\"code\":200}', 0, NULL, '2025-11-12 23:07:44', 8);
INSERT INTO `sys_oper_log` VALUES (277, '作业管理', 1, 'com.ruoyi.web.controller.proj_lwj.ClassHomeworkController.add()', 'POST', 1, 'admin', '研发部门', '/proj_lwj/homework', '127.0.0.1', '内网IP', '{\"attachments\":\"\",\"content\":\"ZZZZZZZZ\",\"courseId\":1,\"createBy\":\"admin\",\"deadline\":\"2025-11-12 23:08:10\",\"homeworkId\":17,\"params\":{},\"sessionId\":1,\"title\":\"啧啧啧啧啧啧啧啧啧\",\"totalScore\":100}', '{\"msg\":\"操作成功\",\"code\":200}', 0, NULL, '2025-11-12 23:08:12', 13);
INSERT INTO `sys_oper_log` VALUES (278, '文章管理', 3, 'com.ruoyi.web.controller.proj_qhy.BbsArticleController.remove()', 'DELETE', 1, 'admin', '研发部门', '/proj_qhy/article/8', '127.0.0.1', '内网IP', '[8]', '{\"msg\":\"操作成功\",\"code\":200}', 0, NULL, '2025-11-12 23:09:52', 11);
INSERT INTO `sys_oper_log` VALUES (279, '文章管理', 1, 'com.ruoyi.web.controller.proj_qhy.BbsArticleController.add()', 'POST', 1, 'admin', '研发部门', '/proj_qhy/article', '127.0.0.1', '内网IP', '{\"articleType\":\"技术\",\"author\":\"若依\",\"bookmarkCount\":0,\"commentCount\":0,\"content\":\"<p>111</p>\",\"cover\":\"/profile/upload/2025/11/12/一．文件和文件系统_20251112231007A001.png\",\"hateCount\":0,\"id\":9,\"likeCount\":0,\"params\":{},\"status\":\"editting\",\"title\":\"1\",\"viewCount\":0}', '{\"msg\":\"操作成功\",\"code\":200}', 0, NULL, '2025-11-12 23:10:11', 10);
INSERT INTO `sys_oper_log` VALUES (280, '菜单管理', 1, 'com.ruoyi.web.controller.system.SysMenuController.add()', 'POST', 1, 'admin', '研发部门', '/system/menu', '127.0.0.1', '内网IP', '{\"children\":[],\"createBy\":\"admin\",\"isCache\":\"0\",\"isFrame\":\"1\",\"menuName\":\"作业批改\",\"menuType\":\"C\",\"orderNum\":3,\"params\":{},\"parentId\":2000,\"path\":\"homework_grading\",\"status\":\"0\",\"visible\":\"0\"}', '{\"msg\":\"操作成功\",\"code\":200}', 0, NULL, '2025-11-13 01:49:16', 44);
INSERT INTO `sys_oper_log` VALUES (281, '菜单管理', 2, 'com.ruoyi.web.controller.system.SysMenuController.edit()', 'PUT', 1, 'admin', '研发部门', '/system/menu', '127.0.0.1', '内网IP', '{\"children\":[],\"createTime\":\"2025-11-13 01:49:16\",\"icon\":\"checkbox\",\"isCache\":\"0\",\"isFrame\":\"1\",\"menuId\":2023,\"menuName\":\"作业批改\",\"menuType\":\"C\",\"orderNum\":3,\"params\":{},\"parentId\":2000,\"path\":\"homework_grading\",\"perms\":\"\",\"routeName\":\"\",\"status\":\"0\",\"updateBy\":\"admin\",\"visible\":\"0\"}', '{\"msg\":\"操作成功\",\"code\":200}', 0, NULL, '2025-11-13 01:49:24', 29);
INSERT INTO `sys_oper_log` VALUES (282, '菜单管理', 1, 'com.ruoyi.web.controller.system.SysMenuController.add()', 'POST', 1, 'admin', '研发部门', '/system/menu', '127.0.0.1', '内网IP', '{\"children\":[],\"createBy\":\"admin\",\"isCache\":\"0\",\"isFrame\":\"1\",\"menuName\":\"提交列表\",\"menuType\":\"C\",\"orderNum\":4,\"params\":{},\"parentId\":2000,\"path\":\"homework_grading/list/:homeworkId\",\"status\":\"0\",\"visible\":\"1\"}', '{\"msg\":\"操作成功\",\"code\":200}', 0, NULL, '2025-11-13 01:49:47', 26);
INSERT INTO `sys_oper_log` VALUES (283, '作业管理', 3, 'com.ruoyi.web.controller.proj_lwj.ClassHomeworkController.remove()', 'DELETE', 1, 'admin', '研发部门', '/proj_lwj/homework/19', '127.0.0.1', '内网IP', '{\"cascade\":\"true\"}', '{\"msg\":\"操作成功\",\"code\":200}', 0, NULL, '2025-11-13 01:50:22', 27);
INSERT INTO `sys_oper_log` VALUES (284, '作业管理', 1, 'com.ruoyi.web.controller.proj_lwj.ClassHomeworkController.add()', 'POST', 1, 'admin', '研发部门', '/proj_lwj/homework', '127.0.0.1', '内网IP', '{\"attachments\":\"\",\"content\":\"qt\",\"courseId\":1,\"createBy\":\"admin\",\"deadline\":\"2025-11-14 00:00:00\",\"homeworkId\":22,\"params\":{},\"sessionId\":1,\"title\":\"QT\",\"totalScore\":100}', '{\"msg\":\"操作成功\",\"code\":200}', 0, NULL, '2025-11-13 01:50:34', 28);
INSERT INTO `sys_oper_log` VALUES (285, '作业提交', 1, 'com.ruoyi.web.controller.proj_lwj.ClassHomeworkController.submit()', 'POST', 1, 'admin', '研发部门', '/proj_lwj/homework/submit', '127.0.0.1', '内网IP', '{\"studentId\":\"38\",\"student_no\":\"2023141460368\",\"studentNo\":\"2023141460368\"}', '{\"msg\":\"操作成功\",\"code\":200}', 0, NULL, '2025-11-13 01:51:02', 33);
INSERT INTO `sys_oper_log` VALUES (286, '作业提交', 3, 'com.ruoyi.web.controller.proj_lwj.ClassHomeworkController.deleteSubmission()', 'DELETE', 1, 'admin', '研发部门', '/proj_lwj/homework/submission/11', '127.0.0.1', '内网IP', '11', '{\"msg\":\"操作成功\",\"code\":200}', 0, NULL, '2025-11-13 01:57:02', 34);
INSERT INTO `sys_oper_log` VALUES (287, '作业提交', 3, 'com.ruoyi.web.controller.proj_lwj.ClassHomeworkController.deleteSubmission()', 'DELETE', 1, 'admin', '研发部门', '/proj_lwj/homework/submission/10', '127.0.0.1', '内网IP', '10', '{\"msg\":\"操作成功\",\"code\":200}', 0, NULL, '2025-11-13 01:57:05', 17);
INSERT INTO `sys_oper_log` VALUES (288, '作业管理', 1, 'com.ruoyi.web.controller.proj_lwj.ClassHomeworkController.add()', 'POST', 1, 'admin', '研发部门', '/proj_lwj/homework', '127.0.0.1', '内网IP', '{\"attachments\":\"\",\"content\":\"1\",\"courseId\":1,\"createBy\":\"admin\",\"deadline\":\"2025-11-14 00:00:00\",\"homeworkId\":23,\"params\":{},\"sessionId\":1,\"title\":\"yyds\",\"totalScore\":100}', '{\"msg\":\"操作成功\",\"code\":200}', 0, NULL, '2025-11-13 01:57:43', 49);
INSERT INTO `sys_oper_log` VALUES (289, '作业提交', 1, 'com.ruoyi.web.controller.proj_lwj.ClassHomeworkController.submit()', 'POST', 1, 'admin', '研发部门', '/proj_lwj/homework/submit', '127.0.0.1', '内网IP', '{\"studentId\":\"38\",\"student_no\":\"2023141460368\",\"studentNo\":\"2023141460368\"}', '{\"msg\":\"操作成功\",\"code\":200}', 0, NULL, '2025-11-13 01:58:06', 632);
INSERT INTO `sys_oper_log` VALUES (290, '作业管理', 1, 'com.ruoyi.web.controller.proj_lwj.ClassHomeworkController.add()', 'POST', 1, 'admin', '研发部门', '/proj_lwj/homework', '127.0.0.1', '内网IP', '{\"attachments\":\"/profile/upload/2025/11/13/改革开放史论文撰写模板_20251113020107A002.doc\",\"content\":\"开题报告\",\"courseId\":1,\"createBy\":\"admin\",\"deadline\":\"2025-11-14 00:00:00\",\"homeworkId\":24,\"params\":{},\"sessionId\":1,\"title\":\"人工智能\",\"totalScore\":100}', '{\"msg\":\"操作成功\",\"code\":200}', 0, NULL, '2025-11-13 02:01:09', 47);
INSERT INTO `sys_oper_log` VALUES (291, '作业提交', 1, 'com.ruoyi.web.controller.proj_lwj.ClassHomeworkController.submit()', 'POST', 1, 'admin', '研发部门', '/proj_lwj/homework/submit', '127.0.0.1', '内网IP', '{\"studentId\":\"38\",\"student_no\":\"2023141460368\",\"studentNo\":\"2023141460368\"}', '{\"msg\":\"操作成功\",\"code\":200}', 0, NULL, '2025-11-13 02:01:37', 42);
INSERT INTO `sys_oper_log` VALUES (292, '作业提交', 2, 'com.ruoyi.web.controller.proj_lwj.ClassHomeworkController.updateSubmit()', 'PUT', 1, 'admin', '研发部门', '/proj_lwj/homework/submit', '127.0.0.1', '内网IP', '{\"homeworkId\":24,\"params\":{},\"remark\":\"\",\"score\":95,\"status\":2,\"studentHomeworkId\":18,\"studentId\":38,\"submitTime\":\"2025-11-13 02:02:12\",\"updateBy\":\"admin\"}', '{\"msg\":\"操作成功\",\"code\":200}', 0, NULL, '2025-11-13 02:02:12', 57);
INSERT INTO `sys_oper_log` VALUES (293, '作业管理', 1, 'com.ruoyi.web.controller.proj_lwj.ClassHomeworkController.add()', 'POST', 1, 'admin', '研发部门', '/proj_lwj/homework', '127.0.0.1', '内网IP', '{\"attachments\":\"\",\"content\":\"下\",\"courseId\":1,\"createBy\":\"admin\",\"deadline\":\"2025-11-14 00:00:00\",\"homeworkId\":25,\"params\":{},\"sessionId\":1,\"title\":\"数据库\",\"totalScore\":100}', '{\"msg\":\"操作成功\",\"code\":200}', 0, NULL, '2025-11-13 02:17:30', 49);
INSERT INTO `sys_oper_log` VALUES (294, '作业提交', 1, 'com.ruoyi.web.controller.proj_lwj.ClassHomeworkController.submit()', 'POST', 1, 'admin', '研发部门', '/proj_lwj/homework/submit', '127.0.0.1', '内网IP', '{\"studentId\":\"38\",\"student_no\":\"2023141460368\",\"studentNo\":\"2023141460368\"}', '{\"msg\":\"操作成功\",\"code\":200}', 0, NULL, '2025-11-13 02:17:54', 58);
INSERT INTO `sys_oper_log` VALUES (295, '作业提交', 2, 'com.ruoyi.web.controller.proj_lwj.ClassHomeworkController.updateSubmit()', 'PUT', 1, 'admin', '研发部门', '/proj_lwj/homework/submit', '127.0.0.1', '内网IP', '{\"homeworkId\":25,\"params\":{},\"remark\":\"\",\"studentHomeworkId\":19,\"studentId\":38,\"studentName\":\"黎文靖\",\"studentNo\":\"2023141460368\",\"submissionFiles\":\"实验报告模板.docx\",\"submitTime\":\"2025-11-13 02:18:19\",\"updateBy\":\"admin\"}', '{\"msg\":\"操作成功\",\"code\":200}', 0, NULL, '2025-11-13 02:18:19', 71);
INSERT INTO `sys_oper_log` VALUES (296, '作业提交', 2, 'com.ruoyi.web.controller.proj_lwj.ClassHomeworkController.updateSubmit()', 'PUT', 1, 'admin', '研发部门', '/proj_lwj/homework/submit', '127.0.0.1', '内网IP', '{\"homeworkId\":25,\"params\":{},\"remark\":\"\",\"score\":100,\"status\":2,\"studentHomeworkId\":19,\"studentId\":38,\"submitTime\":\"2025-11-13 02:18:37\",\"updateBy\":\"admin\"}', '{\"msg\":\"操作成功\",\"code\":200}', 0, NULL, '2025-11-13 02:18:37', 36);
INSERT INTO `sys_oper_log` VALUES (297, '作业提交', 2, 'com.ruoyi.web.controller.proj_lwj.ClassHomeworkController.updateSubmit()', 'PUT', 1, 'admin', '研发部门', '/proj_lwj/homework/submit', '127.0.0.1', '内网IP', '{\"homeworkId\":25,\"params\":{},\"remark\":\"非常好\",\"score\":100,\"status\":2,\"studentHomeworkId\":19,\"studentId\":38}', '{\"msg\":\"该提交已被教师批改，无法修改\",\"code\":500}', 0, NULL, '2025-11-13 02:18:48', 17);
INSERT INTO `sys_oper_log` VALUES (298, '作业提交', 2, 'com.ruoyi.web.controller.proj_lwj.ClassHomeworkController.updateSubmit()', 'PUT', 1, 'admin', '研发部门', '/proj_lwj/homework/submit', '127.0.0.1', '内网IP', '{\"homeworkId\":25,\"params\":{},\"remark\":\"非常好\",\"score\":100,\"status\":2,\"studentHomeworkId\":19,\"studentId\":38}', '{\"msg\":\"该提交已被教师批改，无法修改\",\"code\":500}', 0, NULL, '2025-11-13 02:18:51', 16);
INSERT INTO `sys_oper_log` VALUES (299, '作业提交', 2, 'com.ruoyi.web.controller.proj_lwj.ClassHomeworkController.updateSubmit()', 'PUT', 1, 'admin', '研发部门', '/proj_lwj/homework/submit', '127.0.0.1', '内网IP', '{\"homeworkId\":25,\"params\":{},\"remark\":\"非常好\",\"score\":100,\"status\":2,\"studentHomeworkId\":19,\"studentId\":38}', '{\"msg\":\"该提交已被教师批改，无法修改\",\"code\":500}', 0, NULL, '2025-11-13 02:18:52', 16);
INSERT INTO `sys_oper_log` VALUES (300, '作业提交', 2, 'com.ruoyi.web.controller.proj_lwj.ClassHomeworkController.updateSubmit()', 'PUT', 1, 'admin', '研发部门', '/proj_lwj/homework/submit', '127.0.0.1', '内网IP', '{\"homeworkId\":25,\"params\":{},\"remark\":\"\",\"score\":100,\"status\":2,\"studentHomeworkId\":19,\"studentId\":38}', '{\"msg\":\"该提交已被教师批改，无法修改\",\"code\":500}', 0, NULL, '2025-11-13 02:18:59', 15);
INSERT INTO `sys_oper_log` VALUES (301, '作业批改', 2, 'com.ruoyi.web.controller.proj_lwj.ClassHomeworkController.gradeSubmission()', 'PUT', 1, 'admin', '研发部门', '/proj_lwj/homework/grade', '127.0.0.1', '内网IP', '{\"correctedBy\":1,\"correctedTime\":\"2025-11-13 02:24:59\",\"homeworkId\":23,\"isGraded\":1,\"params\":{},\"remark\":\"可以\",\"score\":95,\"status\":2,\"studentHomeworkId\":17,\"studentId\":38,\"updateBy\":\"admin\"}', NULL, 1, '\r\n### Error updating database.  Cause: java.sql.SQLSyntaxErrorException: Unknown column \'rubric_scores\' in \'field list\'\r\n### The error may exist in com/ruoyi/proj_lwj/mapper/ClassStudentHomeworkMapper.java (best guess)\r\n### The error may involve com.ruoyi.proj_lwj.mapper.ClassStudentHomeworkMapper.updateGrade-Inline\r\n### The error occurred while setting parameters\r\n### SQL: UPDATE class_student_homework SET grade=?, grade_comment=?, is_graded=?, corrected_by=?, corrected_time=?, grade_attachment=?, rubric_scores=?, word_count=?, update_by=?, update_time=NOW() WHERE id=?\r\n### Cause: java.sql.SQLSyntaxErrorException: Unknown column \'rubric_scores\' in \'field list\'\n; bad SQL grammar []; nested exception is java.sql.SQLSyntaxErrorException: Unknown column \'rubric_scores\' in \'field list\'', '2025-11-13 02:25:00', 218);
INSERT INTO `sys_oper_log` VALUES (302, '作业批改', 2, 'com.ruoyi.web.controller.proj_lwj.ClassHomeworkController.gradeSubmission()', 'PUT', 1, 'admin', '研发部门', '/proj_lwj/homework/grade', '127.0.0.1', '内网IP', '{\"correctedBy\":1,\"correctedTime\":\"2025-11-13 02:25:02\",\"homeworkId\":23,\"isGraded\":1,\"params\":{},\"remark\":\"可以\",\"score\":95,\"status\":2,\"studentHomeworkId\":17,\"studentId\":38,\"updateBy\":\"admin\"}', NULL, 1, '\r\n### Error updating database.  Cause: java.sql.SQLSyntaxErrorException: Unknown column \'rubric_scores\' in \'field list\'\r\n### The error may exist in com/ruoyi/proj_lwj/mapper/ClassStudentHomeworkMapper.java (best guess)\r\n### The error may involve com.ruoyi.proj_lwj.mapper.ClassStudentHomeworkMapper.updateGrade-Inline\r\n### The error occurred while setting parameters\r\n### SQL: UPDATE class_student_homework SET grade=?, grade_comment=?, is_graded=?, corrected_by=?, corrected_time=?, grade_attachment=?, rubric_scores=?, word_count=?, update_by=?, update_time=NOW() WHERE id=?\r\n### Cause: java.sql.SQLSyntaxErrorException: Unknown column \'rubric_scores\' in \'field list\'\n; bad SQL grammar []; nested exception is java.sql.SQLSyntaxErrorException: Unknown column \'rubric_scores\' in \'field list\'', '2025-11-13 02:25:02', 19);
INSERT INTO `sys_oper_log` VALUES (303, '作业批改', 2, 'com.ruoyi.web.controller.proj_lwj.ClassHomeworkController.gradeSubmission()', 'PUT', 1, 'admin', '研发部门', '/proj_lwj/homework/grade', '127.0.0.1', '内网IP', '{\"correctedBy\":1,\"correctedTime\":\"2025-11-13 02:28:52\",\"homeworkId\":23,\"isGraded\":1,\"params\":{},\"remark\":\"q\",\"score\":90,\"status\":2,\"studentHomeworkId\":17,\"studentId\":38,\"updateBy\":\"admin\"}', '{\"msg\":\"操作成功\",\"code\":200}', 0, NULL, '2025-11-13 02:28:53', 80);
INSERT INTO `sys_oper_log` VALUES (304, '作业管理', 1, 'com.ruoyi.web.controller.proj_lwj.ClassHomeworkController.add()', 'POST', 1, 'admin', '研发部门', '/proj_lwj/homework', '127.0.0.1', '内网IP', '{\"attachments\":\"\",\"content\":\"22\",\"courseId\":1,\"createBy\":\"admin\",\"deadline\":\"2025-11-14 00:00:00\",\"homeworkId\":26,\"params\":{},\"sessionId\":1,\"title\":\"面板\",\"totalScore\":100}', '{\"msg\":\"操作成功\",\"code\":200}', 0, NULL, '2025-11-13 02:29:41', 46);
INSERT INTO `sys_oper_log` VALUES (305, '作业提交', 1, 'com.ruoyi.web.controller.proj_lwj.ClassHomeworkController.submit()', 'POST', 1, 'admin', '研发部门', '/proj_lwj/homework/submit', '127.0.0.1', '内网IP', '{\"studentId\":\"38\",\"student_no\":\"2023141460368\",\"studentNo\":\"2023141460368\"}', '{\"msg\":\"操作成功\",\"code\":200}', 0, NULL, '2025-11-13 02:29:56', 63);
INSERT INTO `sys_oper_log` VALUES (306, '作业批改', 2, 'com.ruoyi.web.controller.proj_lwj.ClassHomeworkController.gradeSubmission()', 'PUT', 1, 'admin', '研发部门', '/proj_lwj/homework/grade', '127.0.0.1', '内网IP', '{\"correctedBy\":1,\"correctedTime\":\"2025-11-13 02:30:58\",\"homeworkId\":26,\"isGraded\":1,\"params\":{},\"remark\":\"\",\"score\":90,\"status\":2,\"studentHomeworkId\":20,\"studentId\":38,\"updateBy\":\"admin\"}', '{\"msg\":\"操作成功\",\"code\":200}', 0, NULL, '2025-11-13 02:30:58', 26);
INSERT INTO `sys_oper_log` VALUES (307, '作业批改', 2, 'com.ruoyi.web.controller.proj_lwj.ClassHomeworkController.gradeSubmission()', 'PUT', 1, 'admin', '研发部门', '/proj_lwj/homework/grade', '127.0.0.1', '内网IP', '{\"correctedBy\":1,\"correctedTime\":\"2025-11-13 02:31:06\",\"homeworkId\":26,\"isGraded\":1,\"params\":{},\"remark\":\"\",\"score\":99,\"status\":2,\"studentHomeworkId\":20,\"studentId\":38,\"updateBy\":\"admin\"}', '{\"msg\":\"操作成功\",\"code\":200}', 0, NULL, '2025-11-13 02:31:06', 23);
INSERT INTO `sys_oper_log` VALUES (308, '作业管理', 3, 'com.ruoyi.web.controller.proj_lwj.ClassHomeworkController.remove()', 'DELETE', 1, 'admin', '研发部门', '/proj_lwj/homework/1', '127.0.0.1', '内网IP', '{\"cascade\":\"true\"}', '{\"msg\":\"操作成功\",\"code\":200}', 0, NULL, '2025-11-13 16:48:32', 35);
INSERT INTO `sys_oper_log` VALUES (309, '作业管理', 3, 'com.ruoyi.web.controller.proj_lwj.ClassHomeworkController.remove()', 'DELETE', 1, 'admin', '研发部门', '/proj_lwj/homework/2', '127.0.0.1', '内网IP', '{\"cascade\":\"true\"}', '{\"msg\":\"操作成功\",\"code\":200}', 0, NULL, '2025-11-13 16:48:36', 20);
INSERT INTO `sys_oper_log` VALUES (310, '作业管理', 3, 'com.ruoyi.web.controller.proj_lwj.ClassHomeworkController.remove()', 'DELETE', 1, 'admin', '研发部门', '/proj_lwj/homework/3', '127.0.0.1', '内网IP', '{\"cascade\":\"true\"}', '{\"msg\":\"操作成功\",\"code\":200}', 0, NULL, '2025-11-13 16:48:39', 28);
INSERT INTO `sys_oper_log` VALUES (311, '作业管理', 3, 'com.ruoyi.web.controller.proj_lwj.ClassHomeworkController.remove()', 'DELETE', 1, 'admin', '研发部门', '/proj_lwj/homework/5', '127.0.0.1', '内网IP', '{\"cascade\":\"true\"}', '{\"msg\":\"操作成功\",\"code\":200}', 0, NULL, '2025-11-13 16:48:55', 26);
INSERT INTO `sys_oper_log` VALUES (312, '作业管理', 3, 'com.ruoyi.web.controller.proj_lwj.ClassHomeworkController.remove()', 'DELETE', 1, 'admin', '研发部门', '/proj_lwj/homework/6', '127.0.0.1', '内网IP', '{\"cascade\":\"true\"}', '{\"msg\":\"操作成功\",\"code\":200}', 0, NULL, '2025-11-13 16:48:59', 26);
INSERT INTO `sys_oper_log` VALUES (313, '作业管理', 3, 'com.ruoyi.web.controller.proj_lwj.ClassHomeworkController.remove()', 'DELETE', 1, 'admin', '研发部门', '/proj_lwj/homework/13', '127.0.0.1', '内网IP', '{\"cascade\":\"true\"}', '{\"msg\":\"操作成功\",\"code\":200}', 0, NULL, '2025-11-13 16:49:04', 29);
INSERT INTO `sys_oper_log` VALUES (314, '作业管理', 3, 'com.ruoyi.web.controller.proj_lwj.ClassHomeworkController.remove()', 'DELETE', 1, 'admin', '研发部门', '/proj_lwj/homework/7', '127.0.0.1', '内网IP', '{\"cascade\":\"true\"}', '{\"msg\":\"操作成功\",\"code\":200}', 0, NULL, '2025-11-13 16:49:09', 26);
INSERT INTO `sys_oper_log` VALUES (315, '作业管理', 1, 'com.ruoyi.web.controller.proj_lwj.ClassHomeworkController.add()', 'POST', 1, 'admin', '研发部门', '/proj_lwj/homework', '127.0.0.1', '内网IP', '{\"attachments\":\"\",\"content\":\"GPS\",\"courseId\":1,\"createBy\":\"admin\",\"deadline\":\"2025-11-13 16:51:00\",\"homeworkId\":27,\"params\":{},\"sessionId\":1,\"title\":\"小程序\",\"totalScore\":100}', '{\"msg\":\"操作成功\",\"code\":200}', 0, NULL, '2025-11-13 16:50:12', 35);
INSERT INTO `sys_oper_log` VALUES (316, '作业提交', 1, 'com.ruoyi.web.controller.proj_lwj.ClassHomeworkController.submit()', 'POST', 1, 'admin', '研发部门', '/proj_lwj/homework/submit', '127.0.0.1', '内网IP', '{\"studentId\":\"38\",\"student_no\":\"2023141460368\",\"studentNo\":\"2023141460368\"}', '{\"msg\":\"操作成功\",\"code\":200}', 0, NULL, '2025-11-13 17:00:08', 31);
INSERT INTO `sys_oper_log` VALUES (317, '作业提交', 2, 'com.ruoyi.web.controller.proj_lwj.ClassHomeworkController.updateSubmit()', 'PUT', 1, 'admin', '研发部门', '/proj_lwj/homework/submit', '127.0.0.1', '内网IP', '{\"homeworkId\":27,\"params\":{},\"remark\":\"\",\"studentHomeworkId\":21,\"studentId\":38,\"studentName\":\"黎文靖\",\"studentNo\":\"2023141460368\",\"submissionFiles\":\"测试作业.docx\",\"submitTime\":\"2025-11-13 17:00:28\",\"updateBy\":\"admin\"}', '{\"msg\":\"操作成功\",\"code\":200}', 0, NULL, '2025-11-13 17:00:28', 49);
INSERT INTO `sys_oper_log` VALUES (318, '作业管理', 1, 'com.ruoyi.web.controller.proj_lwj.ClassHomeworkController.add()', 'POST', 1, 'admin', '研发部门', '/proj_lwj/homework', '127.0.0.1', '内网IP', '{\"attachments\":\"\",\"content\":\"111\",\"courseId\":1,\"createBy\":\"admin\",\"deadline\":\"2025-11-13 17:16:40\",\"homeworkId\":28,\"params\":{},\"sessionId\":1,\"title\":\"小程序puls\",\"totalScore\":100}', '{\"msg\":\"操作成功\",\"code\":200}', 0, NULL, '2025-11-13 17:16:42', 19);
INSERT INTO `sys_oper_log` VALUES (319, '作业管理', 1, 'com.ruoyi.web.controller.proj_lwj.ClassHomeworkController.add()', 'POST', 1, 'admin', '研发部门', '/proj_lwj/homework', '127.0.0.1', '内网IP', '{\"attachments\":\"\",\"content\":\"11\",\"courseId\":1,\"createBy\":\"admin\",\"deadline\":\"2025-11-13 17:20:58\",\"homeworkId\":29,\"params\":{},\"sessionId\":1,\"title\":\"puls\",\"totalScore\":100}', '{\"msg\":\"操作成功\",\"code\":200}', 0, NULL, '2025-11-13 17:21:01', 301);
INSERT INTO `sys_oper_log` VALUES (320, '作业提交', 1, 'com.ruoyi.web.controller.proj_lwj.ClassHomeworkController.submit()', 'POST', 1, 'admin', '研发部门', '/proj_lwj/homework/submit', '127.0.0.1', '内网IP', '{\"studentId\":\"38\",\"student_no\":\"2023141460368\",\"studentNo\":\"2023141460368\"}', '{\"msg\":\"操作成功\",\"code\":200}', 0, NULL, '2025-11-13 17:21:29', 94);
INSERT INTO `sys_oper_log` VALUES (321, '作业批改', 2, 'com.ruoyi.web.controller.proj_lwj.ClassHomeworkController.gradeSubmission()', 'PUT', 1, 'admin', '研发部门', '/proj_lwj/homework/grade', '127.0.0.1', '内网IP', '{\"correctedBy\":1,\"correctedTime\":\"2025-11-13 17:22:54\",\"homeworkId\":29,\"isGraded\":1,\"params\":{},\"remark\":\"非常好\",\"score\":90,\"status\":2,\"studentHomeworkId\":22,\"studentId\":38,\"updateBy\":\"admin\"}', NULL, 1, '\r\n### Error updating database.  Cause: java.sql.SQLSyntaxErrorException: Unknown column \'rubric_scores\' in \'field list\'\r\n### The error may exist in com/ruoyi/proj_lwj/mapper/ClassStudentHomeworkMapper.java (best guess)\r\n### The error may involve com.ruoyi.proj_lwj.mapper.ClassStudentHomeworkMapper.updateGrade-Inline\r\n### The error occurred while setting parameters\r\n### SQL: UPDATE class_student_homework SET grade=?, grade_comment=?, is_graded=?, corrected_by=?, corrected_time=?, grade_attachment=?, rubric_scores=?, word_count=?, update_by=?, update_time=NOW() WHERE id=?\r\n### Cause: java.sql.SQLSyntaxErrorException: Unknown column \'rubric_scores\' in \'field list\'\n; bad SQL grammar []; nested exception is java.sql.SQLSyntaxErrorException: Unknown column \'rubric_scores\' in \'field list\'', '2025-11-13 17:22:55', 219);
INSERT INTO `sys_oper_log` VALUES (322, '作业批改', 2, 'com.ruoyi.web.controller.proj_lwj.ClassHomeworkController.gradeSubmission()', 'PUT', 1, 'admin', '研发部门', '/proj_lwj/homework/grade', '127.0.0.1', '内网IP', '{\"correctedBy\":1,\"correctedTime\":\"2025-11-13 17:22:57\",\"homeworkId\":29,\"isGraded\":1,\"params\":{},\"remark\":\"非常好\",\"score\":90,\"status\":2,\"studentHomeworkId\":22,\"studentId\":38,\"updateBy\":\"admin\"}', NULL, 1, '\r\n### Error updating database.  Cause: java.sql.SQLSyntaxErrorException: Unknown column \'rubric_scores\' in \'field list\'\r\n### The error may exist in com/ruoyi/proj_lwj/mapper/ClassStudentHomeworkMapper.java (best guess)\r\n### The error may involve com.ruoyi.proj_lwj.mapper.ClassStudentHomeworkMapper.updateGrade-Inline\r\n### The error occurred while setting parameters\r\n### SQL: UPDATE class_student_homework SET grade=?, grade_comment=?, is_graded=?, corrected_by=?, corrected_time=?, grade_attachment=?, rubric_scores=?, word_count=?, update_by=?, update_time=NOW() WHERE id=?\r\n### Cause: java.sql.SQLSyntaxErrorException: Unknown column \'rubric_scores\' in \'field list\'\n; bad SQL grammar []; nested exception is java.sql.SQLSyntaxErrorException: Unknown column \'rubric_scores\' in \'field list\'', '2025-11-13 17:22:57', 20);
INSERT INTO `sys_oper_log` VALUES (323, '作业批改', 2, 'com.ruoyi.web.controller.proj_lwj.ClassHomeworkController.gradeSubmission()', 'PUT', 1, 'admin', '研发部门', '/proj_lwj/homework/grade', '127.0.0.1', '内网IP', '{\"correctedBy\":1,\"correctedTime\":\"2025-11-13 17:28:55\",\"homeworkId\":29,\"isGraded\":1,\"params\":{},\"remark\":\"非常好\",\"score\":90,\"status\":2,\"studentHomeworkId\":22,\"studentId\":38,\"updateBy\":\"admin\"}', NULL, 1, '\r\n### Error updating database.  Cause: java.sql.SQLSyntaxErrorException: Unknown column \'rubric_scores\' in \'field list\'\r\n### The error may exist in com/ruoyi/proj_lwj/mapper/ClassStudentHomeworkMapper.java (best guess)\r\n### The error may involve com.ruoyi.proj_lwj.mapper.ClassStudentHomeworkMapper.updateGrade-Inline\r\n### The error occurred while setting parameters\r\n### SQL: UPDATE class_student_homework SET grade=?, grade_comment=?, is_graded=?, corrected_by=?, corrected_time=?, grade_attachment=?, rubric_scores=?, word_count=?, update_by=?, update_time=NOW() WHERE id=?\r\n### Cause: java.sql.SQLSyntaxErrorException: Unknown column \'rubric_scores\' in \'field list\'\n; bad SQL grammar []; nested exception is java.sql.SQLSyntaxErrorException: Unknown column \'rubric_scores\' in \'field list\'', '2025-11-13 17:28:55', 54);
INSERT INTO `sys_oper_log` VALUES (324, '作业批改', 2, 'com.ruoyi.web.controller.proj_lwj.ClassHomeworkController.gradeSubmission()', 'PUT', 1, 'admin', '研发部门', '/proj_lwj/homework/grade', '127.0.0.1', '内网IP', '{\"correctedBy\":1,\"correctedTime\":\"2025-11-13 17:28:56\",\"homeworkId\":29,\"isGraded\":1,\"params\":{},\"remark\":\"非常好\",\"score\":90,\"status\":2,\"studentHomeworkId\":22,\"studentId\":38,\"updateBy\":\"admin\"}', NULL, 1, '\r\n### Error updating database.  Cause: java.sql.SQLSyntaxErrorException: Unknown column \'rubric_scores\' in \'field list\'\r\n### The error may exist in com/ruoyi/proj_lwj/mapper/ClassStudentHomeworkMapper.java (best guess)\r\n### The error may involve com.ruoyi.proj_lwj.mapper.ClassStudentHomeworkMapper.updateGrade-Inline\r\n### The error occurred while setting parameters\r\n### SQL: UPDATE class_student_homework SET grade=?, grade_comment=?, is_graded=?, corrected_by=?, corrected_time=?, grade_attachment=?, rubric_scores=?, word_count=?, update_by=?, update_time=NOW() WHERE id=?\r\n### Cause: java.sql.SQLSyntaxErrorException: Unknown column \'rubric_scores\' in \'field list\'\n; bad SQL grammar []; nested exception is java.sql.SQLSyntaxErrorException: Unknown column \'rubric_scores\' in \'field list\'', '2025-11-13 17:28:56', 22);
INSERT INTO `sys_oper_log` VALUES (325, '作业批改', 2, 'com.ruoyi.web.controller.proj_lwj.ClassHomeworkController.gradeSubmission()', 'PUT', 1, 'admin', '研发部门', '/proj_lwj/homework/grade', '127.0.0.1', '内网IP', '{\"correctedBy\":1,\"correctedTime\":\"2025-11-13 17:32:51\",\"homeworkId\":29,\"isGraded\":1,\"params\":{},\"remark\":\"非常认真\",\"score\":90,\"status\":2,\"studentHomeworkId\":22,\"studentId\":38,\"updateBy\":\"admin\"}', NULL, 1, '\r\n### Error updating database.  Cause: java.sql.SQLSyntaxErrorException: Unknown column \'rubric_scores\' in \'field list\'\r\n### The error may exist in com/ruoyi/proj_lwj/mapper/ClassStudentHomeworkMapper.java (best guess)\r\n### The error may involve com.ruoyi.proj_lwj.mapper.ClassStudentHomeworkMapper.updateGrade-Inline\r\n### The error occurred while setting parameters\r\n### SQL: UPDATE class_student_homework SET grade=?, grade_comment=?, is_graded=?, corrected_by=?, corrected_time=?, grade_attachment=?, rubric_scores=?, word_count=?, update_by=?, update_time=NOW() WHERE id=?\r\n### Cause: java.sql.SQLSyntaxErrorException: Unknown column \'rubric_scores\' in \'field list\'\n; bad SQL grammar []; nested exception is java.sql.SQLSyntaxErrorException: Unknown column \'rubric_scores\' in \'field list\'', '2025-11-13 17:32:51', 272);
INSERT INTO `sys_oper_log` VALUES (326, '作业批改', 2, 'com.ruoyi.web.controller.proj_lwj.ClassHomeworkController.gradeSubmission()', 'PUT', 1, 'admin', '研发部门', '/proj_lwj/homework/grade', '127.0.0.1', '内网IP', '{\"correctedBy\":1,\"correctedTime\":\"2025-11-13 17:37:20\",\"homeworkId\":29,\"isGraded\":1,\"params\":{},\"remark\":\"非常认真\",\"score\":90,\"status\":2,\"studentHomeworkId\":22,\"studentId\":38,\"updateBy\":\"admin\"}', NULL, 1, '\r\n### Error updating database.  Cause: java.sql.SQLSyntaxErrorException: Unknown column \'rubric_scores\' in \'field list\'\r\n### The error may exist in com/ruoyi/proj_lwj/mapper/ClassStudentHomeworkMapper.java (best guess)\r\n### The error may involve com.ruoyi.proj_lwj.mapper.ClassStudentHomeworkMapper.updateGrade-Inline\r\n### The error occurred while setting parameters\r\n### SQL: UPDATE class_student_homework SET grade=?, grade_comment=?, is_graded=?, corrected_by=?, corrected_time=?, grade_attachment=?, rubric_scores=?, word_count=?, update_by=?, update_time=NOW() WHERE id=?\r\n### Cause: java.sql.SQLSyntaxErrorException: Unknown column \'rubric_scores\' in \'field list\'\n; bad SQL grammar []; nested exception is java.sql.SQLSyntaxErrorException: Unknown column \'rubric_scores\' in \'field list\'', '2025-11-13 17:37:20', 147);
INSERT INTO `sys_oper_log` VALUES (327, '作业批改', 2, 'com.ruoyi.web.controller.proj_lwj.ClassHomeworkController.gradeSubmission()', 'PUT', 1, 'admin', '研发部门', '/proj_lwj/homework/grade', '127.0.0.1', '内网IP', '{\"correctedBy\":1,\"correctedTime\":\"2025-11-13 17:37:21\",\"homeworkId\":29,\"isGraded\":1,\"params\":{},\"remark\":\"非常认真\",\"score\":90,\"status\":2,\"studentHomeworkId\":22,\"studentId\":38,\"updateBy\":\"admin\"}', NULL, 1, '\r\n### Error updating database.  Cause: java.sql.SQLSyntaxErrorException: Unknown column \'rubric_scores\' in \'field list\'\r\n### The error may exist in com/ruoyi/proj_lwj/mapper/ClassStudentHomeworkMapper.java (best guess)\r\n### The error may involve com.ruoyi.proj_lwj.mapper.ClassStudentHomeworkMapper.updateGrade-Inline\r\n### The error occurred while setting parameters\r\n### SQL: UPDATE class_student_homework SET grade=?, grade_comment=?, is_graded=?, corrected_by=?, corrected_time=?, grade_attachment=?, rubric_scores=?, word_count=?, update_by=?, update_time=NOW() WHERE id=?\r\n### Cause: java.sql.SQLSyntaxErrorException: Unknown column \'rubric_scores\' in \'field list\'\n; bad SQL grammar []; nested exception is java.sql.SQLSyntaxErrorException: Unknown column \'rubric_scores\' in \'field list\'', '2025-11-13 17:37:21', 45);
INSERT INTO `sys_oper_log` VALUES (328, '作业批改', 2, 'com.ruoyi.web.controller.proj_lwj.ClassHomeworkController.gradeSubmission()', 'PUT', 1, 'admin', '研发部门', '/proj_lwj/homework/grade', '127.0.0.1', '内网IP', '{\"correctedBy\":1,\"correctedTime\":\"2025-11-13 17:38:10\",\"homeworkId\":29,\"isGraded\":1,\"params\":{},\"remark\":\"非常好\",\"score\":90,\"status\":2,\"studentHomeworkId\":22,\"studentId\":38,\"updateBy\":\"admin\"}', '{\"msg\":\"操作成功\",\"code\":200}', 0, NULL, '2025-11-13 17:38:10', 63);
INSERT INTO `sys_oper_log` VALUES (329, '作业批改', 2, 'com.ruoyi.web.controller.proj_lwj.ClassHomeworkController.gradeSubmission()', 'PUT', 1, 'admin', '研发部门', '/proj_lwj/homework/grade', '127.0.0.1', '内网IP', '{\"correctedBy\":1,\"correctedTime\":\"2025-11-13 17:38:15\",\"homeworkId\":29,\"isGraded\":1,\"params\":{},\"remark\":\"非常好1\",\"score\":90,\"status\":2,\"studentHomeworkId\":22,\"studentId\":38,\"updateBy\":\"admin\"}', '{\"msg\":\"操作成功\",\"code\":200}', 0, NULL, '2025-11-13 17:38:15', 28);
INSERT INTO `sys_oper_log` VALUES (330, '作业管理', 3, 'com.ruoyi.web.controller.proj_lwj.ClassHomeworkController.remove()', 'DELETE', 1, 'admin', '研发部门', '/proj_lwj/homework/29', '127.0.0.1', '内网IP', '{\"cascade\":\"true\"}', '{\"msg\":\"操作成功\",\"code\":200}', 0, NULL, '2025-11-13 17:50:28', 46);
INSERT INTO `sys_oper_log` VALUES (331, '作业管理', 1, 'com.ruoyi.web.controller.proj_lwj.ClassHomeworkController.add()', 'POST', 1, 'admin', '研发部门', '/proj_lwj/homework', '127.0.0.1', '内网IP', '{\"attachments\":\"\",\"content\":\"2222\",\"courseId\":1,\"createBy\":\"admin\",\"deadline\":\"2025-11-14 00:00:00\",\"homeworkId\":30,\"params\":{},\"sessionId\":1,\"title\":\"222\",\"totalScore\":100}', '{\"msg\":\"操作成功\",\"code\":200}', 0, NULL, '2025-11-13 17:51:51', 45);
INSERT INTO `sys_oper_log` VALUES (332, '作业提交', 1, 'com.ruoyi.web.controller.proj_lwj.ClassHomeworkController.submit()', 'POST', 1, 'admin', '研发部门', '/proj_lwj/homework/submit', '127.0.0.1', '内网IP', '{\"studentId\":\"38\",\"student_no\":\"2023141460368\",\"studentNo\":\"2023141460368\"}', '{\"msg\":\"操作成功\",\"code\":200}', 0, NULL, '2025-11-13 17:52:12', 43);
INSERT INTO `sys_oper_log` VALUES (333, '作业提交', 2, 'com.ruoyi.web.controller.proj_lwj.ClassHomeworkController.updateSubmit()', 'PUT', 1, 'admin', '研发部门', '/proj_lwj/homework/submit', '127.0.0.1', '内网IP', '{\"homeworkId\":30,\"params\":{},\"remark\":\"\",\"studentHomeworkId\":23,\"studentId\":38,\"studentName\":\"黎文靖\",\"studentNo\":\"2023141460368\",\"submissionFiles\":\"改革开放史论文撰写模板.doc\",\"submitTime\":\"2025-11-13 17:52:23\",\"updateBy\":\"admin\"}', '{\"msg\":\"操作成功\",\"code\":200}', 0, NULL, '2025-11-13 17:52:23', 53);
INSERT INTO `sys_oper_log` VALUES (334, '作业批改', 2, 'com.ruoyi.web.controller.proj_lwj.ClassHomeworkController.gradeSubmission()', 'PUT', 1, 'admin', '研发部门', '/proj_lwj/homework/grade', '127.0.0.1', '内网IP', '{\"correctedBy\":1,\"correctedTime\":\"2025-11-13 17:52:51\",\"homeworkId\":30,\"isGraded\":1,\"params\":{},\"remark\":\"1\",\"score\":90,\"status\":2,\"studentHomeworkId\":23,\"studentId\":38,\"updateBy\":\"admin\"}', '{\"msg\":\"操作成功\",\"code\":200}', 0, NULL, '2025-11-13 17:52:51', 34);
INSERT INTO `sys_oper_log` VALUES (335, '作业批改', 2, 'com.ruoyi.web.controller.proj_lwj.ClassHomeworkController.gradeSubmission()', 'PUT', 1, 'admin', '研发部门', '/proj_lwj/homework/grade', '127.0.0.1', '内网IP', '{\"correctedBy\":1,\"correctedTime\":\"2025-11-13 17:52:56\",\"homeworkId\":30,\"isGraded\":1,\"params\":{},\"remark\":\"12\",\"score\":90,\"status\":2,\"studentHomeworkId\":23,\"studentId\":38,\"updateBy\":\"admin\"}', '{\"msg\":\"操作成功\",\"code\":200}', 0, NULL, '2025-11-13 17:52:56', 25);
INSERT INTO `sys_oper_log` VALUES (336, '作业提交', 3, 'com.ruoyi.web.controller.proj_lwj.ClassHomeworkController.deleteSubmission()', 'DELETE', 1, 'admin', '研发部门', '/proj_lwj/homework/submission/12', '127.0.0.1', '内网IP', '12', '{\"msg\":\"操作成功\",\"code\":200}', 0, NULL, '2025-11-13 17:53:10', 20);
INSERT INTO `sys_oper_log` VALUES (337, '作业管理', 3, 'com.ruoyi.web.controller.proj_lwj.ClassHomeworkController.remove()', 'DELETE', 1, 'admin', '研发部门', '/proj_lwj/homework/30', '127.0.0.1', '内网IP', '{\"cascade\":\"true\"}', '{\"msg\":\"操作成功\",\"code\":200}', 0, NULL, '2025-11-13 17:53:59', 27);
INSERT INTO `sys_oper_log` VALUES (338, '待办事项', 1, 'com.ruoyi.web.controller.proj_cyq.TodoController.add()', 'POST', 1, 'teacher_zhang', NULL, '/proj_cyq/todo', '127.0.0.1', '内网IP', '{\"content\":\"1\",\"createBy\":\"teacher_zhang\",\"createTime\":\"2025-11-14 10:11:57\",\"endTime\":\"2025-11-29 00:00:00\",\"isReminded\":\"0\",\"messageRead\":\"0\",\"messageStatus\":\"0\",\"params\":{},\"priority\":\"0\",\"remindTime\":\"2025-11-28 00:00:00\",\"startTime\":\"2025-11-14 10:11:54\",\"status\":\"0\",\"title\":\"？\",\"todoId\":24,\"todoType\":\"other\",\"userId\":100}', '{\"msg\":\"操作成功\",\"code\":200}', 0, NULL, '2025-11-14 10:11:57', 28);
INSERT INTO `sys_oper_log` VALUES (339, '角色管理', 2, 'com.ruoyi.web.controller.system.SysRoleController.edit()', 'PUT', 1, 'admin', '研发部门', '/system/role', '127.0.0.1', '内网IP', '{\"admin\":false,\"createTime\":\"2025-11-12 01:28:13\",\"dataScope\":\"1\",\"delFlag\":\"0\",\"deptCheckStrictly\":true,\"flag\":false,\"menuCheckStrictly\":true,\"menuIds\":[2000,2004,2002,2005,2006,2007,2008,2009,2010,2011,2012,2013,2022,2014,2015,2016,2017,2020,2021,100,1000,1001,1002,1003,1004,1005,1006,101,1007,1008,1009,1010,1011,1,102,1012,1013,1014,1015,103,1016,1017,1018,1019,104,1020,1021,1022,1023,1024,105,1025,1026,1027,1028,1029,106,1030,1031,1032,1033,1034,107,1035,1036,1037,1038,108,500,1039,1040,1041,501,1042,1043,1044,1045],\"params\":{},\"roleId\":100,\"roleKey\":\"teacher\",\"roleName\":\"teacher\",\"roleSort\":3,\"status\":\"0\",\"updateBy\":\"admin\"}', '{\"msg\":\"操作成功\",\"code\":200}', 0, NULL, '2025-11-14 10:14:38', 40);
INSERT INTO `sys_oper_log` VALUES (340, '角色管理', 2, 'com.ruoyi.web.controller.system.SysRoleController.edit()', 'PUT', 1, 'admin', '研发部门', '/system/role', '127.0.0.1', '内网IP', '{\"admin\":false,\"createTime\":\"2025-11-12 01:31:32\",\"dataScope\":\"1\",\"delFlag\":\"0\",\"deptCheckStrictly\":true,\"flag\":false,\"menuCheckStrictly\":true,\"menuIds\":[2000,2004,2014,2003,2018,2019,2006,2007,2008,2009,2010,2011,2012,2013,2022,2015,2016,2017,2020,2021],\"params\":{},\"roleId\":101,\"roleKey\":\"student\",\"roleName\":\"student\",\"roleSort\":4,\"status\":\"0\",\"updateBy\":\"admin\"}', '{\"msg\":\"操作成功\",\"code\":200}', 0, NULL, '2025-11-14 10:15:01', 24);
INSERT INTO `sys_oper_log` VALUES (341, '角色管理', 2, 'com.ruoyi.web.controller.system.SysRoleController.edit()', 'PUT', 1, 'admin', '研发部门', '/system/role', '127.0.0.1', '内网IP', '{\"admin\":false,\"createTime\":\"2025-10-30 17:06:55\",\"dataScope\":\"2\",\"delFlag\":\"0\",\"deptCheckStrictly\":true,\"flag\":false,\"menuCheckStrictly\":true,\"menuIds\":[2000,2002,2003,2023,2024,2004,2005,2018,2019,2006,2007,2008,2009,2010,2011,2012,2013,2022,2014,2015,2016,2017,2020,2021,100,1000,1001,1002,1003,1004,1005,1006,101,1007,1008,1009,1010,1011,1,102,1012,1013,1014,1015,103,1016,1017,1018,1019,104,1020,1021,1022,1023,1024,105,1025,1026,1027,1028,1029,106,1030,1031,1032,1033,1034,107,1035,1036,1037,1038,108,500,1039,1040,1041,501,1042,1043,1044,1045,2,109,1046,1047,1048,110,1049,1050,1051,1052,1053,1054,111,112,113,114,3,115,116,1055,1056,1057,1058,1059,1060,117,4],\"params\":{},\"remark\":\"普通角色\",\"roleId\":2,\"roleKey\":\"common\",\"roleName\":\"普通角色\",\"roleSort\":2,\"status\":\"0\",\"updateBy\":\"admin\"}', '{\"msg\":\"操作成功\",\"code\":200}', 0, NULL, '2025-11-14 10:15:21', 40);
INSERT INTO `sys_oper_log` VALUES (342, '待办事项', 1, 'com.ruoyi.web.controller.proj_cyq.TodoController.add()', 'POST', 1, 'ry', '测试部门', '/proj_cyq/todo', '127.0.0.1', '内网IP', '{\"content\":\"1\",\"createBy\":\"ry\",\"createTime\":\"2025-11-14 10:32:44\",\"endTime\":\"2025-11-14 00:00:00\",\"isReminded\":\"0\",\"messageRead\":\"0\",\"messageStatus\":\"0\",\"params\":{},\"priority\":\"0\",\"remindTime\":\"2025-11-13 00:00:00\",\"startTime\":\"2025-11-27 00:00:00\",\"status\":\"0\",\"title\":\"1\",\"todoId\":25,\"todoType\":\"work\",\"userId\":2}', '{\"msg\":\"操作成功\",\"code\":200}', 0, NULL, '2025-11-14 10:32:45', 19);
INSERT INTO `sys_oper_log` VALUES (343, '菜单管理', 2, 'com.ruoyi.web.controller.system.SysMenuController.edit()', 'PUT', 1, 'admin', '研发部门', '/system/menu', '127.0.0.1', '内网IP', '{\"children\":[],\"createTime\":\"2025-11-02 15:26:22\",\"icon\":\"documentation\",\"isCache\":\"0\",\"isFrame\":\"1\",\"menuId\":2012,\"menuName\":\"文章管理\",\"menuType\":\"C\",\"orderNum\":0,\"params\":{},\"parentId\":2011,\"path\":\"article\",\"perms\":\"proj_qhy:article:view\",\"routeName\":\"\",\"status\":\"0\",\"updateBy\":\"admin\",\"visible\":\"0\"}', '{\"msg\":\"操作成功\",\"code\":200}', 0, NULL, '2025-11-14 10:35:00', 44);
INSERT INTO `sys_oper_log` VALUES (344, '角色管理', 2, 'com.ruoyi.web.controller.system.SysRoleController.edit()', 'PUT', 1, 'admin', '研发部门', '/system/role', '127.0.0.1', '内网IP', '{\"admin\":false,\"createTime\":\"2025-11-12 01:28:13\",\"dataScope\":\"1\",\"delFlag\":\"0\",\"deptCheckStrictly\":true,\"flag\":false,\"menuCheckStrictly\":true,\"menuIds\":[2000,2004,2002,2005,2006,2007,2008,2009,2010,2011,2012,2013,2022,2014,2015,2016,2017,2020,2021,100,1000,1001,1002,1003,1004,1005,1006,101,1007,1008,1009,1010,1011,1,102,1012,1013,1014,1015,103,1016,1017,1018,1019,104,1020,1021,1022,1023,1024,105,1025,1026,1027,1028,1029,106,1030,1031,1032,1033,1034,107,1035,1036,1037,1038,108,500,1039,1040,1041,501,1042,1043,1044,1045],\"params\":{},\"roleId\":100,\"roleKey\":\"teacher\",\"roleName\":\"teacher\",\"roleSort\":3,\"status\":\"0\",\"updateBy\":\"admin\"}', '{\"msg\":\"操作成功\",\"code\":200}', 0, NULL, '2025-11-14 10:36:15', 40);
INSERT INTO `sys_oper_log` VALUES (345, '角色管理', 2, 'com.ruoyi.web.controller.system.SysRoleController.edit()', 'PUT', 1, 'admin', '研发部门', '/system/role', '127.0.0.1', '内网IP', '{\"admin\":false,\"createTime\":\"2025-11-12 01:28:13\",\"dataScope\":\"1\",\"delFlag\":\"0\",\"deptCheckStrictly\":true,\"flag\":false,\"menuCheckStrictly\":true,\"menuIds\":[2000,2004,2002,2005,2006,2007,2008,2009,2010,2011,2012,2013,2022,2014,2015,2016,2017,2020,2021,100,1000,1001,1002,1003,1004,1005,1006,101,1007,1008,1009,1010,1011,1,102,1012,1013,1014,1015,103,1016,1017,1018,1019,104,1020,1021,1022,1023,1024,105,1025,1026,1027,1028,1029,106,1030,1031,1032,1033,1034,107,1035,1036,1037,1038,108,500,1039,1040,1041,501,1042,1043,1044,1045],\"params\":{},\"roleId\":100,\"roleKey\":\"teacher\",\"roleName\":\"teacher\",\"roleSort\":3,\"status\":\"0\",\"updateBy\":\"admin\"}', '{\"msg\":\"操作成功\",\"code\":200}', 0, NULL, '2025-11-14 10:43:01', 23);
INSERT INTO `sys_oper_log` VALUES (346, '菜单管理', 2, 'com.ruoyi.web.controller.system.SysMenuController.edit()', 'PUT', 1, 'admin', '研发部门', '/system/menu', '127.0.0.1', '内网IP', '{\"children\":[],\"createTime\":\"2025-11-02 15:26:22\",\"icon\":\"documentation\",\"isCache\":\"0\",\"isFrame\":\"1\",\"menuId\":2012,\"menuName\":\"文章管理\",\"menuType\":\"C\",\"orderNum\":0,\"params\":{},\"parentId\":2011,\"path\":\"article\",\"perms\":\"proj_qhy:article:list\",\"routeName\":\"\",\"status\":\"0\",\"updateBy\":\"admin\",\"visible\":\"0\"}', '{\"msg\":\"操作成功\",\"code\":200}', 0, NULL, '2025-11-14 10:43:18', 9);
INSERT INTO `sys_oper_log` VALUES (347, '菜单管理', 1, 'com.ruoyi.web.controller.system.SysMenuController.add()', 'POST', 1, 'admin', '研发部门', '/system/menu', '127.0.0.1', '内网IP', '{\"children\":[],\"createBy\":\"admin\",\"icon\":\"message\",\"isCache\":\"0\",\"isFrame\":\"1\",\"menuName\":\"通告管理\",\"menuType\":\"C\",\"orderNum\":8,\"params\":{},\"parentId\":2014,\"path\":\"notice\",\"perms\":\"proj_cyq:notice:view\",\"status\":\"0\",\"visible\":\"0\"}', '{\"msg\":\"操作成功\",\"code\":200}', 0, NULL, '2025-11-14 10:54:26', 39);
INSERT INTO `sys_oper_log` VALUES (348, '课堂公告', 1, 'com.ruoyi.web.controller.proj_cyq.ClassNoticeController.add()', 'POST', 1, 'admin', '研发部门', '/proj_cyq/notice', '127.0.0.1', '内网IP', '{\"content\":\"<p>AA</p>\",\"createBy\":\"admin\",\"noticeId\":3,\"params\":{},\"title\":\"1\"}', '{\"msg\":\"操作成功\",\"code\":200}', 0, NULL, '2025-11-14 10:55:33', 67);
INSERT INTO `sys_oper_log` VALUES (349, '角色管理', 2, 'com.ruoyi.web.controller.system.SysRoleController.edit()', 'PUT', 1, 'admin', '研发部门', '/system/role', '127.0.0.1', '内网IP', '{\"admin\":false,\"createTime\":\"2025-11-12 01:28:13\",\"dataScope\":\"1\",\"delFlag\":\"0\",\"deptCheckStrictly\":true,\"flag\":false,\"menuCheckStrictly\":true,\"menuIds\":[2000,2004,2002,2005,2006,2007,2008,2009,2010,2011,2012,2013,2022,2014,2015,2016,2017,2020,2021,100,1000,1001,1002,1003,1004,1005,1006,101,1007,1008,1009,1010,1011,2025,1,102,1012,1013,1014,1015,103,1016,1017,1018,1019,104,1020,1021,1022,1023,1024,105,1025,1026,1027,1028,1029,106,1030,1031,1032,1033,1034,107,1035,1036,1037,1038,108,500,1039,1040,1041,501,1042,1043,1044,1045],\"params\":{},\"roleId\":100,\"roleKey\":\"teacher\",\"roleName\":\"teacher\",\"roleSort\":3,\"status\":\"0\",\"updateBy\":\"admin\"}', '{\"msg\":\"操作成功\",\"code\":200}', 0, NULL, '2025-11-14 10:55:50', 45);
INSERT INTO `sys_oper_log` VALUES (350, '角色管理', 2, 'com.ruoyi.web.controller.system.SysRoleController.edit()', 'PUT', 1, 'admin', '研发部门', '/system/role', '127.0.0.1', '内网IP', '{\"admin\":false,\"createTime\":\"2025-11-12 01:31:32\",\"dataScope\":\"1\",\"delFlag\":\"0\",\"deptCheckStrictly\":true,\"flag\":false,\"menuCheckStrictly\":true,\"menuIds\":[2000,2004,2014,2003,2018,2019,2006,2007,2008,2009,2010,2011,2012,2013,2022,2015,2016,2017,2020,2021,2025],\"params\":{},\"roleId\":101,\"roleKey\":\"student\",\"roleName\":\"student\",\"roleSort\":4,\"status\":\"0\",\"updateBy\":\"admin\"}', '{\"msg\":\"操作成功\",\"code\":200}', 0, NULL, '2025-11-14 10:55:59', 42);
INSERT INTO `sys_oper_log` VALUES (351, '角色管理', 2, 'com.ruoyi.web.controller.system.SysRoleController.edit()', 'PUT', 1, 'admin', '研发部门', '/system/role', '127.0.0.1', '内网IP', '{\"admin\":false,\"createTime\":\"2025-10-30 17:06:55\",\"dataScope\":\"2\",\"delFlag\":\"0\",\"deptCheckStrictly\":true,\"flag\":false,\"menuCheckStrictly\":true,\"menuIds\":[2000,2002,2003,2023,2024,2004,2005,2018,2019,2006,2007,2008,2009,2010,2011,2012,2013,2022,2014,2015,2016,2017,2020,2021,100,1000,1001,1002,1003,1004,1005,1006,101,1007,1008,1009,1010,1011,2025,1,102,1012,1013,1014,1015,103,1016,1017,1018,1019,104,1020,1021,1022,1023,1024,105,1025,1026,1027,1028,1029,106,1030,1031,1032,1033,1034,107,1035,1036,1037,1038,108,500,1039,1040,1041,501,1042,1043,1044,1045,2,109,1046,1047,1048,110,1049,1050,1051,1052,1053,1054,111,112,113,114,3,115,116,1055,1056,1057,1058,1059,1060,117,4],\"params\":{},\"remark\":\"普通角色\",\"roleId\":2,\"roleKey\":\"common\",\"roleName\":\"普通角色\",\"roleSort\":2,\"status\":\"0\",\"updateBy\":\"admin\"}', '{\"msg\":\"操作成功\",\"code\":200}', 0, NULL, '2025-11-14 10:56:10', 44);
INSERT INTO `sys_oper_log` VALUES (352, '菜单管理', 2, 'com.ruoyi.web.controller.system.SysMenuController.edit()', 'PUT', 1, 'admin', '研发部门', '/system/menu', '127.0.0.1', '内网IP', '{\"children\":[],\"createTime\":\"2025-11-14 10:54:26\",\"icon\":\"message\",\"isCache\":\"0\",\"isFrame\":\"1\",\"menuId\":2025,\"menuName\":\"公告查询\",\"menuType\":\"F\",\"orderNum\":1,\"params\":{},\"parentId\":2025,\"path\":\"notice\",\"perms\":\"proj_cyq:notice:list\",\"routeName\":\"\",\"status\":\"0\",\"visible\":\"0\"}', '{\"msg\":\"修改菜单\'公告查询\'失败，上级菜单不能选择自己\",\"code\":500}', 0, NULL, '2025-11-14 10:58:36', 6);
INSERT INTO `sys_oper_log` VALUES (353, '菜单管理', 1, 'com.ruoyi.web.controller.system.SysMenuController.add()', 'POST', 1, 'admin', '研发部门', '/system/menu', '127.0.0.1', '内网IP', '{\"children\":[],\"createBy\":\"admin\",\"isCache\":\"0\",\"isFrame\":\"1\",\"menuName\":\"公告查询\",\"menuType\":\"F\",\"orderNum\":1,\"params\":{},\"parentId\":2025,\"perms\":\"proj_cyq:notice:list\",\"status\":\"0\",\"visible\":\"0\"}', '{\"msg\":\"操作成功\",\"code\":200}', 0, NULL, '2025-11-14 10:59:16', 33);
INSERT INTO `sys_oper_log` VALUES (354, '菜单管理', 1, 'com.ruoyi.web.controller.system.SysMenuController.add()', 'POST', 1, 'admin', '研发部门', '/system/menu', '127.0.0.1', '内网IP', '{\"children\":[],\"createBy\":\"admin\",\"isCache\":\"0\",\"isFrame\":\"1\",\"menuName\":\"公告新增\",\"menuType\":\"F\",\"orderNum\":2,\"params\":{},\"parentId\":2025,\"perms\":\"proj_cyq:notice:add\",\"status\":\"0\",\"visible\":\"0\"}', '{\"msg\":\"操作成功\",\"code\":200}', 0, NULL, '2025-11-14 10:59:43', 35);
INSERT INTO `sys_oper_log` VALUES (355, '菜单管理', 1, 'com.ruoyi.web.controller.system.SysMenuController.add()', 'POST', 1, 'admin', '研发部门', '/system/menu', '127.0.0.1', '内网IP', '{\"children\":[],\"createBy\":\"admin\",\"isCache\":\"0\",\"isFrame\":\"1\",\"menuName\":\"公告修改\",\"menuType\":\"F\",\"orderNum\":3,\"params\":{},\"parentId\":2025,\"perms\":\"proj_cyq:notice:edit\",\"status\":\"0\",\"visible\":\"0\"}', '{\"msg\":\"操作成功\",\"code\":200}', 0, NULL, '2025-11-14 11:00:05', 6);
INSERT INTO `sys_oper_log` VALUES (356, '菜单管理', 1, 'com.ruoyi.web.controller.system.SysMenuController.add()', 'POST', 1, 'admin', '研发部门', '/system/menu', '127.0.0.1', '内网IP', '{\"children\":[],\"createBy\":\"admin\",\"isCache\":\"0\",\"isFrame\":\"1\",\"menuName\":\"公告删除\",\"menuType\":\"F\",\"orderNum\":4,\"params\":{},\"parentId\":2025,\"perms\":\"proj_cyq:notice:remove\",\"status\":\"0\",\"visible\":\"0\"}', '{\"msg\":\"操作成功\",\"code\":200}', 0, NULL, '2025-11-14 11:00:29', 22);
INSERT INTO `sys_oper_log` VALUES (357, '菜单管理', 1, 'com.ruoyi.web.controller.system.SysMenuController.add()', 'POST', 1, 'admin', '研发部门', '/system/menu', '127.0.0.1', '内网IP', '{\"children\":[],\"createBy\":\"admin\",\"isCache\":\"0\",\"isFrame\":\"1\",\"menuName\":\"公告导出\",\"menuType\":\"F\",\"orderNum\":5,\"params\":{},\"parentId\":2025,\"perms\":\"proj_cyq:notice:export\",\"status\":\"0\",\"visible\":\"0\"}', '{\"msg\":\"操作成功\",\"code\":200}', 0, NULL, '2025-11-14 11:00:49', 8);
INSERT INTO `sys_oper_log` VALUES (358, '菜单管理', 1, 'com.ruoyi.web.controller.system.SysMenuController.add()', 'POST', 1, 'admin', '研发部门', '/system/menu', '127.0.0.1', '内网IP', '{\"children\":[],\"createBy\":\"admin\",\"isCache\":\"0\",\"isFrame\":\"1\",\"menuName\":\"公告详情\",\"menuType\":\"F\",\"orderNum\":6,\"params\":{},\"parentId\":2025,\"perms\":\"proj_cyq:notice:query\",\"status\":\"0\",\"visible\":\"0\"}', '{\"msg\":\"操作成功\",\"code\":200}', 0, NULL, '2025-11-14 11:02:19', 36);
INSERT INTO `sys_oper_log` VALUES (359, '角色管理', 2, 'com.ruoyi.web.controller.system.SysRoleController.edit()', 'PUT', 1, 'admin', '研发部门', '/system/role', '127.0.0.1', '内网IP', '{\"admin\":false,\"createTime\":\"2025-11-12 01:28:13\",\"dataScope\":\"1\",\"delFlag\":\"0\",\"deptCheckStrictly\":true,\"flag\":false,\"menuCheckStrictly\":true,\"menuIds\":[2000,2004,2014,2025,2002,2005,2006,2007,2008,2009,2010,2011,2012,2013,2022,2015,2016,2017,2020,2021,100,1000,1001,1002,1003,1004,1005,1006,101,1007,1008,1009,1010,1011,2026,2031,1,102,1012,1013,1014,1015,103,1016,1017,1018,1019,104,1020,1021,1022,1023,1024,105,1025,1026,1027,1028,1029,106,1030,1031,1032,1033,1034,107,1035,1036,1037,1038,108,500,1039,1040,1041,501,1042,1043,1044,1045],\"params\":{},\"roleId\":100,\"roleKey\":\"teacher\",\"roleName\":\"teacher\",\"roleSort\":3,\"status\":\"0\",\"updateBy\":\"admin\"}', '{\"msg\":\"操作成功\",\"code\":200}', 0, NULL, '2025-11-14 11:03:09', 41);
INSERT INTO `sys_oper_log` VALUES (360, '角色管理', 2, 'com.ruoyi.web.controller.system.SysRoleController.edit()', 'PUT', 1, 'admin', '研发部门', '/system/role', '127.0.0.1', '内网IP', '{\"admin\":false,\"createTime\":\"2025-11-12 01:31:32\",\"dataScope\":\"1\",\"delFlag\":\"0\",\"deptCheckStrictly\":true,\"flag\":false,\"menuCheckStrictly\":true,\"menuIds\":[2000,2004,2014,2025,2003,2018,2019,2006,2007,2008,2009,2010,2011,2012,2013,2022,2015,2016,2017,2020,2021,2026,2031],\"params\":{},\"roleId\":101,\"roleKey\":\"student\",\"roleName\":\"student\",\"roleSort\":4,\"status\":\"0\",\"updateBy\":\"admin\"}', '{\"msg\":\"操作成功\",\"code\":200}', 0, NULL, '2025-11-14 11:03:24', 30);
INSERT INTO `sys_oper_log` VALUES (361, '角色管理', 2, 'com.ruoyi.web.controller.system.SysRoleController.edit()', 'PUT', 1, 'admin', '研发部门', '/system/role', '127.0.0.1', '内网IP', '{\"admin\":false,\"createTime\":\"2025-10-30 17:06:55\",\"dataScope\":\"2\",\"delFlag\":\"0\",\"deptCheckStrictly\":true,\"flag\":false,\"menuCheckStrictly\":true,\"menuIds\":[2000,2002,2003,2023,2024,2004,2005,2018,2019,2006,2007,2008,2009,2010,2011,2012,2013,2022,2014,2015,2016,2017,2020,2021,100,1000,1001,1002,1003,1004,1005,1006,101,1007,1008,1009,1010,1011,2025,2026,2027,2028,2029,2030,2031,1,102,1012,1013,1014,1015,103,1016,1017,1018,1019,104,1020,1021,1022,1023,1024,105,1025,1026,1027,1028,1029,106,1030,1031,1032,1033,1034,107,1035,1036,1037,1038,108,500,1039,1040,1041,501,1042,1043,1044,1045,2,109,1046,1047,1048,110,1049,1050,1051,1052,1053,1054,111,112,113,114,3,115,116,1055,1056,1057,1058,1059,1060,117,4],\"params\":{},\"remark\":\"普通角色\",\"roleId\":2,\"roleKey\":\"common\",\"roleName\":\"普通角色\",\"roleSort\":2,\"status\":\"0\",\"updateBy\":\"admin\"}', '{\"msg\":\"操作成功\",\"code\":200}', 0, NULL, '2025-11-14 11:03:31', 21);
INSERT INTO `sys_oper_log` VALUES (362, '课堂公告', 5, 'com.ruoyi.web.controller.proj_cyq.ClassNoticeController.export()', 'GET', 1, 'admin', '研发部门', '/proj_cyq/notice/export', '127.0.0.1', '内网IP', '{}', NULL, 0, NULL, '2025-11-14 11:04:40', 170);
INSERT INTO `sys_oper_log` VALUES (363, '菜单管理', 1, 'com.ruoyi.web.controller.system.SysMenuController.add()', 'POST', 1, 'admin', '研发部门', '/system/menu', '127.0.0.1', '内网IP', '{\"children\":[],\"createBy\":\"admin\",\"isCache\":\"0\",\"isFrame\":\"1\",\"menuName\":\"文章查询\",\"menuType\":\"F\",\"orderNum\":1,\"params\":{},\"parentId\":2012,\"perms\":\"proj_qhy:article:list\",\"status\":\"0\",\"visible\":\"0\"}', '{\"msg\":\"操作成功\",\"code\":200}', 0, NULL, '2025-11-14 11:08:59', 40);
INSERT INTO `sys_oper_log` VALUES (364, '菜单管理', 1, 'com.ruoyi.web.controller.system.SysMenuController.add()', 'POST', 1, 'admin', '研发部门', '/system/menu', '127.0.0.1', '内网IP', '{\"children\":[],\"createBy\":\"admin\",\"isCache\":\"0\",\"isFrame\":\"1\",\"menuName\":\"文章新增\",\"menuType\":\"F\",\"orderNum\":2,\"params\":{},\"parentId\":2012,\"perms\":\"proj_qhy:article:add\",\"status\":\"0\",\"visible\":\"0\"}', '{\"msg\":\"操作成功\",\"code\":200}', 0, NULL, '2025-11-14 11:09:28', 35);
INSERT INTO `sys_oper_log` VALUES (365, '菜单管理', 1, 'com.ruoyi.web.controller.system.SysMenuController.add()', 'POST', 1, 'admin', '研发部门', '/system/menu', '127.0.0.1', '内网IP', '{\"children\":[],\"createBy\":\"admin\",\"isCache\":\"0\",\"isFrame\":\"1\",\"menuName\":\"文章修改\",\"menuType\":\"F\",\"orderNum\":3,\"params\":{},\"parentId\":2012,\"perms\":\"proj_qhy:article:edit\",\"status\":\"0\",\"visible\":\"0\"}', '{\"msg\":\"操作成功\",\"code\":200}', 0, NULL, '2025-11-14 11:09:46', 11);
INSERT INTO `sys_oper_log` VALUES (366, '菜单管理', 1, 'com.ruoyi.web.controller.system.SysMenuController.add()', 'POST', 1, 'admin', '研发部门', '/system/menu', '127.0.0.1', '内网IP', '{\"children\":[],\"createBy\":\"admin\",\"isCache\":\"0\",\"isFrame\":\"1\",\"menuName\":\"文章删除\",\"menuType\":\"F\",\"orderNum\":4,\"params\":{},\"parentId\":2012,\"perms\":\"proj_qhy:article:remove\",\"status\":\"0\",\"visible\":\"0\"}', '{\"msg\":\"操作成功\",\"code\":200}', 0, NULL, '2025-11-14 11:10:05', 32);
INSERT INTO `sys_oper_log` VALUES (367, '菜单管理', 1, 'com.ruoyi.web.controller.system.SysMenuController.add()', 'POST', 1, 'admin', '研发部门', '/system/menu', '127.0.0.1', '内网IP', '{\"children\":[],\"createBy\":\"admin\",\"isCache\":\"0\",\"isFrame\":\"1\",\"menuName\":\"文章导出\",\"menuType\":\"F\",\"orderNum\":5,\"params\":{},\"parentId\":2012,\"perms\":\"proj_qhy:article:export\",\"status\":\"0\",\"visible\":\"0\"}', '{\"msg\":\"操作成功\",\"code\":200}', 0, NULL, '2025-11-14 11:10:24', 9);
INSERT INTO `sys_oper_log` VALUES (368, '菜单管理', 1, 'com.ruoyi.web.controller.system.SysMenuController.add()', 'POST', 1, 'admin', '研发部门', '/system/menu', '127.0.0.1', '内网IP', '{\"children\":[],\"createBy\":\"admin\",\"isCache\":\"0\",\"isFrame\":\"1\",\"menuName\":\"文章详情\",\"menuType\":\"F\",\"orderNum\":6,\"params\":{},\"parentId\":2012,\"perms\":\"proj_qhy:article:query\",\"status\":\"0\",\"visible\":\"0\"}', '{\"msg\":\"操作成功\",\"code\":200}', 0, NULL, '2025-11-14 11:10:44', 38);
INSERT INTO `sys_oper_log` VALUES (369, '角色管理', 2, 'com.ruoyi.web.controller.system.SysRoleController.edit()', 'PUT', 1, 'admin', '研发部门', '/system/role', '127.0.0.1', '内网IP', '{\"admin\":false,\"createTime\":\"2025-10-30 17:06:55\",\"dataScope\":\"2\",\"delFlag\":\"0\",\"deptCheckStrictly\":true,\"flag\":false,\"menuCheckStrictly\":true,\"menuIds\":[2000,2002,2003,2023,2024,2004,2005,2018,2019,2006,2007,2008,2009,2010,2011,2012,2032,2033,2034,2035,2036,2037,2013,2022,2014,2015,2016,2017,2020,2021,100,1000,1001,1002,1003,1004,1005,1006,101,1007,1008,1009,1010,1011,2025,2026,2027,2028,2029,2030,2031,1,102,1012,1013,1014,1015,103,1016,1017,1018,1019,104,1020,1021,1022,1023,1024,105,1025,1026,1027,1028,1029,106,1030,1031,1032,1033,1034,107,1035,1036,1037,1038,108,500,1039,1040,1041,501,1042,1043,1044,1045,2,109,1046,1047,1048,110,1049,1050,1051,1052,1053,1054,111,112,113,114,3,115,116,1055,1056,1057,1058,1059,1060,117,4],\"params\":{},\"remark\":\"普通角色\",\"roleId\":2,\"roleKey\":\"common\",\"roleName\":\"普通角色\",\"roleSort\":2,\"status\":\"0\",\"updateBy\":\"admin\"}', '{\"msg\":\"操作成功\",\"code\":200}', 0, NULL, '2025-11-14 11:11:03', 37);
INSERT INTO `sys_oper_log` VALUES (370, '角色管理', 2, 'com.ruoyi.web.controller.system.SysRoleController.edit()', 'PUT', 1, 'admin', '研发部门', '/system/role', '127.0.0.1', '内网IP', '{\"admin\":false,\"createTime\":\"2025-11-12 01:28:13\",\"dataScope\":\"1\",\"delFlag\":\"0\",\"deptCheckStrictly\":true,\"flag\":false,\"menuCheckStrictly\":true,\"menuIds\":[2000,2004,2014,2025,2002,2005,2006,2007,2008,2009,2010,2011,2012,2032,2033,2034,2035,2036,2037,2013,2022,2015,2016,2017,2020,2021,100,1000,1001,1002,1003,1004,1005,1006,101,1007,1008,1009,1010,1011,2026,2031,1,102,1012,1013,1014,1015,103,1016,1017,1018,1019,104,1020,1021,1022,1023,1024,105,1025,1026,1027,1028,1029,106,1030,1031,1032,1033,1034,107,1035,1036,1037,1038,108,500,1039,1040,1041,501,1042,1043,1044,1045],\"params\":{},\"roleId\":100,\"roleKey\":\"teacher\",\"roleName\":\"teacher\",\"roleSort\":3,\"status\":\"0\",\"updateBy\":\"admin\"}', '{\"msg\":\"操作成功\",\"code\":200}', 0, NULL, '2025-11-14 11:11:21', 21);
INSERT INTO `sys_oper_log` VALUES (371, '角色管理', 2, 'com.ruoyi.web.controller.system.SysRoleController.edit()', 'PUT', 1, 'admin', '研发部门', '/system/role', '127.0.0.1', '内网IP', '{\"admin\":false,\"createTime\":\"2025-11-12 01:31:32\",\"dataScope\":\"1\",\"delFlag\":\"0\",\"deptCheckStrictly\":true,\"flag\":false,\"menuCheckStrictly\":true,\"menuIds\":[2000,2002,2003,2023,2024,2004,2005,2018,2019,2006,2007,2008,2009,2010,2011,2012,2032,2033,2034,2035,2036,2037,2013,2022,2014,2015,2016,2017,2020,2021,100,1000,1001,1002,1003,1004,1005,1006,101,1007,1008,1009,1010,1011,2025,2026,2027,2028,2029,2030,2031,1,102,1012,1013,1014,1015,103,1016,1017,1018,1019,104,1020,1021,1022,1023,1024,105,1025,1026,1027,1028,1029,106,1030,1031,1032,1033,1034,107,1035,1036,1037,1038,108,500,1039,1040,1041,501,1042,1043,1044,1045,2,109,1046,1047,1048,110,1049,1050,1051,1052,1053,1054,111,112,113,114,3,115,116,1055,1056,1057,1058,1059,1060,117,4],\"params\":{},\"roleId\":101,\"roleKey\":\"student\",\"roleName\":\"student\",\"roleSort\":4,\"status\":\"0\",\"updateBy\":\"admin\"}', '{\"msg\":\"操作成功\",\"code\":200}', 0, NULL, '2025-11-14 11:11:27', 44);
INSERT INTO `sys_oper_log` VALUES (372, '待办事项', 2, 'com.ruoyi.web.controller.proj_cyq.TodoController.edit()', 'PUT', 1, 'admin', '研发部门', '/proj_cyq/todo', '127.0.0.1', '内网IP', '{\"content\":\"去超市购买日常生活用品\",\"createBy\":\"admin\",\"createTime\":\"2025-11-01 23:55:43\",\"endTime\":\"2024-01-18 20:00:00\",\"isReminded\":\"1\",\"messageStatus\":\"1\",\"params\":{},\"priority\":\"0\",\"remark\":\"记得带购物袋啊\",\"remindTime\":\"2024-01-17 20:00:00\",\"startTime\":\"2024-01-17 18:00:00\",\"status\":\"0\",\"title\":\"购买生活用品\",\"todoId\":3,\"todoType\":\"life\",\"updateBy\":\"admin\",\"updateTime\":\"2025-11-14 15:21:15\",\"userId\":1}', '{\"msg\":\"操作成功\",\"code\":200}', 0, NULL, '2025-11-14 15:21:15', 16);
INSERT INTO `sys_oper_log` VALUES (373, '待办事项', 1, 'com.ruoyi.web.controller.proj_cyq.TodoController.add()', 'POST', 1, 'admin', '研发部门', '/proj_cyq/todo', '127.0.0.1', '内网IP', '{\"content\":\"12\",\"createBy\":\"admin\",\"createTime\":\"2025-11-14 15:21:37\",\"endTime\":\"2025-11-28 00:00:00\",\"isReminded\":\"0\",\"messageRead\":\"0\",\"messageStatus\":\"0\",\"params\":{},\"priority\":\"0\",\"remindTime\":\"2025-11-27 00:00:00\",\"startTime\":\"2025-11-14 15:21:32\",\"status\":\"0\",\"title\":\"12\",\"todoId\":26,\"todoType\":\"work\",\"userId\":1}', '{\"msg\":\"操作成功\",\"code\":200}', 0, NULL, '2025-11-14 15:21:37', 12);
INSERT INTO `sys_oper_log` VALUES (374, '待办事项', 2, 'com.ruoyi.web.controller.proj_cyq.TodoController.edit()', 'PUT', 1, 'admin', '研发部门', '/proj_cyq/todo', '127.0.0.1', '内网IP', '{\"content\":\"12\",\"createBy\":\"admin\",\"createTime\":\"2025-11-14 15:21:37\",\"endTime\":\"2025-11-28 00:00:00\",\"isReminded\":\"0\",\"messageRead\":\"0\",\"messageStatus\":\"0\",\"params\":{},\"priority\":\"0\",\"remindTime\":\"2025-11-27 00:00:00\",\"startTime\":\"2025-11-14 15:21:32\",\"status\":\"0\",\"title\":\"1212\",\"todoId\":26,\"todoType\":\"work\",\"updateBy\":\"admin\",\"updateTime\":\"2025-11-14 15:21:47\",\"userId\":1}', '{\"msg\":\"操作成功\",\"code\":200}', 0, NULL, '2025-11-14 15:21:47', 8);
INSERT INTO `sys_oper_log` VALUES (375, '菜单管理', 2, 'com.ruoyi.web.controller.system.SysMenuController.edit()', 'PUT', 1, 'admin', '研发部门', '/system/menu', '127.0.0.1', '内网IP', '{\"children\":[],\"createTime\":\"2025-10-30 17:06:55\",\"icon\":\"guide\",\"isCache\":\"0\",\"isFrame\":\"0\",\"menuId\":4,\"menuName\":\"若依官网\",\"menuType\":\"M\",\"orderNum\":99,\"params\":{},\"parentId\":0,\"path\":\"http://ruoyi.vip\",\"perms\":\"\",\"query\":\"\",\"routeName\":\"\",\"status\":\"0\",\"updateBy\":\"admin\",\"visible\":\"1\"}', '{\"msg\":\"操作成功\",\"code\":200}', 0, NULL, '2025-11-14 18:58:19', 74);
INSERT INTO `sys_oper_log` VALUES (376, '菜单管理', 2, 'com.ruoyi.web.controller.system.SysMenuController.edit()', 'PUT', 1, 'admin', '研发部门', '/system/menu', '127.0.0.1', '内网IP', '{\"children\":[],\"createTime\":\"2025-10-30 17:06:55\",\"icon\":\"tool\",\"isCache\":\"0\",\"isFrame\":\"1\",\"menuId\":3,\"menuName\":\"系统工具\",\"menuType\":\"M\",\"orderNum\":99,\"params\":{},\"parentId\":0,\"path\":\"tool\",\"perms\":\"\",\"query\":\"\",\"routeName\":\"\",\"status\":\"0\",\"updateBy\":\"admin\",\"visible\":\"0\"}', '{\"msg\":\"操作成功\",\"code\":200}', 0, NULL, '2025-11-14 18:58:24', 27);
INSERT INTO `sys_oper_log` VALUES (377, '菜单管理', 2, 'com.ruoyi.web.controller.system.SysMenuController.edit()', 'PUT', 1, 'admin', '研发部门', '/system/menu', '127.0.0.1', '内网IP', '{\"children\":[],\"createTime\":\"2025-10-30 17:06:55\",\"icon\":\"monitor\",\"isCache\":\"0\",\"isFrame\":\"1\",\"menuId\":2,\"menuName\":\"系统监控\",\"menuType\":\"M\",\"orderNum\":99,\"params\":{},\"parentId\":0,\"path\":\"monitor\",\"perms\":\"\",\"query\":\"\",\"routeName\":\"\",\"status\":\"0\",\"updateBy\":\"admin\",\"visible\":\"1\"}', '{\"msg\":\"操作成功\",\"code\":200}', 0, NULL, '2025-11-14 18:58:30', 28);
INSERT INTO `sys_oper_log` VALUES (378, '菜单管理', 2, 'com.ruoyi.web.controller.system.SysMenuController.edit()', 'PUT', 1, 'admin', '研发部门', '/system/menu', '127.0.0.1', '内网IP', '{\"children\":[],\"createTime\":\"2025-10-30 17:06:55\",\"icon\":\"system\",\"isCache\":\"0\",\"isFrame\":\"1\",\"menuId\":1,\"menuName\":\"系统管理\",\"menuType\":\"M\",\"orderNum\":99,\"params\":{},\"parentId\":0,\"path\":\"system\",\"perms\":\"\",\"query\":\"\",\"routeName\":\"\",\"status\":\"0\",\"updateBy\":\"admin\",\"visible\":\"0\"}', '{\"msg\":\"操作成功\",\"code\":200}', 0, NULL, '2025-11-14 18:58:36', 30);
INSERT INTO `sys_oper_log` VALUES (379, '菜单管理', 2, 'com.ruoyi.web.controller.system.SysMenuController.edit()', 'PUT', 1, 'admin', '研发部门', '/system/menu', '127.0.0.1', '内网IP', '{\"children\":[],\"createTime\":\"2025-11-02 15:19:42\",\"icon\":\"peoples\",\"isCache\":\"0\",\"isFrame\":\"1\",\"menuId\":2004,\"menuName\":\"在线课堂\",\"menuType\":\"M\",\"orderNum\":0,\"params\":{},\"parentId\":0,\"path\":\"proj_myx\",\"perms\":\"\",\"routeName\":\"\",\"status\":\"0\",\"updateBy\":\"admin\",\"visible\":\"0\"}', '{\"msg\":\"操作成功\",\"code\":200}', 0, NULL, '2025-11-14 18:58:49', 419);
INSERT INTO `sys_oper_log` VALUES (380, '菜单管理', 2, 'com.ruoyi.web.controller.system.SysMenuController.edit()', 'PUT', 1, 'admin', '研发部门', '/system/menu', '127.0.0.1', '内网IP', '{\"children\":[],\"createTime\":\"2025-11-02 15:19:42\",\"icon\":\"peoples\",\"isCache\":\"0\",\"isFrame\":\"1\",\"menuId\":2004,\"menuName\":\"在线课堂\",\"menuType\":\"M\",\"orderNum\":0,\"params\":{},\"parentId\":0,\"path\":\"proj_myx\",\"perms\":\"\",\"routeName\":\"\",\"status\":\"0\",\"updateBy\":\"admin\",\"visible\":\"0\"}', '{\"msg\":\"操作成功\",\"code\":200}', 0, NULL, '2025-11-14 18:58:49', 40);
INSERT INTO `sys_oper_log` VALUES (381, '菜单管理', 2, 'com.ruoyi.web.controller.system.SysMenuController.edit()', 'PUT', 1, 'admin', '研发部门', '/system/menu', '127.0.0.1', '内网IP', '{\"children\":[],\"createTime\":\"2025-11-02 15:21:37\",\"icon\":\"chart\",\"isCache\":\"0\",\"isFrame\":\"1\",\"menuId\":2006,\"menuName\":\"课程资源\",\"menuType\":\"M\",\"orderNum\":1,\"params\":{},\"parentId\":0,\"path\":\"proj_lw\",\"perms\":\"\",\"routeName\":\"\",\"status\":\"0\",\"updateBy\":\"admin\",\"visible\":\"0\"}', '{\"msg\":\"操作成功\",\"code\":200}', 0, NULL, '2025-11-14 18:58:56', 28);
INSERT INTO `sys_oper_log` VALUES (382, '菜单管理', 2, 'com.ruoyi.web.controller.system.SysMenuController.edit()', 'PUT', 1, 'admin', '研发部门', '/system/menu', '127.0.0.1', '内网IP', '{\"children\":[],\"createTime\":\"2025-11-02 15:25:39\",\"icon\":\"button\",\"isCache\":\"0\",\"isFrame\":\"1\",\"menuId\":2011,\"menuName\":\"学习社区\",\"menuType\":\"M\",\"orderNum\":2,\"params\":{},\"parentId\":0,\"path\":\"proj_qhy\",\"perms\":\"\",\"routeName\":\"\",\"status\":\"0\",\"updateBy\":\"admin\",\"visible\":\"0\"}', '{\"msg\":\"操作成功\",\"code\":200}', 0, NULL, '2025-11-14 18:59:13', 27);
INSERT INTO `sys_oper_log` VALUES (383, '菜单管理', 2, 'com.ruoyi.web.controller.system.SysMenuController.edit()', 'PUT', 1, 'admin', '研发部门', '/system/menu', '127.0.0.1', '内网IP', '{\"children\":[],\"createTime\":\"2025-11-02 15:16:04\",\"icon\":\"education\",\"isCache\":\"0\",\"isFrame\":\"1\",\"menuId\":2000,\"menuName\":\"作业管理\",\"menuType\":\"M\",\"orderNum\":3,\"params\":{},\"parentId\":0,\"path\":\"proj_lwj\",\"perms\":\"\",\"routeName\":\"\",\"status\":\"0\",\"updateBy\":\"admin\",\"visible\":\"0\"}', '{\"msg\":\"操作成功\",\"code\":200}', 0, NULL, '2025-11-14 18:59:25', 17);
INSERT INTO `sys_oper_log` VALUES (384, '菜单管理', 2, 'com.ruoyi.web.controller.system.SysMenuController.edit()', 'PUT', 1, 'admin', '研发部门', '/system/menu', '127.0.0.1', '内网IP', '{\"children\":[],\"createTime\":\"2025-11-02 15:24:14\",\"icon\":\"druid\",\"isCache\":\"0\",\"isFrame\":\"1\",\"menuId\":2009,\"menuName\":\"学情数据\",\"menuType\":\"M\",\"orderNum\":5,\"params\":{},\"parentId\":0,\"path\":\"proj_fz\",\"perms\":\"\",\"routeName\":\"\",\"status\":\"0\",\"updateBy\":\"admin\",\"visible\":\"0\"}', '{\"msg\":\"操作成功\",\"code\":200}', 0, NULL, '2025-11-14 18:59:33', 30);
INSERT INTO `sys_oper_log` VALUES (385, '菜单管理', 2, 'com.ruoyi.web.controller.system.SysMenuController.edit()', 'PUT', 1, 'admin', '研发部门', '/system/menu', '127.0.0.1', '内网IP', '{\"children\":[],\"createTime\":\"2025-11-02 15:28:21\",\"icon\":\"user\",\"isCache\":\"0\",\"isFrame\":\"1\",\"menuId\":2014,\"menuName\":\"个人中心\",\"menuType\":\"M\",\"orderNum\":10,\"params\":{},\"parentId\":0,\"path\":\"proj_cyq\",\"perms\":\"\",\"routeName\":\"\",\"status\":\"0\",\"updateBy\":\"admin\",\"visible\":\"0\"}', '{\"msg\":\"操作成功\",\"code\":200}', 0, NULL, '2025-11-14 18:59:45', 26);
INSERT INTO `sys_oper_log` VALUES (386, '菜单管理', 1, 'com.ruoyi.web.controller.system.SysMenuController.add()', 'POST', 1, 'admin', '研发部门', '/system/menu', '127.0.0.1', '内网IP', '{\"children\":[],\"createBy\":\"admin\",\"isCache\":\"0\",\"isFrame\":\"1\",\"menuName\":\"在线考试\",\"menuType\":\"M\",\"orderNum\":4,\"params\":{},\"parentId\":0,\"path\":\"/proj_lwj_exam\",\"status\":\"0\",\"visible\":\"0\"}', '{\"msg\":\"操作成功\",\"code\":200}', 0, NULL, '2025-11-14 19:00:46', 28);
INSERT INTO `sys_oper_log` VALUES (387, '菜单管理', 2, 'com.ruoyi.web.controller.system.SysMenuController.edit()', 'PUT', 1, 'admin', '研发部门', '/system/menu', '127.0.0.1', '内网IP', '{\"children\":[],\"createTime\":\"2025-11-14 19:00:46\",\"icon\":\"documentation\",\"isCache\":\"0\",\"isFrame\":\"1\",\"menuId\":2038,\"menuName\":\"在线考试\",\"menuType\":\"M\",\"orderNum\":4,\"params\":{},\"parentId\":0,\"path\":\"/proj_lwj_exam\",\"perms\":\"\",\"routeName\":\"\",\"status\":\"0\",\"updateBy\":\"admin\",\"visible\":\"0\"}', '{\"msg\":\"操作成功\",\"code\":200}', 0, NULL, '2025-11-14 19:00:56', 25);
INSERT INTO `sys_oper_log` VALUES (388, '菜单管理', 1, 'com.ruoyi.web.controller.system.SysMenuController.add()', 'POST', 1, 'admin', '研发部门', '/system/menu', '127.0.0.1', '内网IP', '{\"children\":[],\"createBy\":\"admin\",\"isCache\":\"0\",\"isFrame\":\"1\",\"menuName\":\"考试发布\",\"menuType\":\"C\",\"orderNum\":0,\"params\":{},\"parentId\":2038,\"path\":\"exam_publish\",\"status\":\"0\",\"visible\":\"0\"}', '{\"msg\":\"操作成功\",\"code\":200}', 0, NULL, '2025-11-14 19:01:19', 21);
INSERT INTO `sys_oper_log` VALUES (389, '菜单管理', 2, 'com.ruoyi.web.controller.system.SysMenuController.edit()', 'PUT', 1, 'admin', '研发部门', '/system/menu', '127.0.0.1', '内网IP', '{\"children\":[],\"createTime\":\"2025-11-14 19:01:19\",\"icon\":\"dict\",\"isCache\":\"0\",\"isFrame\":\"1\",\"menuId\":2039,\"menuName\":\"考试发布\",\"menuType\":\"C\",\"orderNum\":0,\"params\":{},\"parentId\":2038,\"path\":\"exam_publish\",\"perms\":\"\",\"routeName\":\"\",\"status\":\"0\",\"updateBy\":\"admin\",\"visible\":\"0\"}', '{\"msg\":\"操作成功\",\"code\":200}', 0, NULL, '2025-11-14 19:05:32', 21);
INSERT INTO `sys_oper_log` VALUES (390, '考试题目排序', 2, 'com.ruoyi.web.controller.proj_lwj.ClassExamQuestionController.reorder()', 'PUT', 1, 'admin', '研发部门', '/proj_lwj/exam-question/reorder', '127.0.0.1', '内网IP', '[{\"id\":3,\"params\":{},\"sortOrder\":1,\"updateBy\":\"admin\"},{\"id\":4,\"params\":{},\"sortOrder\":2,\"updateBy\":\"admin\"},{\"id\":1,\"params\":{},\"sortOrder\":3,\"updateBy\":\"admin\"},{\"id\":5,\"params\":{},\"sortOrder\":4,\"updateBy\":\"admin\"},{\"id\":6,\"params\":{},\"sortOrder\":5,\"updateBy\":\"admin\"},{\"id\":7,\"params\":{},\"sortOrder\":6,\"updateBy\":\"admin\"}]', NULL, 1, '\r\n### Error updating database.  Cause: java.sql.SQLSyntaxErrorException: You have an error in your SQL syntax; check the manual that corresponds to your MySQL server version for the right syntax to use near \'UPDATE class_exam_question SET sort_order = 2, update_by = \'admin\', update_time \' at line 1\r\n### The error may exist in com/ruoyi/proj_lwj/mapper/ClassExamQuestionMapper.java (best guess)\r\n### The error may involve com.ruoyi.proj_lwj.mapper.ClassExamQuestionMapper.batchReorder-Inline\r\n### The error occurred while setting parameters\r\n### SQL: UPDATE class_exam_question SET sort_order = ?, update_by = ?, update_time = NOW() WHERE id = ? ; UPDATE class_exam_question SET sort_order = ?, update_by = ?, update_time = NOW() WHERE id = ? ; UPDATE class_exam_question SET sort_order = ?, update_by = ?, update_time = NOW() WHERE id = ? ; UPDATE class_exam_question SET sort_order = ?, update_by = ?, update_time = NOW() WHERE id = ? ; UPDATE class_exam_question SET sort_order = ?, update_by = ?, update_time = NOW() WHERE id = ? ; UPDATE class_exam_question SET sort_order = ?, update_by = ?, update_time = NOW() WHERE id = ?\r\n### Cause: java.sql.SQLSyntaxErrorException: You have an error in your SQL syntax; check the manual that corresponds to your MySQL server version for the right syntax to use near \'UPDATE class_exam_question SET sort_order = 2, update_by = \'admin\', update_time \' at line 1\n; bad SQL grammar []; nested exception is java.sql.SQLSyntaxErrorException: You have an error in your SQL syntax; check the manual that corresponds to your MySQL server version for the right syntax to use near \'UPDATE class_exam_question SET sort_order = 2, update_by = \'admin\', update_time \' at line 1', '2025-11-14 19:05:55', 260);
INSERT INTO `sys_oper_log` VALUES (391, '作业管理', 1, 'com.ruoyi.web.controller.proj_lwj.ClassHomeworkController.add()', 'POST', 1, 'admin', '研发部门', '/proj_lwj/homework', '127.0.0.1', '内网IP', '{\"attachments\":\"\",\"content\":\"2\",\"courseId\":1,\"createBy\":\"admin\",\"deadline\":\"2025-11-15 00:00:00\",\"homeworkId\":31,\"params\":{},\"sessionId\":1,\"title\":\"确认学号\",\"totalScore\":100}', '{\"msg\":\"操作成功\",\"code\":200}', 0, NULL, '2025-11-14 19:29:43', 42);
INSERT INTO `sys_oper_log` VALUES (392, '作业管理', 3, 'com.ruoyi.web.controller.proj_lwj.ClassHomeworkController.remove()', 'DELETE', 1, 'admin', '研发部门', '/proj_lwj/homework/31', '127.0.0.1', '内网IP', '{\"cascade\":\"true\"}', '{\"msg\":\"操作成功\",\"code\":200}', 0, NULL, '2025-11-14 20:13:22', 30);
INSERT INTO `sys_oper_log` VALUES (393, '作业管理', 3, 'com.ruoyi.web.controller.proj_lwj.ClassHomeworkController.remove()', 'DELETE', 1, 'admin', '研发部门', '/proj_lwj/homework/28', '127.0.0.1', '内网IP', '{\"cascade\":\"true\"}', '{\"msg\":\"操作成功\",\"code\":200}', 0, NULL, '2025-11-14 20:13:25', 12);
INSERT INTO `sys_oper_log` VALUES (394, '作业管理', 1, 'com.ruoyi.web.controller.proj_lwj.ClassHomeworkController.add()', 'POST', 1, 'admin', '研发部门', '/proj_lwj/homework', '127.0.0.1', '内网IP', '{\"attachments\":\"\",\"content\":\"bug\",\"courseId\":1,\"createBy\":\"admin\",\"deadline\":\"2025-11-15 00:00:00\",\"homeworkId\":32,\"params\":{},\"sessionId\":1,\"title\":\"修改bug\",\"totalScore\":100}', '{\"msg\":\"操作成功\",\"code\":200}', 0, NULL, '2025-11-14 20:13:45', 24);
INSERT INTO `sys_oper_log` VALUES (395, '作业管理', 3, 'com.ruoyi.web.controller.proj_lwj.ClassHomeworkController.remove()', 'DELETE', 1, 'admin', '研发部门', '/proj_lwj/homework/32', '127.0.0.1', '内网IP', '{\"cascade\":\"true\"}', '{\"msg\":\"操作成功\",\"code\":200}', 0, NULL, '2025-11-14 20:30:19', 15);
INSERT INTO `sys_oper_log` VALUES (396, '作业管理', 1, 'com.ruoyi.web.controller.proj_lwj.ClassHomeworkController.add()', 'POST', 1, 'admin', '研发部门', '/proj_lwj/homework', '127.0.0.1', '内网IP', '{\"attachments\":\"\",\"content\":\"修\",\"courseId\":1,\"createBy\":\"admin\",\"deadline\":\"2025-11-15 00:00:00\",\"homeworkId\":33,\"params\":{},\"sessionId\":1,\"title\":\"修改\",\"totalScore\":100}', '{\"msg\":\"操作成功\",\"code\":200}', 0, NULL, '2025-11-14 20:30:32', 12);
INSERT INTO `sys_oper_log` VALUES (397, '作业管理', 3, 'com.ruoyi.web.controller.proj_lwj.ClassHomeworkController.remove()', 'DELETE', 1, 'admin', '研发部门', '/proj_lwj/homework/33', '127.0.0.1', '内网IP', '{\"cascade\":\"true\"}', '{\"msg\":\"操作成功\",\"code\":200}', 0, NULL, '2025-11-14 20:31:24', 16);
INSERT INTO `sys_oper_log` VALUES (398, '作业管理', 1, 'com.ruoyi.web.controller.proj_lwj.ClassHomeworkController.add()', 'POST', 1, 'admin', '研发部门', '/proj_lwj/homework', '127.0.0.1', '内网IP', '{\"attachments\":\"\",\"content\":\"1\",\"courseId\":1,\"createBy\":\"admin\",\"deadline\":\"2025-11-15 00:00:00\",\"homeworkId\":34,\"params\":{},\"sessionId\":1,\"title\":\"11\",\"totalScore\":100}', '{\"msg\":\"操作成功\",\"code\":200}', 0, NULL, '2025-11-14 20:31:32', 8);
INSERT INTO `sys_oper_log` VALUES (399, '作业管理', 3, 'com.ruoyi.web.controller.proj_lwj.ClassHomeworkController.remove()', 'DELETE', 1, 'admin', '研发部门', '/proj_lwj/homework/34', '127.0.0.1', '内网IP', '{\"cascade\":\"true\"}', '{\"msg\":\"操作成功\",\"code\":200}', 0, NULL, '2025-11-14 20:38:21', 33);
INSERT INTO `sys_oper_log` VALUES (400, '作业管理', 1, 'com.ruoyi.web.controller.proj_lwj.ClassHomeworkController.add()', 'POST', 1, 'admin', '研发部门', '/proj_lwj/homework', '127.0.0.1', '内网IP', '{\"attachments\":\"\",\"content\":\"11\",\"courseId\":1,\"createBy\":\"admin\",\"deadline\":\"2025-11-15 00:00:00\",\"homeworkId\":35,\"params\":{},\"sessionId\":1,\"title\":\"11\",\"totalScore\":100}', '{\"msg\":\"操作成功\",\"code\":200}', 0, NULL, '2025-11-14 20:38:26', 37);
INSERT INTO `sys_oper_log` VALUES (401, '作业管理', 3, 'com.ruoyi.web.controller.proj_lwj.ClassHomeworkController.remove()', 'DELETE', 1, 'admin', '研发部门', '/proj_lwj/homework/35', '127.0.0.1', '内网IP', '{\"cascade\":\"true\"}', '{\"msg\":\"操作成功\",\"code\":200}', 0, NULL, '2025-11-14 20:44:30', 15);
INSERT INTO `sys_oper_log` VALUES (402, '作业管理', 1, 'com.ruoyi.web.controller.proj_lwj.ClassHomeworkController.add()', 'POST', 1, 'admin', '研发部门', '/proj_lwj/homework', '127.0.0.1', '内网IP', '{\"attachments\":\"\",\"content\":\"j\",\"courseId\":1,\"createBy\":\"admin\",\"deadline\":\"2025-11-15 00:00:00\",\"homeworkId\":36,\"params\":{},\"sessionId\":1,\"title\":\"90\",\"totalScore\":100}', '{\"msg\":\"操作成功\",\"code\":200}', 0, NULL, '2025-11-14 20:44:41', 8);
INSERT INTO `sys_oper_log` VALUES (403, '作业管理', 3, 'com.ruoyi.web.controller.proj_lwj.ClassHomeworkController.remove()', 'DELETE', 1, 'admin', '研发部门', '/proj_lwj/homework/36', '127.0.0.1', '内网IP', '{\"cascade\":\"true\"}', '{\"msg\":\"操作成功\",\"code\":200}', 0, NULL, '2025-11-14 20:50:53', 12);
INSERT INTO `sys_oper_log` VALUES (404, '作业管理', 3, 'com.ruoyi.web.controller.proj_lwj.ClassHomeworkController.remove()', 'DELETE', 1, 'admin', '研发部门', '/proj_lwj/homework/23', '127.0.0.1', '内网IP', '{\"cascade\":\"true\"}', '{\"msg\":\"操作成功\",\"code\":200}', 0, NULL, '2025-11-14 20:50:57', 17);
INSERT INTO `sys_oper_log` VALUES (405, '作业管理', 1, 'com.ruoyi.web.controller.proj_lwj.ClassHomeworkController.add()', 'POST', 1, 'admin', '研发部门', '/proj_lwj/homework', '127.0.0.1', '内网IP', '{\"attachments\":\"\",\"content\":\"111\",\"courseId\":1,\"createBy\":\"admin\",\"deadline\":\"2025-11-15 00:00:00\",\"homeworkId\":37,\"params\":{},\"sessionId\":1,\"title\":\"9888\",\"totalScore\":100}', '{\"msg\":\"操作成功\",\"code\":200}', 0, NULL, '2025-11-14 20:51:09', 13);
INSERT INTO `sys_oper_log` VALUES (406, '作业提交', 1, 'com.ruoyi.web.controller.proj_lwj.ClassHomeworkController.submit()', 'POST', 1, 'admin', '研发部门', '/proj_lwj/homework/submit', '127.0.0.1', '内网IP', '{\"createBy\":\"admin\",\"homeworkId\":37,\"params\":{},\"status\":1,\"studentHomeworkId\":24,\"studentId\":21,\"studentName\":\"陈殷琪\",\"studentNo\":\"2023141460350\",\"submissionFiles\":\"/profile/upload/2025/11/14/测试作业_20251114205201A001.docx\",\"submitTime\":\"2025-11-14 20:52:02\"}', '{\"msg\":\"操作成功\",\"code\":200}', 0, NULL, '2025-11-14 20:52:02', 41);
INSERT INTO `sys_oper_log` VALUES (407, '作业管理', 3, 'com.ruoyi.web.controller.proj_lwj.ClassHomeworkController.remove()', 'DELETE', 1, 'admin', '研发部门', '/proj_lwj/homework/37', '127.0.0.1', '内网IP', '{\"cascade\":\"true\"}', '{\"msg\":\"操作成功\",\"code\":200}', 0, NULL, '2025-11-14 20:57:06', 17);
INSERT INTO `sys_oper_log` VALUES (408, '作业管理', 1, 'com.ruoyi.web.controller.proj_lwj.ClassHomeworkController.add()', 'POST', 1, 'admin', '研发部门', '/proj_lwj/homework', '127.0.0.1', '内网IP', '{\"attachments\":\"\",\"content\":\"去\",\"courseId\":1,\"createBy\":\"admin\",\"deadline\":\"2025-11-15 00:00:00\",\"homeworkId\":38,\"params\":{},\"sessionId\":1,\"title\":\"000\",\"totalScore\":100}', '{\"msg\":\"操作成功\",\"code\":200}', 0, NULL, '2025-11-14 20:57:20', 7);
INSERT INTO `sys_oper_log` VALUES (409, '作业管理', 3, 'com.ruoyi.web.controller.proj_lwj.ClassHomeworkController.remove()', 'DELETE', 1, 'admin', '研发部门', '/proj_lwj/homework/38', '127.0.0.1', '内网IP', '{\"cascade\":\"true\"}', '{\"msg\":\"操作成功\",\"code\":200}', 0, NULL, '2025-11-14 21:01:39', 12);
INSERT INTO `sys_oper_log` VALUES (410, '作业管理', 1, 'com.ruoyi.web.controller.proj_lwj.ClassHomeworkController.add()', 'POST', 1, 'admin', '研发部门', '/proj_lwj/homework', '127.0.0.1', '内网IP', '{\"attachments\":\"\",\"content\":\"1\",\"courseId\":1,\"createBy\":\"admin\",\"deadline\":\"2025-11-15 00:00:00\",\"homeworkId\":39,\"params\":{},\"sessionId\":1,\"title\":\"1\",\"totalScore\":100}', '{\"msg\":\"操作成功\",\"code\":200}', 0, NULL, '2025-11-14 21:01:45', 9);
INSERT INTO `sys_oper_log` VALUES (411, '作业管理', 3, 'com.ruoyi.web.controller.proj_lwj.ClassHomeworkController.remove()', 'DELETE', 1, 'admin', '研发部门', '/proj_lwj/homework/39', '127.0.0.1', '内网IP', '{\"cascade\":\"true\"}', '{\"msg\":\"操作成功\",\"code\":200}', 0, NULL, '2025-11-14 21:08:16', 13);
INSERT INTO `sys_oper_log` VALUES (412, '作业管理', 1, 'com.ruoyi.web.controller.proj_lwj.ClassHomeworkController.add()', 'POST', 1, 'admin', '研发部门', '/proj_lwj/homework', '127.0.0.1', '内网IP', '{\"attachments\":\"\",\"content\":\"1\",\"courseId\":1,\"createBy\":\"admin\",\"deadline\":\"2025-11-15 00:00:00\",\"homeworkId\":40,\"params\":{},\"sessionId\":1,\"title\":\"1\",\"totalScore\":100}', '{\"msg\":\"操作成功\",\"code\":200}', 0, NULL, '2025-11-14 21:08:22', 10);
INSERT INTO `sys_oper_log` VALUES (413, '作业提交', 1, 'com.ruoyi.web.controller.proj_lwj.ClassHomeworkController.submit()', 'POST', 1, 'admin', '研发部门', '/proj_lwj/homework/submit', '127.0.0.1', '内网IP', '{\"createBy\":\"admin\",\"homeworkId\":40,\"params\":{},\"status\":1,\"studentHomeworkId\":25,\"studentId\":21,\"studentName\":\"陈殷琪\",\"studentNo\":\"2023141460350\",\"submissionFiles\":\"/profile/upload/2025/11/14/测试作业_20251114211224A002.docx\",\"submitTime\":\"2025-11-14 21:12:25\"}', '{\"msg\":\"操作成功\",\"code\":200}', 0, NULL, '2025-11-14 21:12:25', 24);
INSERT INTO `sys_oper_log` VALUES (414, '作业提交', 2, 'com.ruoyi.web.controller.proj_lwj.ClassHomeworkController.updateSubmit()', 'PUT', 1, 'admin', '研发部门', '/proj_lwj/homework/submit', '127.0.0.1', '内网IP', '{\"homeworkId\":40,\"params\":{},\"studentHomeworkId\":25,\"studentId\":21,\"studentName\":\"陈殷琪\",\"studentNo\":\"2023141460350\",\"submissionFiles\":\"/profile/upload/2025/11/14/测试作业_20251114211224A002.docx,/profile/upload/2025/11/14/考试管理_20251114211241A003.txt\",\"submitTime\":\"2025-11-14 21:12:43\",\"updateBy\":\"admin\"}', '{\"msg\":\"操作成功\",\"code\":200}', 0, NULL, '2025-11-14 21:12:43', 31);
INSERT INTO `sys_oper_log` VALUES (415, '作业提交', 2, 'com.ruoyi.web.controller.proj_lwj.ClassHomeworkController.updateSubmit()', 'PUT', 1, 'admin', '研发部门', '/proj_lwj/homework/submit', '127.0.0.1', '内网IP', '{\"homeworkId\":40,\"params\":{},\"studentHomeworkId\":25,\"studentId\":21,\"studentName\":\"陈殷琪\",\"studentNo\":\"2023141460350\",\"submissionFiles\":\"\",\"submitTime\":\"2025-11-14 21:13:04\",\"updateBy\":\"admin\"}', '{\"msg\":\"操作成功\",\"code\":200}', 0, NULL, '2025-11-14 21:13:04', 17);
INSERT INTO `sys_oper_log` VALUES (416, '作业提交', 2, 'com.ruoyi.web.controller.proj_lwj.ClassHomeworkController.updateSubmit()', 'PUT', 1, 'admin', '研发部门', '/proj_lwj/homework/submit', '127.0.0.1', '内网IP', '{\"homeworkId\":40,\"params\":{},\"studentHomeworkId\":25,\"studentId\":21,\"studentName\":\"陈殷琪\",\"studentNo\":\"2023141460350\",\"submissionFiles\":\"/profile/upload/2025/11/14/考试管理_20251114211334A005.txt\",\"submitTime\":\"2025-11-14 21:13:35\",\"updateBy\":\"admin\"}', '{\"msg\":\"操作成功\",\"code\":200}', 0, NULL, '2025-11-14 21:13:35', 16);
INSERT INTO `sys_oper_log` VALUES (417, '作业批改', 2, 'com.ruoyi.web.controller.proj_lwj.ClassHomeworkController.gradeSubmission()', 'PUT', 1, 'admin', '研发部门', '/proj_lwj/homework/grade', '127.0.0.1', '内网IP', '{\"correctedBy\":1,\"correctedTime\":\"2025-11-14 21:14:26\",\"homeworkId\":40,\"isGraded\":1,\"params\":{},\"remark\":\"1\",\"score\":1,\"status\":2,\"studentHomeworkId\":25,\"studentId\":21,\"updateBy\":\"admin\"}', '{\"msg\":\"操作成功\",\"code\":200}', 0, NULL, '2025-11-14 21:14:26', 24);
INSERT INTO `sys_oper_log` VALUES (418, '作业批改', 2, 'com.ruoyi.web.controller.proj_lwj.ClassHomeworkController.gradeSubmission()', 'PUT', 1, 'admin', '研发部门', '/proj_lwj/homework/grade', '127.0.0.1', '内网IP', '{\"correctedBy\":1,\"correctedTime\":\"2025-11-14 21:14:32\",\"homeworkId\":40,\"isGraded\":1,\"params\":{},\"remark\":\"1\",\"score\":90,\"status\":2,\"studentHomeworkId\":25,\"studentId\":21,\"updateBy\":\"admin\"}', '{\"msg\":\"操作成功\",\"code\":200}', 0, NULL, '2025-11-14 21:14:32', 13);
INSERT INTO `sys_oper_log` VALUES (419, '作业管理', 3, 'com.ruoyi.web.controller.proj_lwj.ClassHomeworkController.remove()', 'DELETE', 1, 'admin', '研发部门', '/proj_lwj/homework/40', '127.0.0.1', '内网IP', '{\"cascade\":\"true\"}', '{\"msg\":\"操作成功\",\"code\":200}', 0, NULL, '2025-11-14 21:20:27', 16);
INSERT INTO `sys_oper_log` VALUES (420, '作业管理', 1, 'com.ruoyi.web.controller.proj_lwj.ClassHomeworkController.add()', 'POST', 1, 'admin', '研发部门', '/proj_lwj/homework', '127.0.0.1', '内网IP', '{\"attachments\":\"\",\"content\":\"1\",\"courseId\":1,\"createBy\":\"admin\",\"deadline\":\"2025-11-15 00:00:00\",\"homeworkId\":41,\"params\":{},\"sessionId\":1,\"title\":\"11\",\"totalScore\":100}', '{\"msg\":\"操作成功\",\"code\":200}', 0, NULL, '2025-11-14 21:20:33', 12);
INSERT INTO `sys_oper_log` VALUES (421, '作业提交', 1, 'com.ruoyi.web.controller.proj_lwj.ClassHomeworkController.submit()', 'POST', 1, 'admin', '研发部门', '/proj_lwj/homework/submit', '127.0.0.1', '内网IP', '{\"createBy\":\"admin\",\"homeworkId\":41,\"params\":{},\"status\":1,\"studentHomeworkId\":26,\"studentId\":21,\"studentName\":\"陈殷琪\",\"studentNo\":\"2023141460350\",\"submissionFiles\":\"/profile/upload/2025/11/14/测试作业_20251114212122A006.docx\",\"submitTime\":\"2025-11-14 21:21:26\"}', '{\"msg\":\"操作成功\",\"code\":200}', 0, NULL, '2025-11-14 21:21:26', 1218);
INSERT INTO `sys_oper_log` VALUES (422, '作业管理', 3, 'com.ruoyi.web.controller.proj_lwj.ClassHomeworkController.remove()', 'DELETE', 1, 'admin', '研发部门', '/proj_lwj/homework/41', '127.0.0.1', '内网IP', '{\"cascade\":\"true\"}', '{\"msg\":\"操作成功\",\"code\":200}', 0, NULL, '2025-11-14 21:24:12', 14);
INSERT INTO `sys_oper_log` VALUES (423, '作业管理', 1, 'com.ruoyi.web.controller.proj_lwj.ClassHomeworkController.add()', 'POST', 1, 'admin', '研发部门', '/proj_lwj/homework', '127.0.0.1', '内网IP', '{\"attachments\":\"\",\"content\":\"1\",\"courseId\":1,\"createBy\":\"admin\",\"deadline\":\"2025-11-15 00:00:00\",\"homeworkId\":42,\"params\":{},\"sessionId\":1,\"title\":\"1\",\"totalScore\":100}', '{\"msg\":\"操作成功\",\"code\":200}', 0, NULL, '2025-11-14 21:24:19', 6);
INSERT INTO `sys_oper_log` VALUES (424, '作业提交', 1, 'com.ruoyi.web.controller.proj_lwj.ClassHomeworkController.submit()', 'POST', 1, 'admin', '研发部门', '/proj_lwj/homework/submit', '127.0.0.1', '内网IP', '{\"createBy\":\"admin\",\"homeworkId\":42,\"params\":{},\"status\":1,\"studentHomeworkId\":27,\"studentId\":21,\"studentName\":\"陈殷琪\",\"studentNo\":\"2023141460350\",\"submissionFiles\":\"/profile/upload/2025/11/14/考试管理_20251114212504A007.txt\",\"submitTime\":\"2025-11-14 21:25:05\"}', '{\"msg\":\"操作成功\",\"code\":200}', 0, NULL, '2025-11-14 21:25:05', 14);
INSERT INTO `sys_oper_log` VALUES (425, '作业提交', 2, 'com.ruoyi.web.controller.proj_lwj.ClassHomeworkController.updateSubmit()', 'PUT', 1, 'admin', '研发部门', '/proj_lwj/homework/submit', '127.0.0.1', '内网IP', '{\"homeworkId\":42,\"params\":{},\"studentHomeworkId\":27,\"studentId\":21,\"studentName\":\"陈殷琪\",\"studentNo\":\"2023141460350\",\"submissionFiles\":\"/profile/upload/2025/11/14/测试作业_20251114212551A010.docx\",\"submitTime\":\"2025-11-14 21:25:53\",\"updateBy\":\"admin\"}', '{\"msg\":\"操作成功\",\"code\":200}', 0, NULL, '2025-11-14 21:25:53', 17);
INSERT INTO `sys_oper_log` VALUES (426, '作业管理', 3, 'com.ruoyi.web.controller.proj_lwj.ClassHomeworkController.remove()', 'DELETE', 1, 'admin', '研发部门', '/proj_lwj/homework/42', '127.0.0.1', '内网IP', '{\"cascade\":\"true\"}', '{\"msg\":\"操作成功\",\"code\":200}', 0, NULL, '2025-11-14 21:51:23', 28);
INSERT INTO `sys_oper_log` VALUES (427, '作业管理', 1, 'com.ruoyi.web.controller.proj_lwj.ClassHomeworkController.add()', 'POST', 1, 'admin', '研发部门', '/proj_lwj/homework', '127.0.0.1', '内网IP', '{\"attachments\":\"\",\"content\":\"2\",\"courseId\":1,\"createBy\":\"admin\",\"deadline\":\"2025-11-15 00:00:00\",\"homeworkId\":43,\"params\":{},\"sessionId\":1,\"title\":\"2\",\"totalScore\":100}', '{\"msg\":\"操作成功\",\"code\":200}', 0, NULL, '2025-11-14 21:51:32', 13);
INSERT INTO `sys_oper_log` VALUES (428, '作业管理', 3, 'com.ruoyi.web.controller.proj_lwj.ClassHomeworkController.remove()', 'DELETE', 1, 'admin', '研发部门', '/proj_lwj/homework/43', '127.0.0.1', '内网IP', '{\"cascade\":\"true\"}', '{\"msg\":\"操作成功\",\"code\":200}', 0, NULL, '2025-11-14 21:55:09', 34);
INSERT INTO `sys_oper_log` VALUES (429, '作业管理', 1, 'com.ruoyi.web.controller.proj_lwj.ClassHomeworkController.add()', 'POST', 1, 'admin', '研发部门', '/proj_lwj/homework', '127.0.0.1', '内网IP', '{\"attachments\":\"\",\"content\":\"1\",\"courseId\":1,\"createBy\":\"admin\",\"deadline\":\"2025-11-15 00:00:00\",\"homeworkId\":44,\"params\":{},\"sessionId\":1,\"title\":\"123\",\"totalScore\":100}', '{\"msg\":\"操作成功\",\"code\":200}', 0, NULL, '2025-11-14 21:55:16', 41);
INSERT INTO `sys_oper_log` VALUES (430, '作业提交', 1, 'com.ruoyi.web.controller.proj_lwj.ClassHomeworkController.submit()', 'POST', 1, 'admin', '研发部门', '/proj_lwj/homework/submit', '127.0.0.1', '内网IP', '{\"createBy\":\"admin\",\"homeworkId\":44,\"params\":{},\"status\":1,\"studentHomeworkId\":28,\"studentId\":21,\"studentName\":\"陈殷琪\",\"studentNo\":\"2023141460350\",\"submissionFiles\":\"/profile/upload/2025/11/14/测试作业_20251114215600A001.docx\",\"submitTime\":\"2025-11-14 21:56:01\"}', '{\"msg\":\"操作成功\",\"code\":200}', 0, NULL, '2025-11-14 21:56:01', 45);
INSERT INTO `sys_oper_log` VALUES (431, '作业提交', 1, 'com.ruoyi.web.controller.proj_lwj.ClassHomeworkController.submit()', 'POST', 1, 'admin', '研发部门', '/proj_lwj/homework/submit', '127.0.0.1', '内网IP', '{\"createBy\":\"admin\",\"homeworkId\":44,\"params\":{},\"status\":1,\"studentHomeworkId\":29,\"studentId\":38,\"studentName\":\"陈殷琪\",\"studentNo\":\"2023141460368\",\"submissionFiles\":\"/profile/upload/2025/11/14/测试作业_20251114215656A002.docx\",\"submitTime\":\"2025-11-14 21:56:57\"}', '{\"msg\":\"操作成功\",\"code\":200}', 0, NULL, '2025-11-14 21:56:57', 29);
INSERT INTO `sys_oper_log` VALUES (432, '作业管理', 3, 'com.ruoyi.web.controller.proj_lwj.ClassHomeworkController.remove()', 'DELETE', 1, 'admin', '研发部门', '/proj_lwj/homework/44', '127.0.0.1', '内网IP', '{\"cascade\":\"true\"}', '{\"msg\":\"操作成功\",\"code\":200}', 0, NULL, '2025-11-14 22:05:48', 20);
INSERT INTO `sys_oper_log` VALUES (433, '作业管理', 1, 'com.ruoyi.web.controller.proj_lwj.ClassHomeworkController.add()', 'POST', 1, 'admin', '研发部门', '/proj_lwj/homework', '127.0.0.1', '内网IP', '{\"attachments\":\"\",\"content\":\"0\",\"courseId\":1,\"createBy\":\"admin\",\"deadline\":\"2025-11-15 00:00:00\",\"homeworkId\":45,\"params\":{},\"sessionId\":1,\"title\":\"999\",\"totalScore\":100}', '{\"msg\":\"操作成功\",\"code\":200}', 0, NULL, '2025-11-14 22:05:58', 13);
INSERT INTO `sys_oper_log` VALUES (434, '作业管理', 3, 'com.ruoyi.web.controller.proj_lwj.ClassHomeworkController.remove()', 'DELETE', 1, 'admin', '研发部门', '/proj_lwj/homework/45', '127.0.0.1', '内网IP', '{\"cascade\":\"true\"}', '{\"msg\":\"操作成功\",\"code\":200}', 0, NULL, '2025-11-14 22:11:35', 12);
INSERT INTO `sys_oper_log` VALUES (435, '作业管理', 1, 'com.ruoyi.web.controller.proj_lwj.ClassHomeworkController.add()', 'POST', 1, 'admin', '研发部门', '/proj_lwj/homework', '127.0.0.1', '内网IP', '{\"attachments\":\"\",\"content\":\"11\",\"courseId\":1,\"createBy\":\"admin\",\"deadline\":\"2025-11-15 00:00:00\",\"homeworkId\":46,\"params\":{},\"sessionId\":1,\"title\":\"1111\",\"totalScore\":100}', '{\"msg\":\"操作成功\",\"code\":200}', 0, NULL, '2025-11-14 22:11:43', 15);
INSERT INTO `sys_oper_log` VALUES (436, '作业管理', 3, 'com.ruoyi.web.controller.proj_lwj.ClassHomeworkController.remove()', 'DELETE', 1, 'admin', '研发部门', '/proj_lwj/homework/46', '127.0.0.1', '内网IP', '{\"cascade\":\"true\"}', '{\"msg\":\"操作成功\",\"code\":200}', 0, NULL, '2025-11-14 22:16:37', 17);
INSERT INTO `sys_oper_log` VALUES (437, '作业管理', 1, 'com.ruoyi.web.controller.proj_lwj.ClassHomeworkController.add()', 'POST', 1, 'admin', '研发部门', '/proj_lwj/homework', '127.0.0.1', '内网IP', '{\"attachments\":\"\",\"content\":\"=\",\"courseId\":1,\"createBy\":\"admin\",\"deadline\":\"2025-11-15 00:00:00\",\"homeworkId\":47,\"params\":{},\"sessionId\":1,\"title\":\"000\",\"totalScore\":100}', '{\"msg\":\"操作成功\",\"code\":200}', 0, NULL, '2025-11-14 22:16:46', 14);
INSERT INTO `sys_oper_log` VALUES (438, '作业管理', 3, 'com.ruoyi.web.controller.proj_lwj.ClassHomeworkController.remove()', 'DELETE', 1, 'admin', '研发部门', '/proj_lwj/homework/47', '127.0.0.1', '内网IP', '{\"cascade\":\"true\"}', '{\"msg\":\"操作成功\",\"code\":200}', 0, NULL, '2025-11-14 22:21:08', 14);
INSERT INTO `sys_oper_log` VALUES (439, '作业管理', 1, 'com.ruoyi.web.controller.proj_lwj.ClassHomeworkController.add()', 'POST', 1, 'admin', '研发部门', '/proj_lwj/homework', '127.0.0.1', '内网IP', '{\"attachments\":\"\",\"content\":\"11\",\"courseId\":1,\"createBy\":\"admin\",\"deadline\":\"2025-11-15 00:00:00\",\"homeworkId\":48,\"params\":{},\"sessionId\":1,\"title\":\"1111\",\"totalScore\":100}', '{\"msg\":\"操作成功\",\"code\":200}', 0, NULL, '2025-11-14 22:21:15', 15);
INSERT INTO `sys_oper_log` VALUES (440, '菜单管理', 2, 'com.ruoyi.web.controller.system.SysMenuController.edit()', 'PUT', 1, 'admin', '研发部门', '/system/menu', '127.0.0.1', '内网IP', '{\"children\":[],\"createTime\":\"2025-11-02 15:18:15\",\"icon\":\"email\",\"isCache\":\"0\",\"isFrame\":\"1\",\"menuId\":2003,\"menuName\":\"作业上传\",\"menuType\":\"C\",\"orderNum\":1,\"params\":{},\"parentId\":2000,\"path\":\"homework_upload\",\"perms\":\"\",\"routeName\":\"\",\"status\":\"0\",\"updateBy\":\"admin\",\"visible\":\"0\"}', '{\"msg\":\"操作成功\",\"code\":200}', 0, NULL, '2025-11-14 22:22:10', 20);
INSERT INTO `sys_oper_log` VALUES (441, '作业管理', 3, 'com.ruoyi.web.controller.proj_lwj.ClassHomeworkController.remove()', 'DELETE', 1, 'admin', '研发部门', '/proj_lwj/homework/48', '127.0.0.1', '内网IP', '{\"cascade\":\"true\"}', '{\"msg\":\"操作成功\",\"code\":200}', 0, NULL, '2025-11-14 22:30:15', 14);
INSERT INTO `sys_oper_log` VALUES (442, '作业管理', 1, 'com.ruoyi.web.controller.proj_lwj.ClassHomeworkController.add()', 'POST', 1, 'admin', '研发部门', '/proj_lwj/homework', '127.0.0.1', '内网IP', '{\"attachments\":\"\",\"content\":\"1\",\"courseId\":1,\"createBy\":\"admin\",\"deadline\":\"2025-11-15 00:00:00\",\"homeworkId\":49,\"params\":{},\"sessionId\":1,\"title\":\"0000\",\"totalScore\":100}', '{\"msg\":\"操作成功\",\"code\":200}', 0, NULL, '2025-11-14 22:30:24', 14);
INSERT INTO `sys_oper_log` VALUES (443, '作业提交', 1, 'com.ruoyi.web.controller.proj_lwj.ClassHomeworkController.submit()', 'POST', 1, 'admin', '研发部门', '/proj_lwj/homework/submit', '127.0.0.1', '内网IP', '{\"createBy\":\"admin\",\"homeworkId\":49,\"params\":{},\"status\":1,\"studentHomeworkId\":30,\"studentId\":38,\"studentNo\":\"2023141460368\",\"submissionFiles\":\"/profile/upload/2025/11/14/测试作业_20251114224204A004.docx\",\"submitTime\":\"2025-11-14 22:42:06\"}', '{\"msg\":\"操作成功\",\"code\":200}', 0, NULL, '2025-11-14 22:42:06', 28);
INSERT INTO `sys_oper_log` VALUES (444, '作业提交', 2, 'com.ruoyi.web.controller.proj_lwj.ClassHomeworkController.updateSubmit()', 'PUT', 1, 'admin', '研发部门', '/proj_lwj/homework/submit', '127.0.0.1', '内网IP', '{\"homeworkId\":49,\"params\":{},\"studentHomeworkId\":30,\"studentId\":38,\"studentNo\":\"2023141460368\",\"submissionFiles\":\"/profile/upload/2025/11/14/考试管理_20251114224238A005.txt\",\"submitTime\":\"2025-11-14 22:42:40\",\"updateBy\":\"admin\"}', '{\"msg\":\"操作成功\",\"code\":200}', 0, NULL, '2025-11-14 22:42:40', 26);
INSERT INTO `sys_oper_log` VALUES (445, '作业提交', 2, 'com.ruoyi.web.controller.proj_lwj.ClassHomeworkController.updateSubmit()', 'PUT', 1, 'admin', '研发部门', '/proj_lwj/homework/submit', '127.0.0.1', '内网IP', '{\"homeworkId\":27,\"params\":{},\"studentHomeworkId\":21,\"studentId\":38,\"studentNo\":\"2023141460368\",\"submissionFiles\":\"/profile/upload/2025/11/14/测试作业_20251114224253A006.docx\",\"submitTime\":\"2025-11-14 22:42:55\",\"updateBy\":\"admin\"}', '{\"msg\":\"操作成功\",\"code\":200}', 0, NULL, '2025-11-14 22:42:55', 23);
INSERT INTO `sys_oper_log` VALUES (446, '作业管理', 3, 'com.ruoyi.web.controller.proj_lwj.ClassHomeworkController.remove()', 'DELETE', 1, 'admin', '研发部门', '/proj_lwj/homework/49', '127.0.0.1', '内网IP', '{\"cascade\":\"true\"}', '{\"msg\":\"操作成功\",\"code\":200}', 0, NULL, '2025-11-14 22:49:52', 34);
INSERT INTO `sys_oper_log` VALUES (447, '作业管理', 1, 'com.ruoyi.web.controller.proj_lwj.ClassHomeworkController.add()', 'POST', 1, 'admin', '研发部门', '/proj_lwj/homework', '127.0.0.1', '内网IP', '{\"attachments\":\"\",\"content\":\"p\",\"courseId\":1,\"createBy\":\"admin\",\"deadline\":\"2025-11-15 00:00:00\",\"homeworkId\":50,\"params\":{},\"sessionId\":1,\"title\":\"ppppp\",\"totalScore\":100}', '{\"msg\":\"操作成功\",\"code\":200}', 0, NULL, '2025-11-14 22:50:01', 39);
INSERT INTO `sys_oper_log` VALUES (448, '作业提交', 1, 'com.ruoyi.web.controller.proj_lwj.ClassHomeworkController.submit()', 'POST', 1, 'admin', '研发部门', '/proj_lwj/homework/submit', '127.0.0.1', '内网IP', '{\"createBy\":\"admin\",\"homeworkId\":50,\"params\":{},\"status\":1,\"studentHomeworkId\":31,\"studentId\":38,\"studentNo\":\"2023141460368\",\"submissionFiles\":\"/profile/upload/2025/11/14/测试作业_20251114225336A001.docx\",\"submitTime\":\"2025-11-14 22:53:38\"}', '{\"msg\":\"操作成功\",\"code\":200}', 0, NULL, '2025-11-14 22:53:38', 40);
INSERT INTO `sys_oper_log` VALUES (449, '作业批改', 2, 'com.ruoyi.web.controller.proj_lwj.ClassHomeworkController.gradeSubmission()', 'PUT', 1, 'admin', '研发部门', '/proj_lwj/homework/grade', '127.0.0.1', '内网IP', '{\"correctedBy\":1,\"correctedTime\":\"2025-11-14 22:54:38\",\"homeworkId\":50,\"isGraded\":1,\"params\":{},\"remark\":\"1\",\"score\":95,\"status\":2,\"studentHomeworkId\":31,\"studentId\":38,\"updateBy\":\"admin\"}', '{\"msg\":\"操作成功\",\"code\":200}', 0, NULL, '2025-11-14 22:54:38', 25);
INSERT INTO `sys_oper_log` VALUES (450, '作业管理', 3, 'com.ruoyi.web.controller.proj_lwj.ClassHomeworkController.remove()', 'DELETE', 1, 'admin', '研发部门', '/proj_lwj/homework/50', '127.0.0.1', '内网IP', '{\"cascade\":\"true\"}', '{\"msg\":\"操作成功\",\"code\":200}', 0, NULL, '2025-11-14 23:08:23', 16);
INSERT INTO `sys_oper_log` VALUES (451, '作业管理', 1, 'com.ruoyi.web.controller.proj_lwj.ClassHomeworkController.add()', 'POST', 1, 'admin', '研发部门', '/proj_lwj/homework', '127.0.0.1', '内网IP', '{\"attachments\":\"\",\"content\":\"qeq\",\"courseId\":1,\"createBy\":\"admin\",\"deadline\":\"2025-11-15 00:00:00\",\"homeworkId\":51,\"params\":{},\"sessionId\":1,\"title\":\"rqeqe\",\"totalScore\":100}', '{\"msg\":\"操作成功\",\"code\":200}', 0, NULL, '2025-11-14 23:09:54', 13);
INSERT INTO `sys_oper_log` VALUES (452, '作业提交', 1, 'com.ruoyi.web.controller.proj_lwj.ClassHomeworkController.submit()', 'POST', 1, 'admin', '研发部门', '/proj_lwj/homework/submit', '127.0.0.1', '内网IP', '{\"createBy\":\"admin\",\"homeworkId\":51,\"params\":{},\"status\":1,\"studentHomeworkId\":32,\"studentId\":38,\"studentNo\":\"2023141460368\",\"submissionFiles\":\"/profile/upload/2025/11/14/测试作业_20251114231007A002.docx\",\"submitTime\":\"2025-11-14 23:10:09\"}', '{\"msg\":\"操作成功\",\"code\":200}', 0, NULL, '2025-11-14 23:10:09', 32);
INSERT INTO `sys_oper_log` VALUES (453, '考试管理', 3, 'com.ruoyi.web.controller.proj_lwj.ClassExamController.remove()', 'DELETE', 1, 'admin', '研发部门', '/proj_lwj/exam/1', '127.0.0.1', '内网IP', '[1]', '{\"msg\":\"操作成功\",\"code\":200}', 0, NULL, '2025-11-15 00:00:35', 30);
INSERT INTO `sys_oper_log` VALUES (454, '菜单管理', 1, 'com.ruoyi.web.controller.system.SysMenuController.add()', 'POST', 1, 'admin', '研发部门', '/system/menu', '127.0.0.1', '内网IP', '{\"children\":[],\"createBy\":\"admin\",\"icon\":\"dashboard\",\"isCache\":\"0\",\"isFrame\":\"1\",\"menuName\":\"进行考试\",\"menuType\":\"C\",\"orderNum\":1,\"params\":{},\"parentId\":2038,\"path\":\"exam_take/:examId\",\"status\":\"0\",\"visible\":\"0\"}', '{\"msg\":\"操作成功\",\"code\":200}', 0, NULL, '2025-11-15 00:14:07', 25);
INSERT INTO `sys_oper_log` VALUES (455, '菜单管理', 1, 'com.ruoyi.web.controller.system.SysMenuController.add()', 'POST', 1, 'admin', '研发部门', '/system/menu', '127.0.0.1', '内网IP', '{\"children\":[],\"createBy\":\"admin\",\"isCache\":\"0\",\"isFrame\":\"1\",\"menuName\":\"考试入口\",\"menuType\":\"C\",\"orderNum\":2,\"params\":{},\"parentId\":2038,\"path\":\"exam_portal\",\"status\":\"0\",\"visible\":\"0\"}', '{\"msg\":\"操作成功\",\"code\":200}', 0, NULL, '2025-11-15 00:49:05', 195);
INSERT INTO `sys_oper_log` VALUES (456, '菜单管理', 2, 'com.ruoyi.web.controller.system.SysMenuController.edit()', 'PUT', 1, 'admin', '研发部门', '/system/menu', '127.0.0.1', '内网IP', '{\"children\":[],\"createTime\":\"2025-11-15 00:14:07\",\"icon\":\"dashboard\",\"isCache\":\"0\",\"isFrame\":\"1\",\"menuId\":2040,\"menuName\":\"进行考试\",\"menuType\":\"C\",\"orderNum\":1,\"params\":{},\"parentId\":2038,\"path\":\"exam_take/:examId\",\"perms\":\"\",\"routeName\":\"\",\"status\":\"0\",\"updateBy\":\"admin\",\"visible\":\"1\"}', '{\"msg\":\"操作成功\",\"code\":200}', 0, NULL, '2025-11-15 00:49:24', 16);
INSERT INTO `sys_oper_log` VALUES (457, '菜单管理', 2, 'com.ruoyi.web.controller.system.SysMenuController.edit()', 'PUT', 1, 'admin', '研发部门', '/system/menu', '127.0.0.1', '内网IP', '{\"children\":[],\"createTime\":\"2025-11-15 00:49:05\",\"icon\":\"button\",\"isCache\":\"0\",\"isFrame\":\"1\",\"menuId\":2041,\"menuName\":\"考试入口\",\"menuType\":\"C\",\"orderNum\":2,\"params\":{},\"parentId\":2038,\"path\":\"exam_portal\",\"perms\":\"\",\"routeName\":\"\",\"status\":\"0\",\"updateBy\":\"admin\",\"visible\":\"0\"}', '{\"msg\":\"操作成功\",\"code\":200}', 0, NULL, '2025-11-15 00:49:59', 15);
INSERT INTO `sys_oper_log` VALUES (458, '菜单管理', 2, 'com.ruoyi.web.controller.system.SysMenuController.edit()', 'PUT', 1, 'admin', '研发部门', '/system/menu', '127.0.0.1', '内网IP', '{\"children\":[],\"createTime\":\"2025-11-15 00:14:07\",\"icon\":\"dashboard\",\"isCache\":\"0\",\"isFrame\":\"1\",\"menuId\":2040,\"menuName\":\"进行考试\",\"menuType\":\"C\",\"orderNum\":1,\"params\":{},\"parentId\":2038,\"path\":\"exam_take/:examId\",\"perms\":\"\",\"routeName\":\"\",\"status\":\"0\",\"updateBy\":\"admin\",\"visible\":\"1\"}', '{\"msg\":\"操作成功\",\"code\":200}', 0, NULL, '2025-11-15 00:50:07', 21);
INSERT INTO `sys_oper_log` VALUES (459, '考试题目', 1, 'com.ruoyi.web.controller.proj_lwj.ClassExamQuestionController.add()', 'POST', 1, 'admin', '研发部门', '/proj_lwj/exam-question', '127.0.0.1', '内网IP', '{\"analysis\":\"\",\"correctAnswer\":\"true\",\"createBy\":\"admin\",\"difficulty\":1,\"examId\":2,\"id\":8,\"params\":{},\"questionContent\":\"11111\",\"questionOptions\":\"\",\"questionType\":3,\"score\":1,\"sortOrder\":1,\"subject\":\"研究与开发实践\"}', '{\"msg\":\"操作成功\",\"code\":200}', 0, NULL, '2025-11-15 00:55:02', 30);
INSERT INTO `sys_oper_log` VALUES (460, '考试题目', 1, 'com.ruoyi.web.controller.proj_lwj.ClassExamQuestionController.add()', 'POST', 1, 'admin', '研发部门', '/proj_lwj/exam-question', '127.0.0.1', '内网IP', '{\"analysis\":\"\",\"correctAnswer\":\"true\",\"createBy\":\"admin\",\"difficulty\":1,\"examId\":2,\"id\":9,\"params\":{},\"questionContent\":\"22222222\",\"questionOptions\":\"\",\"questionType\":3,\"score\":1,\"sortOrder\":2,\"subject\":\"研究与开发实践\"}', '{\"msg\":\"操作成功\",\"code\":200}', 0, NULL, '2025-11-15 00:55:15', 11);
INSERT INTO `sys_oper_log` VALUES (461, '考试管理', 1, 'com.ruoyi.web.controller.proj_lwj.ClassExamController.add()', 'POST', 1, 'admin', '研发部门', '/proj_lwj/exam', '127.0.0.1', '内网IP', '{\"antiCheat\":1,\"autoSubmit\":1,\"courseId\":1,\"createBy\":\"admin\",\"endTime\":\"2025-11-22 00:00:00\",\"examDuration\":6,\"examMode\":1,\"examName\":\"0000\",\"examType\":3,\"id\":4,\"lateSubmit\":0,\"lateTime\":0,\"params\":{},\"passScore\":2,\"questionOrder\":0,\"sessionId\":1,\"showAnswer\":0,\"startTime\":\"2025-11-14 00:00:00\",\"status\":1,\"totalScore\":4}', '{\"msg\":\"操作成功\",\"code\":200}', 0, NULL, '2025-11-15 01:09:36', 42);
INSERT INTO `sys_oper_log` VALUES (462, '考试题目', 1, 'com.ruoyi.web.controller.proj_lwj.ClassExamQuestionController.add()', 'POST', 1, 'admin', '研发部门', '/proj_lwj/exam-question', '127.0.0.1', '内网IP', '{\"analysis\":\"\",\"correctAnswer\":\"true\",\"createBy\":\"admin\",\"difficulty\":1,\"examId\":4,\"id\":10,\"params\":{},\"questionContent\":\"1\",\"questionOptions\":\"\",\"questionType\":3,\"score\":1,\"sortOrder\":1,\"subject\":\"研究与开发实践\"}', '{\"msg\":\"操作成功\",\"code\":200}', 0, NULL, '2025-11-15 01:10:52', 18);
INSERT INTO `sys_oper_log` VALUES (463, '考试题目', 1, 'com.ruoyi.web.controller.proj_lwj.ClassExamQuestionController.add()', 'POST', 1, 'admin', '研发部门', '/proj_lwj/exam-question', '127.0.0.1', '内网IP', '{\"analysis\":\"\",\"correctAnswer\":\"true\",\"createBy\":\"admin\",\"difficulty\":1,\"examId\":4,\"id\":11,\"params\":{},\"questionContent\":\"2\",\"questionOptions\":\"\",\"questionType\":3,\"score\":1,\"sortOrder\":2,\"subject\":\"研究与开发实践\"}', '{\"msg\":\"操作成功\",\"code\":200}', 0, NULL, '2025-11-15 01:11:02', 10);
INSERT INTO `sys_oper_log` VALUES (464, '考试题目', 1, 'com.ruoyi.web.controller.proj_lwj.ClassExamQuestionController.add()', 'POST', 1, 'admin', '研发部门', '/proj_lwj/exam-question', '127.0.0.1', '内网IP', '{\"analysis\":\"\",\"correctAnswer\":\"true\",\"createBy\":\"admin\",\"difficulty\":1,\"examId\":4,\"id\":12,\"params\":{},\"questionContent\":\"3\",\"questionOptions\":\"\",\"questionType\":3,\"score\":1,\"sortOrder\":3,\"subject\":\"研究与开发实践\"}', '{\"msg\":\"操作成功\",\"code\":200}', 0, NULL, '2025-11-15 01:11:09', 8);
INSERT INTO `sys_oper_log` VALUES (465, '考试题目', 1, 'com.ruoyi.web.controller.proj_lwj.ClassExamQuestionController.add()', 'POST', 1, 'admin', '研发部门', '/proj_lwj/exam-question', '127.0.0.1', '内网IP', '{\"analysis\":\"\",\"correctAnswer\":\"true\",\"createBy\":\"admin\",\"difficulty\":1,\"examId\":4,\"id\":13,\"params\":{},\"questionContent\":\"4\",\"questionOptions\":\"\",\"questionType\":3,\"score\":1,\"sortOrder\":4,\"subject\":\"研究与开发实践\"}', '{\"msg\":\"操作成功\",\"code\":200}', 0, NULL, '2025-11-15 01:11:17', 11);
INSERT INTO `sys_oper_log` VALUES (466, '保存答案', 1, 'com.ruoyi.web.controller.proj_lwj.ClassExamController.saveAnswer()', 'POST', 1, 'admin', '研发部门', '/proj_lwj/exam/answer/save', '127.0.0.1', '内网IP', '{\"correctAnswer\":\"true\",\"createBy\":\"admin\",\"examId\":4,\"isCorrect\":1,\"params\":{},\"questionId\":13,\"score\":1,\"studentAnswer\":\"true\",\"studentId\":1}', NULL, 1, '\r\n### Error updating database.  Cause: java.sql.SQLSyntaxErrorException: Unknown column \'question_content\' in \'field list\'\r\n### The error may exist in com/ruoyi/proj_lwj/mapper/ClassExamAnswerMapper.java (best guess)\r\n### The error may involve com.ruoyi.proj_lwj.mapper.ClassExamAnswerMapper.insert-Inline\r\n### The error occurred while setting parameters\r\n### SQL: INSERT INTO class_exam_answer (exam_id, student_id, student_no, question_id, student_answer, answer_files, is_correct, score, corrector_id, correct_time, correct_comment, answer_duration, question_content, question_options, correct_answer, create_time) VALUES (?, ?, ?, ?, ?, ?, ?, ?, ?, ?, ?, ?, ?, ?, ?, NOW())\r\n### Cause: java.sql.SQLSyntaxErrorException: Unknown column \'question_content\' in \'field list\'\n; bad SQL grammar []; nested exception is java.sql.SQLSyntaxErrorException: Unknown column \'question_content\' in \'field list\'', '2025-11-15 01:11:38', 26);
INSERT INTO `sys_oper_log` VALUES (467, '保存答案', 1, 'com.ruoyi.web.controller.proj_lwj.ClassExamController.saveAnswer()', 'POST', 1, 'admin', '研发部门', '/proj_lwj/exam/answer/save', '127.0.0.1', '内网IP', '{\"correctAnswer\":\"true\",\"createBy\":\"admin\",\"examId\":4,\"isCorrect\":1,\"params\":{},\"questionId\":10,\"score\":1,\"studentAnswer\":\"true\",\"studentId\":1}', NULL, 1, '\r\n### Error updating database.  Cause: java.sql.SQLSyntaxErrorException: Unknown column \'question_content\' in \'field list\'\r\n### The error may exist in com/ruoyi/proj_lwj/mapper/ClassExamAnswerMapper.java (best guess)\r\n### The error may involve com.ruoyi.proj_lwj.mapper.ClassExamAnswerMapper.insert-Inline\r\n### The error occurred while setting parameters\r\n### SQL: INSERT INTO class_exam_answer (exam_id, student_id, student_no, question_id, student_answer, answer_files, is_correct, score, corrector_id, correct_time, correct_comment, answer_duration, question_content, question_options, correct_answer, create_time) VALUES (?, ?, ?, ?, ?, ?, ?, ?, ?, ?, ?, ?, ?, ?, ?, NOW())\r\n### Cause: java.sql.SQLSyntaxErrorException: Unknown column \'question_content\' in \'field list\'\n; bad SQL grammar []; nested exception is java.sql.SQLSyntaxErrorException: Unknown column \'question_content\' in \'field list\'', '2025-11-15 01:16:55', 10);
INSERT INTO `sys_oper_log` VALUES (468, '保存答案', 1, 'com.ruoyi.web.controller.proj_lwj.ClassExamController.saveAnswer()', 'POST', 1, 'admin', '研发部门', '/proj_lwj/exam/answer/save', '127.0.0.1', '内网IP', '{\"correctAnswer\":\"true\",\"createBy\":\"admin\",\"examId\":4,\"isCorrect\":1,\"params\":{},\"questionId\":10,\"score\":1,\"studentAnswer\":\"true\",\"studentId\":1}', NULL, 1, '\r\n### Error updating database.  Cause: java.sql.SQLSyntaxErrorException: Unknown column \'question_content\' in \'field list\'\r\n### The error may exist in com/ruoyi/proj_lwj/mapper/ClassExamAnswerMapper.java (best guess)\r\n### The error may involve com.ruoyi.proj_lwj.mapper.ClassExamAnswerMapper.insert-Inline\r\n### The error occurred while setting parameters\r\n### SQL: INSERT INTO class_exam_answer (exam_id, student_id, student_no, question_id, student_answer, answer_files, is_correct, score, corrector_id, correct_time, correct_comment, answer_duration, question_content, question_options, correct_answer, create_time) VALUES (?, ?, ?, ?, ?, ?, ?, ?, ?, ?, ?, ?, ?, ?, ?, NOW())\r\n### Cause: java.sql.SQLSyntaxErrorException: Unknown column \'question_content\' in \'field list\'\n; bad SQL grammar []; nested exception is java.sql.SQLSyntaxErrorException: Unknown column \'question_content\' in \'field list\'', '2025-11-15 01:17:23', 7);
INSERT INTO `sys_oper_log` VALUES (469, '保存答案', 1, 'com.ruoyi.web.controller.proj_lwj.ClassExamController.saveAnswer()', 'POST', 1, 'admin', '研发部门', '/proj_lwj/exam/answer/save', '127.0.0.1', '内网IP', '{\"correctAnswer\":\"true\",\"createBy\":\"admin\",\"examId\":4,\"isCorrect\":1,\"params\":{},\"questionId\":10,\"score\":1,\"studentAnswer\":\"true\",\"studentId\":1}', NULL, 1, '\r\n### Error updating database.  Cause: java.sql.SQLSyntaxErrorException: Unknown column \'question_content\' in \'field list\'\r\n### The error may exist in com/ruoyi/proj_lwj/mapper/ClassExamAnswerMapper.java (best guess)\r\n### The error may involve com.ruoyi.proj_lwj.mapper.ClassExamAnswerMapper.insert-Inline\r\n### The error occurred while setting parameters\r\n### SQL: INSERT INTO class_exam_answer (exam_id, student_id, student_no, question_id, student_answer, answer_files, is_correct, score, corrector_id, correct_time, correct_comment, answer_duration, question_content, question_options, correct_answer, create_time) VALUES (?, ?, ?, ?, ?, ?, ?, ?, ?, ?, ?, ?, ?, ?, ?, NOW())\r\n### Cause: java.sql.SQLSyntaxErrorException: Unknown column \'question_content\' in \'field list\'\n; bad SQL grammar []; nested exception is java.sql.SQLSyntaxErrorException: Unknown column \'question_content\' in \'field list\'', '2025-11-15 01:17:53', 7);
INSERT INTO `sys_oper_log` VALUES (470, '保存答案', 1, 'com.ruoyi.web.controller.proj_lwj.ClassExamController.saveAnswer()', 'POST', 1, 'admin', '研发部门', '/proj_lwj/exam/answer/save', '127.0.0.1', '内网IP', '{\"correctAnswer\":\"true\",\"createBy\":\"admin\",\"examId\":4,\"isCorrect\":1,\"params\":{},\"questionId\":10,\"score\":1,\"studentAnswer\":\"true\",\"studentId\":1}', NULL, 1, '\r\n### Error updating database.  Cause: java.sql.SQLSyntaxErrorException: Unknown column \'question_content\' in \'field list\'\r\n### The error may exist in com/ruoyi/proj_lwj/mapper/ClassExamAnswerMapper.java (best guess)\r\n### The error may involve com.ruoyi.proj_lwj.mapper.ClassExamAnswerMapper.insert-Inline\r\n### The error occurred while setting parameters\r\n### SQL: INSERT INTO class_exam_answer (exam_id, student_id, student_no, question_id, student_answer, answer_files, is_correct, score, corrector_id, correct_time, correct_comment, answer_duration, question_content, question_options, correct_answer, create_time) VALUES (?, ?, ?, ?, ?, ?, ?, ?, ?, ?, ?, ?, ?, ?, ?, NOW())\r\n### Cause: java.sql.SQLSyntaxErrorException: Unknown column \'question_content\' in \'field list\'\n; bad SQL grammar []; nested exception is java.sql.SQLSyntaxErrorException: Unknown column \'question_content\' in \'field list\'', '2025-11-15 01:18:23', 6);
INSERT INTO `sys_oper_log` VALUES (471, '保存答案', 1, 'com.ruoyi.web.controller.proj_lwj.ClassExamController.saveAnswer()', 'POST', 1, 'admin', '研发部门', '/proj_lwj/exam/answer/save', '127.0.0.1', '内网IP', '{\"correctAnswer\":\"true\",\"createBy\":\"admin\",\"examId\":4,\"isCorrect\":1,\"params\":{},\"questionId\":10,\"score\":1,\"studentAnswer\":\"true\",\"studentId\":1}', NULL, 1, '\r\n### Error updating database.  Cause: java.sql.SQLIntegrityConstraintViolationException: Column \'student_no\' cannot be null\r\n### The error may exist in com/ruoyi/proj_lwj/mapper/ClassExamAnswerMapper.java (best guess)\r\n### The error may involve com.ruoyi.proj_lwj.mapper.ClassExamAnswerMapper.insert-Inline\r\n### The error occurred while setting parameters\r\n### SQL: INSERT INTO class_exam_answer (exam_id, student_id, student_no, question_id, student_answer, answer_files, is_correct, score, corrector_id, correct_time, correct_comment, answer_duration, question_content, question_options, correct_answer, create_time) VALUES (?, ?, ?, ?, ?, ?, ?, ?, ?, ?, ?, ?, ?, ?, ?, NOW())\r\n### Cause: java.sql.SQLIntegrityConstraintViolationException: Column \'student_no\' cannot be null\n; Column \'student_no\' cannot be null; nested exception is java.sql.SQLIntegrityConstraintViolationException: Column \'student_no\' cannot be null', '2025-11-15 01:18:53', 10);
INSERT INTO `sys_oper_log` VALUES (472, '保存答案', 1, 'com.ruoyi.web.controller.proj_lwj.ClassExamController.saveAnswer()', 'POST', 1, 'admin', '研发部门', '/proj_lwj/exam/answer/save', '127.0.0.1', '内网IP', '{\"correctAnswer\":\"true\",\"createBy\":\"admin\",\"examId\":4,\"isCorrect\":1,\"params\":{},\"questionId\":10,\"score\":1,\"studentAnswer\":\"true\",\"studentId\":1}', NULL, 1, '\r\n### Error updating database.  Cause: java.sql.SQLIntegrityConstraintViolationException: Column \'student_no\' cannot be null\r\n### The error may exist in com/ruoyi/proj_lwj/mapper/ClassExamAnswerMapper.java (best guess)\r\n### The error may involve com.ruoyi.proj_lwj.mapper.ClassExamAnswerMapper.insert-Inline\r\n### The error occurred while setting parameters\r\n### SQL: INSERT INTO class_exam_answer (exam_id, student_id, student_no, question_id, student_answer, answer_files, is_correct, score, corrector_id, correct_time, correct_comment, answer_duration, question_content, question_options, correct_answer, create_time) VALUES (?, ?, ?, ?, ?, ?, ?, ?, ?, ?, ?, ?, ?, ?, ?, NOW())\r\n### Cause: java.sql.SQLIntegrityConstraintViolationException: Column \'student_no\' cannot be null\n; Column \'student_no\' cannot be null; nested exception is java.sql.SQLIntegrityConstraintViolationException: Column \'student_no\' cannot be null', '2025-11-15 01:19:23', 5);
INSERT INTO `sys_oper_log` VALUES (473, '保存答案', 1, 'com.ruoyi.web.controller.proj_lwj.ClassExamController.saveAnswer()', 'POST', 1, 'admin', '研发部门', '/proj_lwj/exam/answer/save', '127.0.0.1', '内网IP', '{\"correctAnswer\":\"true\",\"createBy\":\"admin\",\"examId\":4,\"isCorrect\":1,\"params\":{},\"questionId\":10,\"score\":1,\"studentAnswer\":\"true\",\"studentId\":1}', NULL, 1, '\r\n### Error updating database.  Cause: java.sql.SQLIntegrityConstraintViolationException: Column \'student_no\' cannot be null\r\n### The error may exist in com/ruoyi/proj_lwj/mapper/ClassExamAnswerMapper.java (best guess)\r\n### The error may involve com.ruoyi.proj_lwj.mapper.ClassExamAnswerMapper.insert-Inline\r\n### The error occurred while setting parameters\r\n### SQL: INSERT INTO class_exam_answer (exam_id, student_id, student_no, question_id, student_answer, answer_files, is_correct, score, corrector_id, correct_time, correct_comment, answer_duration, question_content, question_options, correct_answer, create_time) VALUES (?, ?, ?, ?, ?, ?, ?, ?, ?, ?, ?, ?, ?, ?, ?, NOW())\r\n### Cause: java.sql.SQLIntegrityConstraintViolationException: Column \'student_no\' cannot be null\n; Column \'student_no\' cannot be null; nested exception is java.sql.SQLIntegrityConstraintViolationException: Column \'student_no\' cannot be null', '2025-11-15 01:19:35', 12);
INSERT INTO `sys_oper_log` VALUES (474, '保存答案', 1, 'com.ruoyi.web.controller.proj_lwj.ClassExamController.saveAnswer()', 'POST', 1, 'admin', '研发部门', '/proj_lwj/exam/answer/save', '127.0.0.1', '内网IP', '{\"correctAnswer\":\"true\",\"createBy\":\"admin\",\"examId\":4,\"isCorrect\":1,\"params\":{},\"questionId\":10,\"score\":1,\"studentAnswer\":\"true\",\"studentId\":1}', NULL, 1, '\r\n### Error updating database.  Cause: java.sql.SQLIntegrityConstraintViolationException: Column \'student_no\' cannot be null\r\n### The error may exist in com/ruoyi/proj_lwj/mapper/ClassExamAnswerMapper.java (best guess)\r\n### The error may involve com.ruoyi.proj_lwj.mapper.ClassExamAnswerMapper.insert-Inline\r\n### The error occurred while setting parameters\r\n### SQL: INSERT INTO class_exam_answer (exam_id, student_id, student_no, question_id, student_answer, answer_files, is_correct, score, corrector_id, correct_time, correct_comment, answer_duration, question_content, question_options, correct_answer, create_time) VALUES (?, ?, ?, ?, ?, ?, ?, ?, ?, ?, ?, ?, ?, ?, ?, NOW())\r\n### Cause: java.sql.SQLIntegrityConstraintViolationException: Column \'student_no\' cannot be null\n; Column \'student_no\' cannot be null; nested exception is java.sql.SQLIntegrityConstraintViolationException: Column \'student_no\' cannot be null', '2025-11-15 01:20:02', 4);
INSERT INTO `sys_oper_log` VALUES (475, '保存答案', 1, 'com.ruoyi.web.controller.proj_lwj.ClassExamController.saveAnswer()', 'POST', 1, 'admin', '研发部门', '/proj_lwj/exam/answer/save', '127.0.0.1', '内网IP', '{\"correctAnswer\":\"true\",\"createBy\":\"admin\",\"examId\":4,\"isCorrect\":1,\"params\":{},\"questionId\":10,\"score\":1,\"studentAnswer\":\"true\",\"studentId\":1}', NULL, 1, '\r\n### Error updating database.  Cause: java.sql.SQLIntegrityConstraintViolationException: Column \'student_no\' cannot be null\r\n### The error may exist in com/ruoyi/proj_lwj/mapper/ClassExamAnswerMapper.java (best guess)\r\n### The error may involve com.ruoyi.proj_lwj.mapper.ClassExamAnswerMapper.insert-Inline\r\n### The error occurred while setting parameters\r\n### SQL: INSERT INTO class_exam_answer (exam_id, student_id, student_no, question_id, student_answer, answer_files, is_correct, score, corrector_id, correct_time, correct_comment, answer_duration, question_content, question_options, correct_answer, create_time) VALUES (?, ?, ?, ?, ?, ?, ?, ?, ?, ?, ?, ?, ?, ?, ?, NOW())\r\n### Cause: java.sql.SQLIntegrityConstraintViolationException: Column \'student_no\' cannot be null\n; Column \'student_no\' cannot be null; nested exception is java.sql.SQLIntegrityConstraintViolationException: Column \'student_no\' cannot be null', '2025-11-15 01:20:32', 6);
INSERT INTO `sys_oper_log` VALUES (476, '保存答案', 1, 'com.ruoyi.web.controller.proj_lwj.ClassExamController.saveAnswer()', 'POST', 1, 'admin', '研发部门', '/proj_lwj/exam/answer/save', '127.0.0.1', '内网IP', '{\"correctAnswer\":\"true\",\"createBy\":\"admin\",\"examId\":4,\"isCorrect\":1,\"params\":{},\"questionId\":10,\"score\":1,\"studentAnswer\":\"true\",\"studentId\":1}', NULL, 1, '\r\n### Error updating database.  Cause: java.sql.SQLIntegrityConstraintViolationException: Column \'student_no\' cannot be null\r\n### The error may exist in com/ruoyi/proj_lwj/mapper/ClassExamAnswerMapper.java (best guess)\r\n### The error may involve com.ruoyi.proj_lwj.mapper.ClassExamAnswerMapper.insert-Inline\r\n### The error occurred while setting parameters\r\n### SQL: INSERT INTO class_exam_answer (exam_id, student_id, student_no, question_id, student_answer, answer_files, is_correct, score, corrector_id, correct_time, correct_comment, answer_duration, question_content, question_options, correct_answer, create_time) VALUES (?, ?, ?, ?, ?, ?, ?, ?, ?, ?, ?, ?, ?, ?, ?, NOW())\r\n### Cause: java.sql.SQLIntegrityConstraintViolationException: Column \'student_no\' cannot be null\n; Column \'student_no\' cannot be null; nested exception is java.sql.SQLIntegrityConstraintViolationException: Column \'student_no\' cannot be null', '2025-11-15 01:21:02', 5);
INSERT INTO `sys_oper_log` VALUES (477, '保存答案', 1, 'com.ruoyi.web.controller.proj_lwj.ClassExamController.saveAnswer()', 'POST', 1, 'admin', '研发部门', '/proj_lwj/exam/answer/save', '127.0.0.1', '内网IP', '{\"correctAnswer\":\"true\",\"createBy\":\"admin\",\"examId\":4,\"isCorrect\":1,\"params\":{},\"questionId\":10,\"score\":1,\"studentAnswer\":\"true\",\"studentId\":1}', NULL, 1, '\r\n### Error updating database.  Cause: java.sql.SQLIntegrityConstraintViolationException: Column \'student_no\' cannot be null\r\n### The error may exist in com/ruoyi/proj_lwj/mapper/ClassExamAnswerMapper.java (best guess)\r\n### The error may involve com.ruoyi.proj_lwj.mapper.ClassExamAnswerMapper.insert-Inline\r\n### The error occurred while setting parameters\r\n### SQL: INSERT INTO class_exam_answer (exam_id, student_id, student_no, question_id, student_answer, answer_files, is_correct, score, corrector_id, correct_time, correct_comment, answer_duration, question_content, question_options, correct_answer, create_time) VALUES (?, ?, ?, ?, ?, ?, ?, ?, ?, ?, ?, ?, ?, ?, ?, NOW())\r\n### Cause: java.sql.SQLIntegrityConstraintViolationException: Column \'student_no\' cannot be null\n; Column \'student_no\' cannot be null; nested exception is java.sql.SQLIntegrityConstraintViolationException: Column \'student_no\' cannot be null', '2025-11-15 01:21:32', 9);
INSERT INTO `sys_oper_log` VALUES (478, '保存答案', 1, 'com.ruoyi.web.controller.proj_lwj.ClassExamController.saveAnswer()', 'POST', 1, 'admin', '研发部门', '/proj_lwj/exam/answer/save', '127.0.0.1', '内网IP', '{\"correctAnswer\":\"true\",\"createBy\":\"admin\",\"examId\":4,\"isCorrect\":1,\"params\":{},\"questionId\":10,\"score\":1,\"studentAnswer\":\"true\",\"studentId\":1}', NULL, 1, '\r\n### Error updating database.  Cause: java.sql.SQLIntegrityConstraintViolationException: Column \'student_no\' cannot be null\r\n### The error may exist in com/ruoyi/proj_lwj/mapper/ClassExamAnswerMapper.java (best guess)\r\n### The error may involve com.ruoyi.proj_lwj.mapper.ClassExamAnswerMapper.insert-Inline\r\n### The error occurred while setting parameters\r\n### SQL: INSERT INTO class_exam_answer (exam_id, student_id, student_no, question_id, student_answer, answer_files, is_correct, score, corrector_id, correct_time, correct_comment, answer_duration, question_content, question_options, correct_answer, create_time) VALUES (?, ?, ?, ?, ?, ?, ?, ?, ?, ?, ?, ?, ?, ?, ?, NOW())\r\n### Cause: java.sql.SQLIntegrityConstraintViolationException: Column \'student_no\' cannot be null\n; Column \'student_no\' cannot be null; nested exception is java.sql.SQLIntegrityConstraintViolationException: Column \'student_no\' cannot be null', '2025-11-15 01:22:02', 6);
INSERT INTO `sys_oper_log` VALUES (479, '保存答案', 1, 'com.ruoyi.web.controller.proj_lwj.ClassExamController.saveAnswer()', 'POST', 1, 'admin', '研发部门', '/proj_lwj/exam/answer/save', '127.0.0.1', '内网IP', '{\"correctAnswer\":\"true\",\"createBy\":\"admin\",\"examId\":4,\"isCorrect\":1,\"params\":{},\"questionId\":10,\"score\":1,\"studentAnswer\":\"true\",\"studentId\":1}', NULL, 1, '\r\n### Error updating database.  Cause: java.sql.SQLIntegrityConstraintViolationException: Column \'student_no\' cannot be null\r\n### The error may exist in com/ruoyi/proj_lwj/mapper/ClassExamAnswerMapper.java (best guess)\r\n### The error may involve com.ruoyi.proj_lwj.mapper.ClassExamAnswerMapper.insert-Inline\r\n### The error occurred while setting parameters\r\n### SQL: INSERT INTO class_exam_answer (exam_id, student_id, student_no, question_id, student_answer, answer_files, is_correct, score, corrector_id, correct_time, correct_comment, answer_duration, question_content, question_options, correct_answer, create_time) VALUES (?, ?, ?, ?, ?, ?, ?, ?, ?, ?, ?, ?, ?, ?, ?, NOW())\r\n### Cause: java.sql.SQLIntegrityConstraintViolationException: Column \'student_no\' cannot be null\n; Column \'student_no\' cannot be null; nested exception is java.sql.SQLIntegrityConstraintViolationException: Column \'student_no\' cannot be null', '2025-11-15 01:22:32', 7);
INSERT INTO `sys_oper_log` VALUES (480, '保存答案', 1, 'com.ruoyi.web.controller.proj_lwj.ClassExamController.saveAnswer()', 'POST', 1, 'admin', '研发部门', '/proj_lwj/exam/answer/save', '127.0.0.1', '内网IP', '{\"correctAnswer\":\"true\",\"createBy\":\"admin\",\"examId\":4,\"isCorrect\":1,\"params\":{},\"questionId\":10,\"score\":1,\"studentAnswer\":\"true\",\"studentId\":1}', NULL, 1, '\r\n### Error updating database.  Cause: java.sql.SQLIntegrityConstraintViolationException: Column \'student_no\' cannot be null\r\n### The error may exist in com/ruoyi/proj_lwj/mapper/ClassExamAnswerMapper.java (best guess)\r\n### The error may involve com.ruoyi.proj_lwj.mapper.ClassExamAnswerMapper.insert-Inline\r\n### The error occurred while setting parameters\r\n### SQL: INSERT INTO class_exam_answer (exam_id, student_id, student_no, question_id, student_answer, answer_files, is_correct, score, corrector_id, correct_time, correct_comment, answer_duration, question_content, question_options, correct_answer, create_time) VALUES (?, ?, ?, ?, ?, ?, ?, ?, ?, ?, ?, ?, ?, ?, ?, NOW())\r\n### Cause: java.sql.SQLIntegrityConstraintViolationException: Column \'student_no\' cannot be null\n; Column \'student_no\' cannot be null; nested exception is java.sql.SQLIntegrityConstraintViolationException: Column \'student_no\' cannot be null', '2025-11-15 01:23:23', 6);
INSERT INTO `sys_oper_log` VALUES (481, '保存答案', 1, 'com.ruoyi.web.controller.proj_lwj.ClassExamController.saveAnswer()', 'POST', 1, 'admin', '研发部门', '/proj_lwj/exam/answer/save', '127.0.0.1', '内网IP', '{\"correctAnswer\":\"true\",\"createBy\":\"admin\",\"examId\":4,\"isCorrect\":1,\"params\":{},\"questionId\":10,\"score\":1,\"studentAnswer\":\"true\",\"studentId\":1}', NULL, 1, '\r\n### Error updating database.  Cause: java.sql.SQLIntegrityConstraintViolationException: Column \'student_no\' cannot be null\r\n### The error may exist in com/ruoyi/proj_lwj/mapper/ClassExamAnswerMapper.java (best guess)\r\n### The error may involve com.ruoyi.proj_lwj.mapper.ClassExamAnswerMapper.insert-Inline\r\n### The error occurred while setting parameters\r\n### SQL: INSERT INTO class_exam_answer (exam_id, student_id, student_no, question_id, student_answer, answer_files, is_correct, score, corrector_id, correct_time, correct_comment, answer_duration, question_content, question_options, correct_answer, create_time) VALUES (?, ?, ?, ?, ?, ?, ?, ?, ?, ?, ?, ?, ?, ?, ?, NOW())\r\n### Cause: java.sql.SQLIntegrityConstraintViolationException: Column \'student_no\' cannot be null\n; Column \'student_no\' cannot be null; nested exception is java.sql.SQLIntegrityConstraintViolationException: Column \'student_no\' cannot be null', '2025-11-15 01:24:23', 10);
INSERT INTO `sys_oper_log` VALUES (482, '保存答案', 1, 'com.ruoyi.web.controller.proj_lwj.ClassExamController.saveAnswer()', 'POST', 1, 'admin', '研发部门', '/proj_lwj/exam/answer/save', '127.0.0.1', '内网IP', '{\"correctAnswer\":\"true\",\"createBy\":\"admin\",\"examId\":4,\"isCorrect\":1,\"params\":{},\"questionId\":10,\"score\":1,\"studentAnswer\":\"true\",\"studentId\":1}', NULL, 1, '\r\n### Error updating database.  Cause: java.sql.SQLIntegrityConstraintViolationException: Column \'student_no\' cannot be null\r\n### The error may exist in com/ruoyi/proj_lwj/mapper/ClassExamAnswerMapper.java (best guess)\r\n### The error may involve com.ruoyi.proj_lwj.mapper.ClassExamAnswerMapper.insert-Inline\r\n### The error occurred while setting parameters\r\n### SQL: INSERT INTO class_exam_answer (exam_id, student_id, student_no, question_id, student_answer, answer_files, is_correct, score, corrector_id, correct_time, correct_comment, answer_duration, question_content, question_options, correct_answer, create_time) VALUES (?, ?, ?, ?, ?, ?, ?, ?, ?, ?, ?, ?, ?, ?, ?, NOW())\r\n### Cause: java.sql.SQLIntegrityConstraintViolationException: Column \'student_no\' cannot be null\n; Column \'student_no\' cannot be null; nested exception is java.sql.SQLIntegrityConstraintViolationException: Column \'student_no\' cannot be null', '2025-11-15 01:25:23', 6);
INSERT INTO `sys_oper_log` VALUES (483, '保存答案', 1, 'com.ruoyi.web.controller.proj_lwj.ClassExamController.saveAnswer()', 'POST', 1, 'admin', '研发部门', '/proj_lwj/exam/answer/save', '127.0.0.1', '内网IP', '{\"correctAnswer\":\"true\",\"createBy\":\"admin\",\"examId\":4,\"isCorrect\":1,\"params\":{},\"questionId\":10,\"score\":1,\"studentAnswer\":\"true\",\"studentId\":1}', NULL, 1, '\r\n### Error updating database.  Cause: java.sql.SQLIntegrityConstraintViolationException: Column \'student_no\' cannot be null\r\n### The error may exist in com/ruoyi/proj_lwj/mapper/ClassExamAnswerMapper.java (best guess)\r\n### The error may involve com.ruoyi.proj_lwj.mapper.ClassExamAnswerMapper.insert-Inline\r\n### The error occurred while setting parameters\r\n### SQL: INSERT INTO class_exam_answer (exam_id, student_id, student_no, question_id, student_answer, answer_files, is_correct, score, corrector_id, correct_time, correct_comment, answer_duration, question_content, question_options, correct_answer, create_time) VALUES (?, ?, ?, ?, ?, ?, ?, ?, ?, ?, ?, ?, ?, ?, ?, NOW())\r\n### Cause: java.sql.SQLIntegrityConstraintViolationException: Column \'student_no\' cannot be null\n; Column \'student_no\' cannot be null; nested exception is java.sql.SQLIntegrityConstraintViolationException: Column \'student_no\' cannot be null', '2025-11-15 01:26:23', 7);
INSERT INTO `sys_oper_log` VALUES (484, '保存答案', 1, 'com.ruoyi.web.controller.proj_lwj.ClassExamController.saveAnswer()', 'POST', 1, 'admin', '研发部门', '/proj_lwj/exam/answer/save', '127.0.0.1', '内网IP', '{\"correctAnswer\":\"true\",\"createBy\":\"admin\",\"examId\":4,\"isCorrect\":1,\"params\":{},\"questionId\":10,\"score\":1,\"studentAnswer\":\"true\",\"studentId\":1}', NULL, 1, '\r\n### Error updating database.  Cause: java.sql.SQLIntegrityConstraintViolationException: Column \'student_no\' cannot be null\r\n### The error may exist in com/ruoyi/proj_lwj/mapper/ClassExamAnswerMapper.java (best guess)\r\n### The error may involve com.ruoyi.proj_lwj.mapper.ClassExamAnswerMapper.insert-Inline\r\n### The error occurred while setting parameters\r\n### SQL: INSERT INTO class_exam_answer (exam_id, student_id, student_no, question_id, student_answer, answer_files, is_correct, score, corrector_id, correct_time, correct_comment, answer_duration, question_content, question_options, correct_answer, create_time) VALUES (?, ?, ?, ?, ?, ?, ?, ?, ?, ?, ?, ?, ?, ?, ?, NOW())\r\n### Cause: java.sql.SQLIntegrityConstraintViolationException: Column \'student_no\' cannot be null\n; Column \'student_no\' cannot be null; nested exception is java.sql.SQLIntegrityConstraintViolationException: Column \'student_no\' cannot be null', '2025-11-15 01:27:23', 6);
INSERT INTO `sys_oper_log` VALUES (485, '保存答案', 1, 'com.ruoyi.web.controller.proj_lwj.ClassExamController.saveAnswer()', 'POST', 1, 'admin', '研发部门', '/proj_lwj/exam/answer/save', '127.0.0.1', '内网IP', '{\"correctAnswer\":\"true\",\"createBy\":\"admin\",\"examId\":4,\"isCorrect\":1,\"params\":{},\"questionId\":10,\"score\":1,\"studentAnswer\":\"true\",\"studentId\":1}', NULL, 1, '\r\n### Error updating database.  Cause: java.sql.SQLIntegrityConstraintViolationException: Column \'student_no\' cannot be null\r\n### The error may exist in com/ruoyi/proj_lwj/mapper/ClassExamAnswerMapper.java (best guess)\r\n### The error may involve com.ruoyi.proj_lwj.mapper.ClassExamAnswerMapper.insert-Inline\r\n### The error occurred while setting parameters\r\n### SQL: INSERT INTO class_exam_answer (exam_id, student_id, student_no, question_id, student_answer, answer_files, is_correct, score, corrector_id, correct_time, correct_comment, answer_duration, question_content, question_options, correct_answer, create_time) VALUES (?, ?, ?, ?, ?, ?, ?, ?, ?, ?, ?, ?, ?, ?, ?, NOW())\r\n### Cause: java.sql.SQLIntegrityConstraintViolationException: Column \'student_no\' cannot be null\n; Column \'student_no\' cannot be null; nested exception is java.sql.SQLIntegrityConstraintViolationException: Column \'student_no\' cannot be null', '2025-11-15 01:28:19', 6);
INSERT INTO `sys_oper_log` VALUES (486, '保存答案', 1, 'com.ruoyi.web.controller.proj_lwj.ClassExamController.saveAnswer()', 'POST', 1, 'admin', '研发部门', '/proj_lwj/exam/answer/save', '127.0.0.1', '内网IP', '{\"correctAnswer\":\"true\",\"createBy\":\"admin\",\"examId\":4,\"id\":1,\"isCorrect\":1,\"params\":{},\"questionContent\":\"1\",\"questionId\":10,\"questionOptions\":\"\",\"score\":1,\"studentAnswer\":\"true\",\"studentId\":1,\"studentNo\":\"2022141460087\"}', '{\"msg\":\"操作成功\",\"code\":200,\"data\":{\"correctAnswer\":\"true\",\"createBy\":\"admin\",\"examId\":4,\"id\":1,\"isCorrect\":1,\"params\":{},\"questionContent\":\"1\",\"questionId\":10,\"score\":1,\"studentAnswer\":\"true\",\"studentId\":1,\"studentNo\":\"2022141460087\"}}', 0, NULL, '2025-11-15 01:28:32', 30);
INSERT INTO `sys_oper_log` VALUES (487, '保存答案', 1, 'com.ruoyi.web.controller.proj_lwj.ClassExamController.saveAnswer()', 'POST', 1, 'admin', '研发部门', '/proj_lwj/exam/answer/save', '127.0.0.1', '内网IP', '{\"correctAnswer\":\"true\",\"createBy\":\"admin\",\"examId\":4,\"id\":2,\"isCorrect\":1,\"params\":{},\"questionContent\":\"2\",\"questionId\":11,\"questionOptions\":\"\",\"score\":1,\"studentAnswer\":\"true\",\"studentId\":1,\"studentNo\":\"2022141460087\"}', '{\"msg\":\"操作成功\",\"code\":200,\"data\":{\"correctAnswer\":\"true\",\"createBy\":\"admin\",\"examId\":4,\"id\":2,\"isCorrect\":1,\"params\":{},\"questionContent\":\"2\",\"questionId\":11,\"score\":1,\"studentAnswer\":\"true\",\"studentId\":1,\"studentNo\":\"2022141460087\"}}', 0, NULL, '2025-11-15 01:31:26', 28);
INSERT INTO `sys_oper_log` VALUES (488, '保存答案', 1, 'com.ruoyi.web.controller.proj_lwj.ClassExamController.saveAnswer()', 'POST', 1, 'admin', '研发部门', '/proj_lwj/exam/answer/save', '127.0.0.1', '内网IP', '{\"correctAnswer\":\"true\",\"createBy\":\"admin\",\"examId\":4,\"id\":3,\"isCorrect\":0,\"params\":{},\"questionContent\":\"3\",\"questionId\":12,\"questionOptions\":\"\",\"score\":1,\"studentAnswer\":\"false\",\"studentId\":1,\"studentNo\":\"2022141460087\"}', '{\"msg\":\"操作成功\",\"code\":200,\"data\":{\"correctAnswer\":\"true\",\"createBy\":\"admin\",\"examId\":4,\"id\":3,\"isCorrect\":0,\"params\":{},\"questionContent\":\"3\",\"questionId\":12,\"score\":1,\"studentAnswer\":\"false\",\"studentId\":1,\"studentNo\":\"2022141460087\"}}', 0, NULL, '2025-11-15 01:31:31', 29);
INSERT INTO `sys_oper_log` VALUES (489, '保存答案', 1, 'com.ruoyi.web.controller.proj_lwj.ClassExamController.saveAnswer()', 'POST', 1, 'admin', '研发部门', '/proj_lwj/exam/answer/save', '127.0.0.1', '内网IP', '{\"correctAnswer\":\"true\",\"createBy\":\"admin\",\"examId\":4,\"id\":4,\"isCorrect\":0,\"params\":{},\"questionContent\":\"4\",\"questionId\":13,\"questionOptions\":\"\",\"score\":1,\"studentAnswer\":\"false\",\"studentId\":1,\"studentNo\":\"2022141460087\"}', '{\"msg\":\"操作成功\",\"code\":200,\"data\":{\"correctAnswer\":\"true\",\"createBy\":\"admin\",\"examId\":4,\"id\":4,\"isCorrect\":0,\"params\":{},\"questionContent\":\"4\",\"questionId\":13,\"score\":1,\"studentAnswer\":\"false\",\"studentId\":1,\"studentNo\":\"2022141460087\"}}', 0, NULL, '2025-11-15 01:31:36', 27);
INSERT INTO `sys_oper_log` VALUES (490, '保存答案', 1, 'com.ruoyi.web.controller.proj_lwj.ClassExamController.saveAnswer()', 'POST', 1, 'admin', '研发部门', '/proj_lwj/exam/answer/save', '127.0.0.1', '内网IP', '{\"correctAnswer\":\"true\",\"examId\":4,\"isCorrect\":1,\"params\":{},\"questionContent\":\"1\",\"questionId\":10,\"questionOptions\":\"\",\"score\":1,\"studentAnswer\":\"true\",\"studentId\":1,\"studentNo\":\"2022141460087\"}', '{\"msg\":\"操作成功\",\"code\":200,\"data\":{\"correctAnswer\":\"true\",\"createTime\":\"2025-11-15 01:28:32\",\"examId\":4,\"id\":1,\"isCorrect\":1,\"params\":{},\"questionContent\":\"1\",\"questionId\":10,\"score\":1,\"studentAnswer\":\"true\",\"studentId\":1,\"studentNo\":\"2022141460087\",\"updateBy\":\"admin\",\"updateTime\":\"2025-11-15 01:28:32\"}}', 0, NULL, '2025-11-15 01:32:24', 20);
INSERT INTO `sys_oper_log` VALUES (491, '保存答案', 1, 'com.ruoyi.web.controller.proj_lwj.ClassExamController.saveAnswer()', 'POST', 1, 'admin', '研发部门', '/proj_lwj/exam/answer/save', '127.0.0.1', '内网IP', '{\"correctAnswer\":\"true\",\"examId\":4,\"isCorrect\":1,\"params\":{},\"questionContent\":\"2\",\"questionId\":11,\"questionOptions\":\"\",\"score\":1,\"studentAnswer\":\"true\",\"studentId\":1,\"studentNo\":\"2022141460087\"}', '{\"msg\":\"操作成功\",\"code\":200,\"data\":{\"correctAnswer\":\"true\",\"createTime\":\"2025-11-15 01:31:26\",\"examId\":4,\"id\":2,\"isCorrect\":1,\"params\":{},\"questionContent\":\"2\",\"questionId\":11,\"score\":1,\"studentAnswer\":\"true\",\"studentId\":1,\"studentNo\":\"2022141460087\",\"updateBy\":\"admin\",\"updateTime\":\"2025-11-15 01:31:26\"}}', 0, NULL, '2025-11-15 01:32:27', 27);
INSERT INTO `sys_oper_log` VALUES (492, '作业管理', 1, 'com.ruoyi.web.controller.proj_lwj.ClassHomeworkController.add()', 'POST', 1, 'admin', '研发部门', '/proj_lwj/homework', '127.0.0.1', '内网IP', '{\"attachments\":\"/profile/upload/2025/11/15/测试作业_20251115164631A001.docx\",\"content\":\"00000\",\"courseId\":1,\"createBy\":\"admin\",\"deadline\":\"2025-11-22 00:00:00\",\"homeworkId\":52,\"params\":{},\"sessionId\":1,\"title\":\"1111111\",\"totalScore\":100}', '{\"msg\":\"操作成功\",\"code\":200}', 0, NULL, '2025-11-15 16:47:31', 444);
INSERT INTO `sys_oper_log` VALUES (493, '作业管理', 3, 'com.ruoyi.web.controller.proj_lwj.ClassHomeworkController.remove()', 'DELETE', 1, 'admin', '研发部门', '/proj_lwj/homework/51', '127.0.0.1', '内网IP', '{\"cascade\":\"true\"}', '{\"msg\":\"操作成功\",\"code\":200}', 0, NULL, '2025-11-15 16:47:50', 35);
INSERT INTO `sys_oper_log` VALUES (494, '作业管理', 2, 'com.ruoyi.web.controller.proj_lwj.ClassHomeworkController.edit()', 'PUT', 1, 'admin', '研发部门', '/proj_lwj/homework', '127.0.0.1', '内网IP', '{\"attachments\":\"\",\"content\":\"22\",\"courseId\":1,\"deadline\":\"2025-11-14 00:00:00\",\"homeworkId\":26,\"params\":{},\"sessionId\":1,\"title\":\"面板\",\"totalScore\":100,\"updateBy\":\"admin\"}', '{\"msg\":\"操作成功\",\"code\":200}', 0, NULL, '2025-11-15 16:48:09', 20);
INSERT INTO `sys_oper_log` VALUES (495, '作业管理', 2, 'com.ruoyi.web.controller.proj_lwj.ClassHomeworkController.edit()', 'PUT', 1, 'admin', '研发部门', '/proj_lwj/homework', '127.0.0.1', '内网IP', '{\"attachments\":\"\",\"content\":\"22\",\"courseId\":1,\"deadline\":\"2025-11-18 00:00:00\",\"homeworkId\":26,\"params\":{},\"sessionId\":1,\"title\":\"面板\",\"totalScore\":100,\"updateBy\":\"admin\"}', '{\"msg\":\"操作成功\",\"code\":200}', 0, NULL, '2025-11-15 16:48:28', 461);
INSERT INTO `sys_oper_log` VALUES (496, '作业提交', 1, 'com.ruoyi.web.controller.proj_lwj.ClassHomeworkController.submit()', 'POST', 1, 'admin', '研发部门', '/proj_lwj/homework/submit', '127.0.0.1', '内网IP', '{\"createBy\":\"admin\",\"homeworkId\":52,\"params\":{},\"status\":1,\"studentHomeworkId\":33,\"studentId\":38,\"studentNo\":\"2023141460368\",\"submissionFiles\":\"/profile/upload/2025/11/15/测试作业_20251115170437A004.docx\",\"submitTime\":\"2025-11-15 17:04:38\"}', '{\"msg\":\"操作成功\",\"code\":200}', 0, NULL, '2025-11-15 17:04:38', 102);
INSERT INTO `sys_oper_log` VALUES (497, '作业提交', 3, 'com.ruoyi.web.controller.proj_lwj.ClassHomeworkController.deleteSubmission()', 'DELETE', 1, 'admin', '研发部门', '/proj_lwj/homework/submission/33', '127.0.0.1', '内网IP', '33', '{\"msg\":\"操作成功\",\"code\":200}', 0, NULL, '2025-11-15 17:04:48', 48);
INSERT INTO `sys_oper_log` VALUES (498, '作业提交', 1, 'com.ruoyi.web.controller.proj_lwj.ClassHomeworkController.submit()', 'POST', 1, 'admin', '研发部门', '/proj_lwj/homework/submit', '127.0.0.1', '内网IP', '{\"createBy\":\"admin\",\"homeworkId\":52,\"params\":{},\"status\":1,\"studentHomeworkId\":34,\"studentId\":38,\"studentNo\":\"2023141460368\",\"submissionFiles\":\"/profile/upload/2025/11/15/测试作业_20251115170459A005.docx\",\"submitTime\":\"2025-11-15 17:05:30\"}', '{\"msg\":\"操作成功\",\"code\":200}', 0, NULL, '2025-11-15 17:05:31', 56);
INSERT INTO `sys_oper_log` VALUES (499, '作业提交', 3, 'com.ruoyi.web.controller.proj_lwj.ClassHomeworkController.deleteSubmission()', 'DELETE', 1, 'admin', '研发部门', '/proj_lwj/homework/submission/16', '127.0.0.1', '内网IP', '16', '{\"msg\":\"操作成功\",\"code\":200}', 0, NULL, '2025-11-15 17:05:58', 23);
INSERT INTO `sys_oper_log` VALUES (500, '作业提交', 2, 'com.ruoyi.web.controller.proj_lwj.ClassHomeworkController.updateSubmit()', 'PUT', 1, 'admin', '研发部门', '/proj_lwj/homework/submit', '127.0.0.1', '内网IP', '{\"homeworkId\":52,\"params\":{},\"studentHomeworkId\":34,\"submissionFiles\":\"/profile/upload/2025/11/15/测试作业_20251115170459A005.docx,/profile/upload/2025/11/15/考试管理_20251115170609A006.txt\",\"submitTime\":\"2025-11-15 17:06:24\",\"updateBy\":\"admin\"}', NULL, 1, '\r\n### Error updating database.  Cause: java.sql.SQLIntegrityConstraintViolationException: Column \'student_id\' cannot be null\r\n### The error may exist in com/ruoyi/proj_lwj/mapper/ClassStudentHomeworkMapper.java (best guess)\r\n### The error may involve com.ruoyi.proj_lwj.mapper.ClassStudentHomeworkMapper.update-Inline\r\n### The error occurred while setting parameters\r\n### SQL: UPDATE class_student_homework SET student_id=?, student_no=?, student_name=?, submission_files=?, submit_time=?, status=?, grade=?, grade_comment=?, update_by=?, update_time=NOW() WHERE id=?\r\n### Cause: java.sql.SQLIntegrityConstraintViolationException: Column \'student_id\' cannot be null\n; Column \'student_id\' cannot be null; nested exception is java.sql.SQLIntegrityConstraintViolationException: Column \'student_id\' cannot be null', '2025-11-15 17:06:29', 4752);
INSERT INTO `sys_oper_log` VALUES (501, '作业提交', 2, 'com.ruoyi.web.controller.proj_lwj.ClassHomeworkController.updateSubmit()', 'PUT', 1, 'admin', '研发部门', '/proj_lwj/homework/submit', '127.0.0.1', '内网IP', '{\"homeworkId\":52,\"params\":{},\"studentHomeworkId\":34,\"submissionFiles\":\"/profile/upload/2025/11/15/考试管理_20251115170651A007.txt\",\"submitTime\":\"2025-11-15 17:06:54\",\"updateBy\":\"admin\"}', NULL, 1, '\r\n### Error updating database.  Cause: java.sql.SQLIntegrityConstraintViolationException: Column \'student_id\' cannot be null\r\n### The error may exist in com/ruoyi/proj_lwj/mapper/ClassStudentHomeworkMapper.java (best guess)\r\n### The error may involve com.ruoyi.proj_lwj.mapper.ClassStudentHomeworkMapper.update-Inline\r\n### The error occurred while setting parameters\r\n### SQL: UPDATE class_student_homework SET student_id=?, student_no=?, student_name=?, submission_files=?, submit_time=?, status=?, grade=?, grade_comment=?, update_by=?, update_time=NOW() WHERE id=?\r\n### Cause: java.sql.SQLIntegrityConstraintViolationException: Column \'student_id\' cannot be null\n; Column \'student_id\' cannot be null; nested exception is java.sql.SQLIntegrityConstraintViolationException: Column \'student_id\' cannot be null', '2025-11-15 17:06:55', 128);
INSERT INTO `sys_oper_log` VALUES (502, '作业提交', 2, 'com.ruoyi.web.controller.proj_lwj.ClassHomeworkController.updateSubmit()', 'PUT', 1, 'admin', '研发部门', '/proj_lwj/homework/submit', '127.0.0.1', '内网IP', '{\"homeworkId\":52,\"params\":{},\"studentHomeworkId\":34,\"submissionFiles\":\"/profile/upload/2025/11/15/测试作业_20251115170459A005.docx\",\"submitTime\":\"2025-11-15 17:07:33\",\"updateBy\":\"admin\"}', NULL, 1, '\r\n### Error updating database.  Cause: java.sql.SQLIntegrityConstraintViolationException: Column \'student_id\' cannot be null\r\n### The error may exist in com/ruoyi/proj_lwj/mapper/ClassStudentHomeworkMapper.java (best guess)\r\n### The error may involve com.ruoyi.proj_lwj.mapper.ClassStudentHomeworkMapper.update-Inline\r\n### The error occurred while setting parameters\r\n### SQL: UPDATE class_student_homework SET student_id=?, student_no=?, student_name=?, submission_files=?, submit_time=?, status=?, grade=?, grade_comment=?, update_by=?, update_time=NOW() WHERE id=?\r\n### Cause: java.sql.SQLIntegrityConstraintViolationException: Column \'student_id\' cannot be null\n; Column \'student_id\' cannot be null; nested exception is java.sql.SQLIntegrityConstraintViolationException: Column \'student_id\' cannot be null', '2025-11-15 17:07:35', 39);
INSERT INTO `sys_oper_log` VALUES (503, '作业提交', 2, 'com.ruoyi.web.controller.proj_lwj.ClassHomeworkController.updateSubmit()', 'PUT', 1, 'admin', '研发部门', '/proj_lwj/homework/submit', '127.0.0.1', '内网IP', '{\"homeworkId\":52,\"params\":{},\"studentHomeworkId\":34,\"submissionFiles\":\"/profile/upload/2025/11/15/考试管理_20251115171126A001.txt\",\"submitTime\":\"2025-11-15 17:11:27\",\"updateBy\":\"admin\"}', '{\"msg\":\"操作成功\",\"code\":200}', 0, NULL, '2025-11-15 17:11:27', 66);
INSERT INTO `sys_oper_log` VALUES (504, '作业提交', 2, 'com.ruoyi.web.controller.proj_lwj.ClassHomeworkController.updateSubmit()', 'PUT', 1, 'admin', '研发部门', '/proj_lwj/homework/submit', '127.0.0.1', '内网IP', '{\"homeworkId\":52,\"params\":{},\"studentHomeworkId\":34,\"submissionFiles\":\"/profile/upload/2025/11/15/考试管理_20251115171126A001.txt,/profile/upload/2025/11/15/考试相关数据表_20251115171152A002.txt\",\"submitTime\":\"2025-11-15 17:12:57\",\"updateBy\":\"admin\"}', '{\"msg\":\"操作成功\",\"code\":200}', 0, NULL, '2025-11-15 17:12:57', 16);
INSERT INTO `sys_oper_log` VALUES (505, '作业批改', 2, 'com.ruoyi.web.controller.proj_lwj.ClassHomeworkController.gradeSubmission()', 'PUT', 1, 'admin', '研发部门', '/proj_lwj/homework/grade', '127.0.0.1', '内网IP', '{\"correctedBy\":1,\"correctedTime\":\"2025-11-15 17:18:12\",\"homeworkId\":52,\"isGraded\":1,\"params\":{},\"remark\":\"111\",\"score\":90,\"status\":2,\"studentHomeworkId\":34,\"studentId\":38,\"updateBy\":\"admin\"}', '{\"msg\":\"操作成功\",\"code\":200}', 0, NULL, '2025-11-15 17:18:12', 32);
INSERT INTO `sys_oper_log` VALUES (506, '待办事项', 1, 'com.ruoyi.web.controller.proj_cyq.TodoController.add()', 'POST', 1, 'admin', '研发部门', '/proj_cyq/todo', '127.0.0.1', '内网IP', '{\"content\":\"城市\",\"createBy\":\"admin\",\"createTime\":\"2025-11-16 01:02:50\",\"endTime\":\"2025-11-17 01:04:00\",\"isReminded\":\"0\",\"messageRead\":\"0\",\"messageStatus\":\"0\",\"params\":{},\"priority\":\"2\",\"remindTime\":\"2025-11-16 01:04:00\",\"startTime\":\"2025-11-16 01:01:39\",\"status\":\"0\",\"title\":\"生成\",\"todoId\":27,\"todoType\":\"study\",\"userId\":1}', '{\"msg\":\"操作成功\",\"code\":200}', 0, NULL, '2025-11-16 01:02:50', 13);
INSERT INTO `sys_oper_log` VALUES (507, '待办事项', 1, 'com.ruoyi.web.controller.proj_cyq.TodoController.add()', 'POST', 1, 'admin', '研发部门', '/proj_cyq/todo', '127.0.0.1', '内网IP', '{\"content\":\"测试\",\"createBy\":\"admin\",\"createTime\":\"2025-11-16 01:19:28\",\"endTime\":\"2025-11-16 01:22:08\",\"isReminded\":\"0\",\"messageRead\":\"0\",\"messageStatus\":\"0\",\"params\":{},\"priority\":\"1\",\"remindTime\":\"2025-11-15 01:22:08\",\"startTime\":\"2025-11-16 01:19:03\",\"status\":\"0\",\"title\":\"传说\",\"todoId\":28,\"todoType\":\"study\",\"userId\":1}', '{\"msg\":\"操作成功\",\"code\":200}', 0, NULL, '2025-11-16 01:19:28', 23);
INSERT INTO `sys_oper_log` VALUES (508, '标记作业消息已读', 2, 'com.ruoyi.web.controller.proj_cyq.MessageController.markHomeworkAsRead()', 'PUT', 1, 'admin', '研发部门', '/proj_cyq/message/read/homework/52', '127.0.0.1', '内网IP', '52', '{\"msg\":\"操作成功\",\"code\":200}', 0, NULL, '2025-11-16 01:19:55', 12);
INSERT INTO `sys_oper_log` VALUES (509, '标记待办消息已读', 2, 'com.ruoyi.web.controller.proj_cyq.MessageController.markTodoAsRead()', 'PUT', 1, 'admin', '研发部门', '/proj_cyq/message/read/todo/27', '127.0.0.1', '内网IP', '27', '{\"msg\":\"操作成功\",\"code\":200}', 0, NULL, '2025-11-16 01:19:56', 6);
INSERT INTO `sys_oper_log` VALUES (510, '删除消息', 3, 'com.ruoyi.web.controller.proj_cyq.MessageController.deleteMessage()', 'DELETE', 1, 'admin', '研发部门', '/proj_cyq/message/todo_27', '127.0.0.1', '内网IP', '\"todo_27\"', '{\"msg\":\"操作成功\",\"code\":200}', 0, NULL, '2025-11-16 01:19:59', 6);
INSERT INTO `sys_oper_log` VALUES (511, '批量标记消息已读', 2, 'com.ruoyi.web.controller.proj_cyq.MessageController.markAllAsRead()', 'PUT', 1, 'admin', '研发部门', '/proj_cyq/message/read/all', '127.0.0.1', '内网IP', '', '{\"msg\":\"操作成功\",\"code\":200}', 0, NULL, '2025-11-16 01:20:10', 35);
INSERT INTO `sys_oper_log` VALUES (512, '删除消息', 3, 'com.ruoyi.web.controller.proj_cyq.MessageController.deleteMessage()', 'DELETE', 1, 'admin', '研发部门', '/proj_cyq/message/todo_28', '127.0.0.1', '内网IP', '\"todo_28\"', '{\"msg\":\"操作成功\",\"code\":200}', 0, NULL, '2025-11-16 01:20:13', 5);
INSERT INTO `sys_oper_log` VALUES (513, '待办事项', 1, 'com.ruoyi.web.controller.proj_cyq.TodoController.add()', 'POST', 1, 'admin', '研发部门', '/proj_cyq/todo', '127.0.0.1', '内网IP', '{\"content\":\"11\",\"createBy\":\"admin\",\"createTime\":\"2025-11-16 01:20:50\",\"endTime\":\"2025-11-17 01:23:05\",\"isReminded\":\"0\",\"messageRead\":\"0\",\"messageStatus\":\"0\",\"params\":{},\"priority\":\"0\",\"remindTime\":\"2025-11-16 01:23:05\",\"startTime\":\"2025-11-16 01:20:26\",\"status\":\"0\",\"title\":\"111\",\"todoId\":29,\"todoType\":\"study\",\"userId\":1}', '{\"msg\":\"操作成功\",\"code\":200}', 0, NULL, '2025-11-16 01:20:50', 10);
INSERT INTO `sys_oper_log` VALUES (514, '批量标记消息已读', 2, 'com.ruoyi.web.controller.proj_cyq.MessageController.markAllAsRead()', 'PUT', 1, 'admin', '研发部门', '/proj_cyq/message/read/all', '127.0.0.1', '内网IP', '', '{\"msg\":\"操作成功\",\"code\":200}', 0, NULL, '2025-11-16 01:23:29', 16);
INSERT INTO `sys_oper_log` VALUES (515, '批量标记消息已读', 2, 'com.ruoyi.web.controller.proj_cyq.MessageController.markAllAsRead()', 'PUT', 1, 'admin', '研发部门', '/proj_cyq/message/read/all', '127.0.0.1', '内网IP', '', '{\"msg\":\"操作成功\",\"code\":200}', 0, NULL, '2025-11-16 01:23:35', 22);
INSERT INTO `sys_oper_log` VALUES (516, '批量标记消息已读', 2, 'com.ruoyi.web.controller.proj_cyq.MessageController.markAllAsRead()', 'PUT', 1, 'admin', '研发部门', '/proj_cyq/message/read/all', '127.0.0.1', '内网IP', '', '{\"msg\":\"操作成功\",\"code\":200}', 0, NULL, '2025-11-16 01:23:38', 15);
INSERT INTO `sys_oper_log` VALUES (517, '批量标记消息已读', 2, 'com.ruoyi.web.controller.proj_cyq.MessageController.markAllAsRead()', 'PUT', 1, 'admin', '研发部门', '/proj_cyq/message/read/all', '127.0.0.1', '内网IP', '', '{\"msg\":\"操作成功\",\"code\":200}', 0, NULL, '2025-11-16 01:23:39', 20);
INSERT INTO `sys_oper_log` VALUES (518, '批量标记消息已读', 2, 'com.ruoyi.web.controller.proj_cyq.MessageController.markAllAsRead()', 'PUT', 1, 'admin', '研发部门', '/proj_cyq/message/read/all', '127.0.0.1', '内网IP', '', '{\"msg\":\"操作成功\",\"code\":200}', 0, NULL, '2025-11-16 01:23:42', 19);
INSERT INTO `sys_oper_log` VALUES (519, '批量标记消息已读', 2, 'com.ruoyi.web.controller.proj_cyq.MessageController.markAllAsRead()', 'PUT', 1, 'admin', '研发部门', '/proj_cyq/message/read/all', '127.0.0.1', '内网IP', '', '{\"msg\":\"操作成功\",\"code\":200}', 0, NULL, '2025-11-16 01:23:43', 24);
INSERT INTO `sys_oper_log` VALUES (520, '批量标记消息已读', 2, 'com.ruoyi.web.controller.proj_cyq.MessageController.markAllAsRead()', 'PUT', 1, 'admin', '研发部门', '/proj_cyq/message/read/all', '127.0.0.1', '内网IP', '', '{\"msg\":\"操作成功\",\"code\":200}', 0, NULL, '2025-11-16 01:23:45', 15);
INSERT INTO `sys_oper_log` VALUES (521, '批量标记消息已读', 2, 'com.ruoyi.web.controller.proj_cyq.MessageController.markAllAsRead()', 'PUT', 1, 'admin', '研发部门', '/proj_cyq/message/read/all', '127.0.0.1', '内网IP', '', '{\"msg\":\"操作成功\",\"code\":200}', 0, NULL, '2025-11-16 01:23:47', 10);
INSERT INTO `sys_oper_log` VALUES (522, '批量标记消息已读', 2, 'com.ruoyi.web.controller.proj_cyq.MessageController.markAllAsRead()', 'PUT', 1, 'admin', '研发部门', '/proj_cyq/message/read/all', '127.0.0.1', '内网IP', '', '{\"msg\":\"操作成功\",\"code\":200}', 0, NULL, '2025-11-16 01:23:55', 20);
INSERT INTO `sys_oper_log` VALUES (523, '待办事项', 3, 'com.ruoyi.web.controller.proj_cyq.TodoController.remove()', 'DELETE', 1, 'admin', '研发部门', '/proj_cyq/todo/28', '127.0.0.1', '内网IP', '28', '{\"msg\":\"操作成功\",\"code\":200}', 0, NULL, '2025-11-16 01:24:04', 5);
INSERT INTO `sys_oper_log` VALUES (524, '待办事项', 3, 'com.ruoyi.web.controller.proj_cyq.TodoController.remove()', 'DELETE', 1, 'admin', '研发部门', '/proj_cyq/todo/27', '127.0.0.1', '内网IP', '27', '{\"msg\":\"操作成功\",\"code\":200}', 0, NULL, '2025-11-16 01:24:06', 5);
INSERT INTO `sys_oper_log` VALUES (525, '批量标记消息已读', 2, 'com.ruoyi.web.controller.proj_cyq.MessageController.markAllAsRead()', 'PUT', 1, 'admin', '研发部门', '/proj_cyq/message/read/all', '127.0.0.1', '内网IP', '', '{\"msg\":\"操作成功\",\"code\":200}', 0, NULL, '2025-11-16 01:24:12', 11);
INSERT INTO `sys_oper_log` VALUES (526, '批量标记消息已读', 2, 'com.ruoyi.web.controller.proj_cyq.MessageController.markAllAsRead()', 'PUT', 1, 'admin', '研发部门', '/proj_cyq/message/read/all', '127.0.0.1', '内网IP', '', '{\"msg\":\"操作成功\",\"code\":200}', 0, NULL, '2025-11-16 01:24:13', 11);
INSERT INTO `sys_oper_log` VALUES (527, '批量标记消息已读', 2, 'com.ruoyi.web.controller.proj_cyq.MessageController.markAllAsRead()', 'PUT', 1, 'admin', '研发部门', '/proj_cyq/message/read/all', '127.0.0.1', '内网IP', '', '{\"msg\":\"操作成功\",\"code\":200}', 0, NULL, '2025-11-16 01:24:33', 15);
INSERT INTO `sys_oper_log` VALUES (528, '待办事项', 1, 'com.ruoyi.web.controller.proj_cyq.TodoController.add()', 'POST', 1, 'admin', '研发部门', '/proj_cyq/todo', '127.0.0.1', '内网IP', '{\"content\":\"不会\",\"createBy\":\"admin\",\"createTime\":\"2025-11-16 01:32:50\",\"endTime\":\"2025-11-17 01:34:00\",\"isReminded\":\"0\",\"messageRead\":\"0\",\"messageStatus\":\"0\",\"params\":{},\"priority\":\"0\",\"remindTime\":\"2025-11-16 01:34:00\",\"startTime\":\"2025-11-16 01:32:37\",\"status\":\"0\",\"title\":\"你好\",\"todoId\":30,\"todoType\":\"other\",\"userId\":1}', '{\"msg\":\"操作成功\",\"code\":200}', 0, NULL, '2025-11-16 01:32:51', 104);
INSERT INTO `sys_oper_log` VALUES (529, '标记待办消息已读', 2, 'com.ruoyi.web.controller.proj_cyq.MessageController.markTodoAsRead()', 'PUT', 1, 'admin', '研发部门', '/proj_cyq/message/read/todo/30', '127.0.0.1', '内网IP', '30', '{\"msg\":\"操作成功\",\"code\":200}', 0, NULL, '2025-11-16 01:32:59', 4);
INSERT INTO `sys_oper_log` VALUES (530, '删除消息', 3, 'com.ruoyi.web.controller.proj_cyq.MessageController.deleteMessage()', 'DELETE', 1, 'admin', '研发部门', '/proj_cyq/message/todo_30', '127.0.0.1', '内网IP', '\"todo_30\"', '{\"msg\":\"操作成功\",\"code\":200}', 0, NULL, '2025-11-16 01:33:02', 8);
INSERT INTO `sys_oper_log` VALUES (531, '批量标记消息已读', 2, 'com.ruoyi.web.controller.proj_cyq.MessageController.markAllAsRead()', 'PUT', 1, 'admin', '研发部门', '/proj_cyq/message/read/all', '127.0.0.1', '内网IP', '', '{\"msg\":\"操作成功\",\"code\":200}', 0, NULL, '2025-11-16 01:37:49', 33);
INSERT INTO `sys_oper_log` VALUES (532, '待办事项', 1, 'com.ruoyi.web.controller.proj_cyq.TodoController.add()', 'POST', 1, 'admin', '研发部门', '/proj_cyq/todo', '127.0.0.1', '内网IP', '{\"content\":\"1\",\"createBy\":\"admin\",\"createTime\":\"2025-11-16 01:38:12\",\"endTime\":\"2025-11-17 01:40:00\",\"isReminded\":\"0\",\"messageRead\":\"0\",\"messageStatus\":\"0\",\"params\":{},\"priority\":\"0\",\"remindTime\":\"2025-11-16 01:40:00\",\"startTime\":\"2025-11-16 01:37:58\",\"status\":\"0\",\"title\":\"1\",\"todoId\":31,\"todoType\":\"study\",\"userId\":1}', '{\"msg\":\"操作成功\",\"code\":200}', 0, NULL, '2025-11-16 01:38:12', 16);
INSERT INTO `sys_oper_log` VALUES (533, '标记待办消息已读', 2, 'com.ruoyi.web.controller.proj_cyq.MessageController.markTodoAsRead()', 'PUT', 1, 'admin', '研发部门', '/proj_cyq/message/read/todo/30', '127.0.0.1', '内网IP', '30', '{\"msg\":\"操作成功\",\"code\":200}', 0, NULL, '2025-11-16 01:38:26', 12);
INSERT INTO `sys_oper_log` VALUES (534, '标记待办消息已读', 2, 'com.ruoyi.web.controller.proj_cyq.MessageController.markTodoAsRead()', 'PUT', 1, 'admin', '研发部门', '/proj_cyq/message/read/todo/30', '127.0.0.1', '内网IP', '30', '{\"msg\":\"操作成功\",\"code\":200}', 0, NULL, '2025-11-16 01:38:29', 6);
INSERT INTO `sys_oper_log` VALUES (535, '标记待办消息已读', 2, 'com.ruoyi.web.controller.proj_cyq.MessageController.markTodoAsRead()', 'PUT', 1, 'admin', '研发部门', '/proj_cyq/message/read/todo/30', '127.0.0.1', '内网IP', '30', '{\"msg\":\"操作成功\",\"code\":200}', 0, NULL, '2025-11-16 01:38:30', 4);
INSERT INTO `sys_oper_log` VALUES (536, '批量标记消息已读', 2, 'com.ruoyi.web.controller.proj_cyq.MessageController.markAllAsRead()', 'PUT', 1, 'admin', '研发部门', '/proj_cyq/message/read/all', '127.0.0.1', '内网IP', '', '{\"msg\":\"操作成功\",\"code\":200}', 0, NULL, '2025-11-16 01:38:32', 26);
INSERT INTO `sys_oper_log` VALUES (537, '标记待办消息已读', 2, 'com.ruoyi.web.controller.proj_cyq.MessageController.markTodoAsRead()', 'PUT', 1, 'admin', '研发部门', '/proj_cyq/message/read/todo/30', '127.0.0.1', '内网IP', '30', '{\"msg\":\"操作成功\",\"code\":200}', 0, NULL, '2025-11-16 01:38:36', 7);
INSERT INTO `sys_oper_log` VALUES (538, '标记待办消息已读', 2, 'com.ruoyi.web.controller.proj_cyq.MessageController.markTodoAsRead()', 'PUT', 1, 'admin', '研发部门', '/proj_cyq/message/read/todo/30', '127.0.0.1', '内网IP', '30', '{\"msg\":\"操作成功\",\"code\":200}', 0, NULL, '2025-11-16 01:38:38', 8);
INSERT INTO `sys_oper_log` VALUES (539, '标记待办消息已读', 2, 'com.ruoyi.web.controller.proj_cyq.MessageController.markTodoAsRead()', 'PUT', 1, 'admin', '研发部门', '/proj_cyq/message/read/todo/30', '127.0.0.1', '内网IP', '30', '{\"msg\":\"操作成功\",\"code\":200}', 0, NULL, '2025-11-16 01:38:39', 5);
INSERT INTO `sys_oper_log` VALUES (540, '标记待办消息已读', 2, 'com.ruoyi.web.controller.proj_cyq.MessageController.markTodoAsRead()', 'PUT', 1, 'admin', '研发部门', '/proj_cyq/message/read/todo/30', '127.0.0.1', '内网IP', '30', '{\"msg\":\"操作成功\",\"code\":200}', 0, NULL, '2025-11-16 01:38:42', 8);
INSERT INTO `sys_oper_log` VALUES (541, '标记待办消息已读', 2, 'com.ruoyi.web.controller.proj_cyq.MessageController.markTodoAsRead()', 'PUT', 1, 'admin', '研发部门', '/proj_cyq/message/read/todo/30', '127.0.0.1', '内网IP', '30', '{\"msg\":\"操作成功\",\"code\":200}', 0, NULL, '2025-11-16 01:38:43', 5);
INSERT INTO `sys_oper_log` VALUES (542, '标记待办消息已读', 2, 'com.ruoyi.web.controller.proj_cyq.MessageController.markTodoAsRead()', 'PUT', 1, 'admin', '研发部门', '/proj_cyq/message/read/todo/30', '127.0.0.1', '内网IP', '30', '{\"msg\":\"操作成功\",\"code\":200}', 0, NULL, '2025-11-16 01:39:02', 8);
INSERT INTO `sys_oper_log` VALUES (543, '标记待办消息已读', 2, 'com.ruoyi.web.controller.proj_cyq.MessageController.markTodoAsRead()', 'PUT', 1, 'admin', '研发部门', '/proj_cyq/message/read/todo/30', '127.0.0.1', '内网IP', '30', '{\"msg\":\"操作成功\",\"code\":200}', 0, NULL, '2025-11-16 01:39:06', 7);
INSERT INTO `sys_oper_log` VALUES (544, '标记待办消息已读', 2, 'com.ruoyi.web.controller.proj_cyq.MessageController.markTodoAsRead()', 'PUT', 1, 'admin', '研发部门', '/proj_cyq/message/read/todo/30', '127.0.0.1', '内网IP', '30', '{\"msg\":\"操作成功\",\"code\":200}', 0, NULL, '2025-11-16 01:40:36', 4);
INSERT INTO `sys_oper_log` VALUES (545, '标记待办消息已读', 2, 'com.ruoyi.web.controller.proj_cyq.MessageController.markTodoAsRead()', 'PUT', 1, 'admin', '研发部门', '/proj_cyq/message/read/todo/30', '127.0.0.1', '内网IP', '30', '{\"msg\":\"操作成功\",\"code\":200}', 0, NULL, '2025-11-16 01:40:38', 5);
INSERT INTO `sys_oper_log` VALUES (546, '标记待办消息已读', 2, 'com.ruoyi.web.controller.proj_cyq.MessageController.markTodoAsRead()', 'PUT', 1, 'admin', '研发部门', '/proj_cyq/message/read/todo/30', '127.0.0.1', '内网IP', '30', '{\"msg\":\"操作成功\",\"code\":200}', 0, NULL, '2025-11-16 01:40:40', 3);
INSERT INTO `sys_oper_log` VALUES (547, '标记待办消息已读', 2, 'com.ruoyi.web.controller.proj_cyq.MessageController.markTodoAsRead()', 'PUT', 1, 'admin', '研发部门', '/proj_cyq/message/read/todo/30', '127.0.0.1', '内网IP', '30', '{\"msg\":\"操作成功\",\"code\":200}', 0, NULL, '2025-11-16 01:40:44', 5);
INSERT INTO `sys_oper_log` VALUES (548, '标记待办消息已读', 2, 'com.ruoyi.web.controller.proj_cyq.MessageController.markTodoAsRead()', 'PUT', 1, 'admin', '研发部门', '/proj_cyq/message/read/todo/30', '127.0.0.1', '内网IP', '30', '{\"msg\":\"操作成功\",\"code\":200}', 0, NULL, '2025-11-16 01:45:24', 15);
INSERT INTO `sys_oper_log` VALUES (549, '删除消息', 3, 'com.ruoyi.web.controller.proj_cyq.MessageController.deleteMessage()', 'DELETE', 1, 'admin', '研发部门', '/proj_cyq/message/todo_31', '127.0.0.1', '内网IP', '\"todo_31\"', '{\"msg\":\"操作成功\",\"code\":200}', 0, NULL, '2025-11-16 01:45:29', 7);
INSERT INTO `sys_oper_log` VALUES (550, '删除消息', 3, 'com.ruoyi.web.controller.proj_cyq.MessageController.deleteMessage()', 'DELETE', 1, 'admin', '研发部门', '/proj_cyq/message/todo_30', '127.0.0.1', '内网IP', '\"todo_30\"', '{\"msg\":\"操作成功\",\"code\":200}', 0, NULL, '2025-11-16 01:45:31', 5);
INSERT INTO `sys_oper_log` VALUES (551, '删除消息', 3, 'com.ruoyi.web.controller.proj_cyq.MessageController.deleteMessage()', 'DELETE', 1, 'admin', '研发部门', '/proj_cyq/message/todo_29', '127.0.0.1', '内网IP', '\"todo_29\"', '{\"msg\":\"操作成功\",\"code\":200}', 0, NULL, '2025-11-16 01:45:32', 7);
INSERT INTO `sys_oper_log` VALUES (552, '批量标记消息已读', 2, 'com.ruoyi.web.controller.proj_cyq.MessageController.markAllAsRead()', 'PUT', 1, 'admin', '研发部门', '/proj_cyq/message/read/all', '127.0.0.1', '内网IP', '', '{\"msg\":\"操作成功\",\"code\":200}', 0, NULL, '2025-11-16 01:45:36', 23);
INSERT INTO `sys_oper_log` VALUES (553, '删除消息', 3, 'com.ruoyi.web.controller.proj_cyq.MessageController.deleteMessage()', 'DELETE', 1, 'admin', '研发部门', '/proj_cyq/message/todo_31', '127.0.0.1', '内网IP', '\"todo_31\"', '{\"msg\":\"操作成功\",\"code\":200}', 0, NULL, '2025-11-16 01:45:39', 4);
INSERT INTO `sys_oper_log` VALUES (554, '删除消息', 3, 'com.ruoyi.web.controller.proj_cyq.MessageController.deleteMessage()', 'DELETE', 1, 'admin', '研发部门', '/proj_cyq/message/todo_30', '127.0.0.1', '内网IP', '\"todo_30\"', '{\"msg\":\"操作成功\",\"code\":200}', 0, NULL, '2025-11-16 01:45:41', 8);
INSERT INTO `sys_oper_log` VALUES (555, '删除消息', 3, 'com.ruoyi.web.controller.proj_cyq.MessageController.deleteMessage()', 'DELETE', 1, 'admin', '研发部门', '/proj_cyq/message/todo_29', '127.0.0.1', '内网IP', '\"todo_29\"', '{\"msg\":\"操作成功\",\"code\":200}', 0, NULL, '2025-11-16 01:45:43', 4);
INSERT INTO `sys_oper_log` VALUES (556, '待办事项', 3, 'com.ruoyi.web.controller.proj_cyq.TodoController.remove()', 'DELETE', 1, 'admin', '研发部门', '/proj_cyq/todo/31', '127.0.0.1', '内网IP', '31', '{\"msg\":\"操作成功\",\"code\":200}', 0, NULL, '2025-11-16 01:45:50', 14);
INSERT INTO `sys_oper_log` VALUES (557, '待办事项', 3, 'com.ruoyi.web.controller.proj_cyq.TodoController.remove()', 'DELETE', 1, 'admin', '研发部门', '/proj_cyq/todo/30', '127.0.0.1', '内网IP', '30', '{\"msg\":\"操作成功\",\"code\":200}', 0, NULL, '2025-11-16 01:45:52', 11);
INSERT INTO `sys_oper_log` VALUES (558, '待办事项', 3, 'com.ruoyi.web.controller.proj_cyq.TodoController.remove()', 'DELETE', 1, 'admin', '研发部门', '/proj_cyq/todo/29', '127.0.0.1', '内网IP', '29', '{\"msg\":\"操作成功\",\"code\":200}', 0, NULL, '2025-11-16 01:45:54', 11);
INSERT INTO `sys_oper_log` VALUES (559, '待办事项', 1, 'com.ruoyi.web.controller.proj_cyq.TodoController.add()', 'POST', 1, 'admin', '研发部门', '/proj_cyq/todo', '127.0.0.1', '内网IP', '{\"content\":\"1\",\"createBy\":\"admin\",\"createTime\":\"2025-11-16 01:46:21\",\"endTime\":\"2025-11-17 01:48:00\",\"isReminded\":\"0\",\"messageRead\":\"0\",\"messageStatus\":\"0\",\"params\":{},\"priority\":\"0\",\"remindTime\":\"2025-11-16 01:48:00\",\"startTime\":\"2025-11-16 01:46:06\",\"status\":\"0\",\"title\":\"1\",\"todoId\":32,\"todoType\":\"study\",\"userId\":1}', '{\"msg\":\"操作成功\",\"code\":200}', 0, NULL, '2025-11-16 01:46:21', 13);
INSERT INTO `sys_oper_log` VALUES (560, '标记待办消息已读', 2, 'com.ruoyi.web.controller.proj_cyq.MessageController.markTodoAsRead()', 'PUT', 1, 'admin', '研发部门', '/proj_cyq/message/read/todo/32', '127.0.0.1', '内网IP', '32', '{\"msg\":\"操作成功\",\"code\":200}', 0, NULL, '2025-11-16 01:48:04', 5);
INSERT INTO `sys_oper_log` VALUES (561, '删除消息', 3, 'com.ruoyi.web.controller.proj_cyq.MessageController.deleteMessage()', 'DELETE', 1, 'admin', '研发部门', '/proj_cyq/message/todo_32', '127.0.0.1', '内网IP', '\"todo_32\"', '{\"msg\":\"操作成功\",\"code\":200}', 0, NULL, '2025-11-16 01:48:09', 9);
INSERT INTO `sys_oper_log` VALUES (562, '删除消息', 3, 'com.ruoyi.web.controller.proj_cyq.MessageController.deleteMessage()', 'DELETE', 1, 'admin', '研发部门', '/proj_cyq/message/todo_32', '127.0.0.1', '内网IP', '\"todo_32\"', '{\"msg\":\"操作成功\",\"code\":200}', 0, NULL, '2025-11-16 01:48:14', 7);
INSERT INTO `sys_oper_log` VALUES (563, '标记待办消息已读', 2, 'com.ruoyi.web.controller.proj_cyq.MessageController.markTodoAsRead()', 'PUT', 1, 'admin', '研发部门', '/proj_cyq/message/read/todo/32', '127.0.0.1', '内网IP', '32', '{\"msg\":\"操作成功\",\"code\":200}', 0, NULL, '2025-11-16 01:48:58', 5);
INSERT INTO `sys_oper_log` VALUES (564, '删除消息', 3, 'com.ruoyi.web.controller.proj_cyq.MessageController.deleteMessage()', 'DELETE', 1, 'admin', '研发部门', '/proj_cyq/message/todo_32', '127.0.0.1', '内网IP', '\"todo_32\"', '{\"msg\":\"操作成功\",\"code\":200}', 0, NULL, '2025-11-16 01:48:59', 7);
INSERT INTO `sys_oper_log` VALUES (565, '删除消息', 3, 'com.ruoyi.web.controller.proj_cyq.MessageController.deleteMessage()', 'DELETE', 1, 'admin', '研发部门', '/proj_cyq/message/todo_32', '127.0.0.1', '内网IP', '\"todo_32\"', '{\"msg\":\"操作成功\",\"code\":200}', 0, NULL, '2025-11-16 01:49:05', 8);
INSERT INTO `sys_oper_log` VALUES (566, '标记待办消息已读', 2, 'com.ruoyi.web.controller.proj_cyq.MessageController.markTodoAsRead()', 'PUT', 1, 'admin', '研发部门', '/proj_cyq/message/read/todo/32', '127.0.0.1', '内网IP', '32', '{\"msg\":\"操作成功\",\"code\":200}', 0, NULL, '2025-11-16 01:52:09', 12);
INSERT INTO `sys_oper_log` VALUES (567, '删除消息', 3, 'com.ruoyi.web.controller.proj_cyq.MessageController.deleteMessage()', 'DELETE', 1, 'admin', '研发部门', '/proj_cyq/message/todo_32', '127.0.0.1', '内网IP', '\"todo_32\"', '{\"msg\":\"操作成功\",\"code\":200}', 0, NULL, '2025-11-16 01:52:11', 9);
INSERT INTO `sys_oper_log` VALUES (568, '待办事项', 3, 'com.ruoyi.web.controller.proj_cyq.TodoController.remove()', 'DELETE', 1, 'admin', '研发部门', '/proj_cyq/todo/32', '127.0.0.1', '内网IP', '32', '{\"msg\":\"操作成功\",\"code\":200}', 0, NULL, '2025-11-16 01:52:17', 3);
INSERT INTO `sys_oper_log` VALUES (569, '待办事项', 1, 'com.ruoyi.web.controller.proj_cyq.TodoController.add()', 'POST', 1, 'admin', '研发部门', '/proj_cyq/todo', '127.0.0.1', '内网IP', '{\"content\":\"1\",\"createBy\":\"admin\",\"createTime\":\"2025-11-16 01:52:42\",\"endTime\":\"2025-11-17 01:53:00\",\"isReminded\":\"0\",\"messageRead\":\"0\",\"messageStatus\":\"0\",\"params\":{},\"priority\":\"0\",\"remindTime\":\"2025-11-16 01:53:00\",\"startTime\":\"2025-11-16 01:52:25\",\"status\":\"0\",\"title\":\"1\",\"todoId\":33,\"todoType\":\"study\",\"userId\":1}', '{\"msg\":\"操作成功\",\"code\":200}', 0, NULL, '2025-11-16 01:52:42', 10);
INSERT INTO `sys_oper_log` VALUES (570, '标记待办消息已读', 2, 'com.ruoyi.web.controller.proj_cyq.MessageController.markTodoAsRead()', 'PUT', 1, 'admin', '研发部门', '/proj_cyq/message/read/todo/33', '127.0.0.1', '内网IP', '33', '{\"msg\":\"操作成功\",\"code\":200}', 0, NULL, '2025-11-16 01:52:50', 6);
INSERT INTO `sys_oper_log` VALUES (571, '删除消息', 3, 'com.ruoyi.web.controller.proj_cyq.MessageController.deleteMessage()', 'DELETE', 1, 'admin', '研发部门', '/proj_cyq/message/todo_33', '127.0.0.1', '内网IP', '\"todo_33\"', '{\"msg\":\"操作成功\",\"code\":200}', 0, NULL, '2025-11-16 01:52:54', 9);
INSERT INTO `sys_oper_log` VALUES (572, '标记待办消息已读', 2, 'com.ruoyi.web.controller.proj_cyq.MessageController.markTodoAsRead()', 'PUT', 1, 'admin', '研发部门', '/proj_cyq/message/read/todo/33', '127.0.0.1', '内网IP', '33', '{\"msg\":\"操作成功\",\"code\":200}', 0, NULL, '2025-11-16 01:53:11', 5);
INSERT INTO `sys_oper_log` VALUES (573, '删除消息', 3, 'com.ruoyi.web.controller.proj_cyq.MessageController.deleteMessage()', 'DELETE', 1, 'admin', '研发部门', '/proj_cyq/message/todo_33', '127.0.0.1', '内网IP', '\"todo_33\"', '{\"msg\":\"操作成功\",\"code\":200}', 0, NULL, '2025-11-16 01:53:15', 9);
INSERT INTO `sys_oper_log` VALUES (574, '删除消息', 3, 'com.ruoyi.web.controller.proj_cyq.MessageController.deleteMessage()', 'DELETE', 1, 'admin', '研发部门', '/proj_cyq/message/homework_52', '127.0.0.1', '内网IP', '\"homework_52\"', '{\"msg\":\"操作成功\",\"code\":200}', 0, NULL, '2025-11-16 01:53:26', 9);
INSERT INTO `sys_oper_log` VALUES (575, '考勤报表', 5, 'com.ruoyi.web.controller.proj_fz.AttendanceReportController.export()', 'POST', 1, 'admin', '研发部门', '/proj_fz/attendanceReport/export', '127.0.0.1', '内网IP', '{\"endDate\":\"2025-11-17\",\"exportType\":\"session\",\"startDate\":\"2025-11-10\"}', NULL, 0, NULL, '2025-11-17 22:46:45', 909);
INSERT INTO `sys_oper_log` VALUES (576, '考勤报表', 5, 'com.ruoyi.web.controller.proj_fz.AttendanceReportController.export()', 'POST', 1, 'admin', '研发部门', '/proj_fz/attendanceReport/export', '127.0.0.1', '内网IP', '{\"endDate\":\"2025-11-17\",\"exportType\":\"session\",\"startDate\":\"2025-11-10\"}', NULL, 0, NULL, '2025-11-17 23:17:17', 891);
INSERT INTO `sys_oper_log` VALUES (577, '菜单管理', 1, 'com.ruoyi.web.controller.system.SysMenuController.add()', 'POST', 1, 'admin', '研发部门', '/system/menu', '127.0.0.1', '内网IP', '{\"children\":[],\"createBy\":\"admin\",\"icon\":\"chart\",\"isCache\":\"0\",\"isFrame\":\"1\",\"menuName\":\"考勤报表\",\"menuType\":\"C\",\"orderNum\":1,\"params\":{},\"parentId\":2009,\"path\":\"attendanceReport\'\",\"status\":\"0\",\"visible\":\"0\"}', '{\"msg\":\"操作成功\",\"code\":200}', 0, NULL, '2025-11-17 23:21:22', 160);
INSERT INTO `sys_oper_log` VALUES (578, '菜单管理', 1, 'com.ruoyi.web.controller.system.SysMenuController.add()', 'POST', 1, 'admin', '研发部门', '/system/menu', '127.0.0.1', '内网IP', '{\"children\":[],\"createBy\":\"admin\",\"isCache\":\"0\",\"isFrame\":\"1\",\"menuName\":\"驾驶舱\",\"menuType\":\"C\",\"orderNum\":2,\"params\":{},\"parentId\":2009,\"path\":\"dashboard\",\"status\":\"0\",\"visible\":\"0\"}', '{\"msg\":\"操作成功\",\"code\":200}', 0, NULL, '2025-11-17 23:21:52', 22);
INSERT INTO `sys_oper_log` VALUES (579, '菜单管理', 2, 'com.ruoyi.web.controller.system.SysMenuController.edit()', 'PUT', 1, 'admin', '研发部门', '/system/menu', '127.0.0.1', '内网IP', '{\"children\":[],\"createTime\":\"2025-11-17 23:21:52\",\"icon\":\"dashboard\",\"isCache\":\"0\",\"isFrame\":\"1\",\"menuId\":2043,\"menuName\":\"驾驶舱\",\"menuType\":\"C\",\"orderNum\":2,\"params\":{},\"parentId\":2009,\"path\":\"dashboard\",\"perms\":\"\",\"routeName\":\"\",\"status\":\"0\",\"updateBy\":\"admin\",\"visible\":\"0\"}', '{\"msg\":\"操作成功\",\"code\":200}', 0, NULL, '2025-11-17 23:22:03', 26);
INSERT INTO `sys_oper_log` VALUES (580, '菜单管理', 2, 'com.ruoyi.web.controller.system.SysMenuController.edit()', 'PUT', 1, 'admin', '研发部门', '/system/menu', '127.0.0.1', '内网IP', '{\"children\":[],\"createTime\":\"2025-11-17 23:21:22\",\"icon\":\"chart\",\"isCache\":\"0\",\"isFrame\":\"1\",\"menuId\":2042,\"menuName\":\"考勤报表\",\"menuType\":\"C\",\"orderNum\":1,\"params\":{},\"parentId\":2009,\"path\":\"attendanceReport\",\"perms\":\"\",\"routeName\":\"\",\"status\":\"0\",\"updateBy\":\"admin\",\"visible\":\"0\"}', '{\"msg\":\"操作成功\",\"code\":200}', 0, NULL, '2025-11-17 23:22:33', 23);
INSERT INTO `sys_oper_log` VALUES (581, '考勤报表', 5, 'com.ruoyi.web.controller.proj_fz.AttendanceReportController.export()', 'POST', 1, 'admin', '研发部门', '/proj_fz/attendanceReport/export', '127.0.0.1', '内网IP', '{\"endDate\":\"2025-11-18\",\"exportType\":\"trend\",\"sessionId\":\"1\",\"startDate\":\"2025-11-11\"}', NULL, 0, NULL, '2025-11-18 08:22:47', 937);
INSERT INTO `sys_oper_log` VALUES (582, '考勤报表', 5, 'com.ruoyi.web.controller.proj_fz.AttendanceReportController.export()', 'POST', 1, 'admin', '研发部门', '/proj_fz/attendanceReport/export', '127.0.0.1', '内网IP', '{\"endDate\":\"2025-11-18\",\"exportType\":\"details\",\"startDate\":\"2025-11-11\"}', NULL, 0, NULL, '2025-11-18 10:42:08', 802);
INSERT INTO `sys_oper_log` VALUES (583, '考勤报表', 5, 'com.ruoyi.web.controller.proj_fz.AttendanceReportController.export()', 'POST', 1, 'admin', '研发部门', '/proj_fz/attendanceReport/export', '127.0.0.1', '内网IP', '{\"endDate\":\"2025-11-18\",\"exportType\":\"summary\",\"sessionId\":\"1\",\"startDate\":\"2025-11-11\"}', NULL, 0, NULL, '2025-11-18 13:33:37', 964);
INSERT INTO `sys_oper_log` VALUES (584, '考勤报表', 5, 'com.ruoyi.web.controller.proj_fz.AttendanceReportController.export()', 'POST', 1, 'admin', '研发部门', '/proj_fz/attendanceReport/export', '127.0.0.1', '内网IP', '{\"endDate\":\"2025-11-18\",\"exportType\":\"summary\",\"sessionId\":\"1\",\"startDate\":\"2025-11-11\"}', NULL, 0, NULL, '2025-11-18 14:07:00', 759);
INSERT INTO `sys_oper_log` VALUES (585, '考勤报表', 5, 'com.ruoyi.web.controller.proj_fz.AttendanceReportController.export()', 'POST', 1, 'admin', '研发部门', '/proj_fz/attendanceReport/export', '127.0.0.1', '内网IP', '{\"endDate\":\"2025-11-18\",\"exportType\":\"details\",\"sessionId\":\"1\",\"startDate\":\"2025-11-11\"}', NULL, 0, NULL, '2025-11-18 14:07:20', 48);
INSERT INTO `sys_oper_log` VALUES (586, '考勤报表', 5, 'com.ruoyi.web.controller.proj_fz.AttendanceReportController.export()', 'POST', 1, 'admin', '研发部门', '/proj_fz/attendanceReport/export', '127.0.0.1', '内网IP', '{\"endDate\":\"2025-11-18\",\"exportType\":\"summary\",\"startDate\":\"2025-11-11\"}', NULL, 0, NULL, '2025-11-18 14:33:28', 736);
INSERT INTO `sys_oper_log` VALUES (587, '考勤报表', 5, 'com.ruoyi.web.controller.proj_fz.AttendanceReportController.export()', 'POST', 1, 'admin', '研发部门', '/proj_fz/attendanceReport/export', '127.0.0.1', '内网IP', '{\"endDate\":\"2025-11-18\",\"exportType\":\"trend\",\"startDate\":\"2025-11-11\"}', NULL, 0, NULL, '2025-11-18 15:07:51', 841);
INSERT INTO `sys_oper_log` VALUES (588, '菜单管理', 1, 'com.ruoyi.web.controller.system.SysMenuController.add()', 'POST', 1, 'admin', '研发部门', '/system/menu', '127.0.0.1', '内网IP', '{\"children\":[],\"createBy\":\"admin\",\"icon\":\"peoples\",\"isCache\":\"0\",\"isFrame\":\"1\",\"menuName\":\"小组讨论\",\"menuType\":\"C\",\"orderNum\":3,\"params\":{},\"parentId\":2011,\"path\":\"group\",\"status\":\"0\",\"visible\":\"0\"}', '{\"msg\":\"操作成功\",\"code\":200}', 0, NULL, '2025-11-18 15:12:53', 158);
INSERT INTO `sys_oper_log` VALUES (589, '菜单管理', 1, 'com.ruoyi.web.controller.system.SysMenuController.add()', 'POST', 1, 'admin', '研发部门', '/system/menu', '127.0.0.1', '内网IP', '{\"children\":[],\"createBy\":\"admin\",\"isCache\":\"0\",\"isFrame\":\"1\",\"menuName\":\"聊天\",\"menuType\":\"C\",\"orderNum\":4,\"params\":{},\"parentId\":2011,\"path\":\"group/chat/:groupId(\\\\d+)\",\"status\":\"0\",\"visible\":\"1\"}', '{\"msg\":\"操作成功\",\"code\":200}', 0, NULL, '2025-11-18 15:13:37', 20);
INSERT INTO `sys_oper_log` VALUES (590, '保存答案', 1, 'com.ruoyi.web.controller.proj_lwj.ClassExamController.saveAnswer()', 'POST', 1, 'admin', '研发部门', '/proj_lwj/exam/answer/save', '127.0.0.1', '内网IP', '{\"correctAnswer\":\"true\",\"createBy\":\"admin\",\"examId\":20,\"isCorrect\":1,\"params\":{},\"questionContent\":\"1\",\"questionId\":48,\"questionOptions\":\"\",\"score\":1,\"studentAnswer\":\"true\",\"studentNo\":\"2023141460368\"}', NULL, 1, '\r\n### Error updating database.  Cause: java.sql.SQLIntegrityConstraintViolationException: Column \'student_id\' cannot be null\r\n### The error may exist in com/ruoyi/proj_lwj/mapper/ClassExamAnswerMapper.java (best guess)\r\n### The error may involve com.ruoyi.proj_lwj.mapper.ClassExamAnswerMapper.insert-Inline\r\n### The error occurred while setting parameters\r\n### SQL: INSERT INTO class_exam_answer (exam_id, student_id, student_no, question_id, student_answer, answer_files, is_correct, score, corrector_id, correct_time, correct_comment, answer_duration, question_content, question_options, correct_answer, create_time) VALUES (?, ?, ?, ?, ?, ?, ?, ?, ?, ?, ?, ?, ?, ?, ?, NOW())\r\n### Cause: java.sql.SQLIntegrityConstraintViolationException: Column \'student_id\' cannot be null\n; Column \'student_id\' cannot be null; nested exception is java.sql.SQLIntegrityConstraintViolationException: Column \'student_id\' cannot be null', '2025-11-18 16:13:50', 167);
INSERT INTO `sys_oper_log` VALUES (591, '保存答案', 1, 'com.ruoyi.web.controller.proj_lwj.ClassExamController.saveAnswer()', 'POST', 1, 'admin', '研发部门', '/proj_lwj/exam/answer/save', '127.0.0.1', '内网IP', '{\"correctAnswer\":\"true\",\"createBy\":\"admin\",\"examId\":20,\"isCorrect\":1,\"params\":{},\"questionContent\":\"2\",\"questionId\":49,\"questionOptions\":\"\",\"score\":1,\"studentAnswer\":\"true\",\"studentNo\":\"2023141460368\"}', NULL, 1, '\r\n### Error updating database.  Cause: java.sql.SQLIntegrityConstraintViolationException: Column \'student_id\' cannot be null\r\n### The error may exist in com/ruoyi/proj_lwj/mapper/ClassExamAnswerMapper.java (best guess)\r\n### The error may involve com.ruoyi.proj_lwj.mapper.ClassExamAnswerMapper.insert-Inline\r\n### The error occurred while setting parameters\r\n### SQL: INSERT INTO class_exam_answer (exam_id, student_id, student_no, question_id, student_answer, answer_files, is_correct, score, corrector_id, correct_time, correct_comment, answer_duration, question_content, question_options, correct_answer, create_time) VALUES (?, ?, ?, ?, ?, ?, ?, ?, ?, ?, ?, ?, ?, ?, ?, NOW())\r\n### Cause: java.sql.SQLIntegrityConstraintViolationException: Column \'student_id\' cannot be null\n; Column \'student_id\' cannot be null; nested exception is java.sql.SQLIntegrityConstraintViolationException: Column \'student_id\' cannot be null', '2025-11-18 16:14:16', 16);
INSERT INTO `sys_oper_log` VALUES (592, '保存答案', 1, 'com.ruoyi.web.controller.proj_lwj.ClassExamController.saveAnswer()', 'POST', 1, 'admin', '研发部门', '/proj_lwj/exam/answer/save', '127.0.0.1', '内网IP', '{\"correctAnswer\":\"true\",\"createBy\":\"admin\",\"examId\":20,\"isCorrect\":1,\"params\":{},\"questionContent\":\"3\",\"questionId\":50,\"questionOptions\":\"\",\"score\":1,\"studentAnswer\":\"true\",\"studentNo\":\"2023141460368\"}', NULL, 1, '\r\n### Error updating database.  Cause: java.sql.SQLIntegrityConstraintViolationException: Column \'student_id\' cannot be null\r\n### The error may exist in com/ruoyi/proj_lwj/mapper/ClassExamAnswerMapper.java (best guess)\r\n### The error may involve com.ruoyi.proj_lwj.mapper.ClassExamAnswerMapper.insert-Inline\r\n### The error occurred while setting parameters\r\n### SQL: INSERT INTO class_exam_answer (exam_id, student_id, student_no, question_id, student_answer, answer_files, is_correct, score, corrector_id, correct_time, correct_comment, answer_duration, question_content, question_options, correct_answer, create_time) VALUES (?, ?, ?, ?, ?, ?, ?, ?, ?, ?, ?, ?, ?, ?, ?, NOW())\r\n### Cause: java.sql.SQLIntegrityConstraintViolationException: Column \'student_id\' cannot be null\n; Column \'student_id\' cannot be null; nested exception is java.sql.SQLIntegrityConstraintViolationException: Column \'student_id\' cannot be null', '2025-11-18 16:14:18', 26);
INSERT INTO `sys_oper_log` VALUES (593, '保存答案', 1, 'com.ruoyi.web.controller.proj_lwj.ClassExamController.saveAnswer()', 'POST', 1, 'admin', '研发部门', '/proj_lwj/exam/answer/save', '127.0.0.1', '内网IP', '{\"correctAnswer\":\"true\",\"createBy\":\"admin\",\"examId\":20,\"isCorrect\":1,\"params\":{},\"questionContent\":\"3\",\"questionId\":50,\"questionOptions\":\"\",\"score\":1,\"studentAnswer\":\"true\",\"studentNo\":\"2023141460368\"}', NULL, 1, '\r\n### Error updating database.  Cause: java.sql.SQLIntegrityConstraintViolationException: Column \'student_id\' cannot be null\r\n### The error may exist in com/ruoyi/proj_lwj/mapper/ClassExamAnswerMapper.java (best guess)\r\n### The error may involve com.ruoyi.proj_lwj.mapper.ClassExamAnswerMapper.insert-Inline\r\n### The error occurred while setting parameters\r\n### SQL: INSERT INTO class_exam_answer (exam_id, student_id, student_no, question_id, student_answer, answer_files, is_correct, score, corrector_id, correct_time, correct_comment, answer_duration, question_content, question_options, correct_answer, create_time) VALUES (?, ?, ?, ?, ?, ?, ?, ?, ?, ?, ?, ?, ?, ?, ?, NOW())\r\n### Cause: java.sql.SQLIntegrityConstraintViolationException: Column \'student_id\' cannot be null\n; Column \'student_id\' cannot be null; nested exception is java.sql.SQLIntegrityConstraintViolationException: Column \'student_id\' cannot be null', '2025-11-18 16:14:45', 19);
INSERT INTO `sys_oper_log` VALUES (594, '保存答案', 1, 'com.ruoyi.web.controller.proj_lwj.ClassExamController.saveAnswer()', 'POST', 1, 'admin', '研发部门', '/proj_lwj/exam/answer/save', '127.0.0.1', '内网IP', '{\"correctAnswer\":\"true\",\"createBy\":\"admin\",\"examId\":20,\"isCorrect\":0,\"params\":{},\"questionContent\":\"3\",\"questionId\":50,\"questionOptions\":\"\",\"score\":1,\"studentAnswer\":\"false\",\"studentNo\":\"2023141460368\"}', NULL, 1, '\r\n### Error updating database.  Cause: java.sql.SQLIntegrityConstraintViolationException: Column \'student_id\' cannot be null\r\n### The error may exist in com/ruoyi/proj_lwj/mapper/ClassExamAnswerMapper.java (best guess)\r\n### The error may involve com.ruoyi.proj_lwj.mapper.ClassExamAnswerMapper.insert-Inline\r\n### The error occurred while setting parameters\r\n### SQL: INSERT INTO class_exam_answer (exam_id, student_id, student_no, question_id, student_answer, answer_files, is_correct, score, corrector_id, correct_time, correct_comment, answer_duration, question_content, question_options, correct_answer, create_time) VALUES (?, ?, ?, ?, ?, ?, ?, ?, ?, ?, ?, ?, ?, ?, ?, NOW())\r\n### Cause: java.sql.SQLIntegrityConstraintViolationException: Column \'student_id\' cannot be null\n; Column \'student_id\' cannot be null; nested exception is java.sql.SQLIntegrityConstraintViolationException: Column \'student_id\' cannot be null', '2025-11-18 16:14:48', 21);
INSERT INTO `sys_oper_log` VALUES (595, '保存答案', 1, 'com.ruoyi.web.controller.proj_lwj.ClassExamController.saveAnswer()', 'POST', 1, 'admin', '研发部门', '/proj_lwj/exam/answer/save', '127.0.0.1', '内网IP', '{\"correctAnswer\":\"true\",\"createBy\":\"admin\",\"examId\":20,\"isCorrect\":1,\"params\":{},\"questionContent\":\"3\",\"questionId\":50,\"questionOptions\":\"\",\"score\":1,\"studentAnswer\":\"true\",\"studentNo\":\"2023141460368\"}', NULL, 1, '\r\n### Error updating database.  Cause: java.sql.SQLIntegrityConstraintViolationException: Column \'student_id\' cannot be null\r\n### The error may exist in com/ruoyi/proj_lwj/mapper/ClassExamAnswerMapper.java (best guess)\r\n### The error may involve com.ruoyi.proj_lwj.mapper.ClassExamAnswerMapper.insert-Inline\r\n### The error occurred while setting parameters\r\n### SQL: INSERT INTO class_exam_answer (exam_id, student_id, student_no, question_id, student_answer, answer_files, is_correct, score, corrector_id, correct_time, correct_comment, answer_duration, question_content, question_options, correct_answer, create_time) VALUES (?, ?, ?, ?, ?, ?, ?, ?, ?, ?, ?, ?, ?, ?, ?, NOW())\r\n### Cause: java.sql.SQLIntegrityConstraintViolationException: Column \'student_id\' cannot be null\n; Column \'student_id\' cannot be null; nested exception is java.sql.SQLIntegrityConstraintViolationException: Column \'student_id\' cannot be null', '2025-11-18 16:14:49', 18);
INSERT INTO `sys_oper_log` VALUES (596, '保存答案', 1, 'com.ruoyi.web.controller.proj_lwj.ClassExamController.saveAnswer()', 'POST', 1, 'admin', '研发部门', '/proj_lwj/exam/answer/save', '127.0.0.1', '内网IP', '{\"correctAnswer\":\"true\",\"createBy\":\"admin\",\"examId\":20,\"isCorrect\":1,\"params\":{},\"questionContent\":\"3\",\"questionId\":50,\"questionOptions\":\"\",\"score\":1,\"studentAnswer\":\"true\",\"studentNo\":\"2023141460368\"}', NULL, 1, '\r\n### Error updating database.  Cause: java.sql.SQLIntegrityConstraintViolationException: Column \'student_id\' cannot be null\r\n### The error may exist in com/ruoyi/proj_lwj/mapper/ClassExamAnswerMapper.java (best guess)\r\n### The error may involve com.ruoyi.proj_lwj.mapper.ClassExamAnswerMapper.insert-Inline\r\n### The error occurred while setting parameters\r\n### SQL: INSERT INTO class_exam_answer (exam_id, student_id, student_no, question_id, student_answer, answer_files, is_correct, score, corrector_id, correct_time, correct_comment, answer_duration, question_content, question_options, correct_answer, create_time) VALUES (?, ?, ?, ?, ?, ?, ?, ?, ?, ?, ?, ?, ?, ?, ?, NOW())\r\n### Cause: java.sql.SQLIntegrityConstraintViolationException: Column \'student_id\' cannot be null\n; Column \'student_id\' cannot be null; nested exception is java.sql.SQLIntegrityConstraintViolationException: Column \'student_id\' cannot be null', '2025-11-18 16:15:16', 12);
INSERT INTO `sys_oper_log` VALUES (597, '保存答案', 1, 'com.ruoyi.web.controller.proj_lwj.ClassExamController.saveAnswer()', 'POST', 1, 'admin', '研发部门', '/proj_lwj/exam/answer/save', '127.0.0.1', '内网IP', '{\"correctAnswer\":\"true\",\"createBy\":\"admin\",\"examId\":20,\"isCorrect\":1,\"params\":{},\"questionContent\":\"3\",\"questionId\":50,\"questionOptions\":\"\",\"score\":1,\"studentAnswer\":\"true\",\"studentNo\":\"2023141460368\"}', NULL, 1, '\r\n### Error updating database.  Cause: java.sql.SQLIntegrityConstraintViolationException: Column \'student_id\' cannot be null\r\n### The error may exist in com/ruoyi/proj_lwj/mapper/ClassExamAnswerMapper.java (best guess)\r\n### The error may involve com.ruoyi.proj_lwj.mapper.ClassExamAnswerMapper.insert-Inline\r\n### The error occurred while setting parameters\r\n### SQL: INSERT INTO class_exam_answer (exam_id, student_id, student_no, question_id, student_answer, answer_files, is_correct, score, corrector_id, correct_time, correct_comment, answer_duration, question_content, question_options, correct_answer, create_time) VALUES (?, ?, ?, ?, ?, ?, ?, ?, ?, ?, ?, ?, ?, ?, ?, NOW())\r\n### Cause: java.sql.SQLIntegrityConstraintViolationException: Column \'student_id\' cannot be null\n; Column \'student_id\' cannot be null; nested exception is java.sql.SQLIntegrityConstraintViolationException: Column \'student_id\' cannot be null', '2025-11-18 16:15:45', 16);
INSERT INTO `sys_oper_log` VALUES (598, '保存答案', 1, 'com.ruoyi.web.controller.proj_lwj.ClassExamController.saveAnswer()', 'POST', 1, 'admin', '研发部门', '/proj_lwj/exam/answer/save', '127.0.0.1', '内网IP', '{\"correctAnswer\":\"true\",\"createBy\":\"admin\",\"examId\":20,\"isCorrect\":1,\"params\":{},\"questionContent\":\"3\",\"questionId\":50,\"questionOptions\":\"\",\"score\":1,\"studentAnswer\":\"true\",\"studentNo\":\"2023141460368\"}', NULL, 1, '\r\n### Error updating database.  Cause: java.sql.SQLIntegrityConstraintViolationException: Column \'student_id\' cannot be null\r\n### The error may exist in com/ruoyi/proj_lwj/mapper/ClassExamAnswerMapper.java (best guess)\r\n### The error may involve com.ruoyi.proj_lwj.mapper.ClassExamAnswerMapper.insert-Inline\r\n### The error occurred while setting parameters\r\n### SQL: INSERT INTO class_exam_answer (exam_id, student_id, student_no, question_id, student_answer, answer_files, is_correct, score, corrector_id, correct_time, correct_comment, answer_duration, question_content, question_options, correct_answer, create_time) VALUES (?, ?, ?, ?, ?, ?, ?, ?, ?, ?, ?, ?, ?, ?, ?, NOW())\r\n### Cause: java.sql.SQLIntegrityConstraintViolationException: Column \'student_id\' cannot be null\n; Column \'student_id\' cannot be null; nested exception is java.sql.SQLIntegrityConstraintViolationException: Column \'student_id\' cannot be null', '2025-11-18 16:16:16', 356);
INSERT INTO `sys_oper_log` VALUES (599, '保存答案', 1, 'com.ruoyi.web.controller.proj_lwj.ClassExamController.saveAnswer()', 'POST', 1, 'admin', '研发部门', '/proj_lwj/exam/answer/save', '127.0.0.1', '内网IP', '{\"correctAnswer\":\"true\",\"createBy\":\"admin\",\"examId\":20,\"isCorrect\":1,\"params\":{},\"questionContent\":\"3\",\"questionId\":50,\"questionOptions\":\"\",\"score\":1,\"studentAnswer\":\"true\",\"studentNo\":\"2023141460368\"}', NULL, 1, '\r\n### Error updating database.  Cause: java.sql.SQLIntegrityConstraintViolationException: Column \'student_id\' cannot be null\r\n### The error may exist in com/ruoyi/proj_lwj/mapper/ClassExamAnswerMapper.java (best guess)\r\n### The error may involve com.ruoyi.proj_lwj.mapper.ClassExamAnswerMapper.insert-Inline\r\n### The error occurred while setting parameters\r\n### SQL: INSERT INTO class_exam_answer (exam_id, student_id, student_no, question_id, student_answer, answer_files, is_correct, score, corrector_id, correct_time, correct_comment, answer_duration, question_content, question_options, correct_answer, create_time) VALUES (?, ?, ?, ?, ?, ?, ?, ?, ?, ?, ?, ?, ?, ?, ?, NOW())\r\n### Cause: java.sql.SQLIntegrityConstraintViolationException: Column \'student_id\' cannot be null\n; Column \'student_id\' cannot be null; nested exception is java.sql.SQLIntegrityConstraintViolationException: Column \'student_id\' cannot be null', '2025-11-18 16:16:45', 9);
INSERT INTO `sys_oper_log` VALUES (600, '保存答案', 1, 'com.ruoyi.web.controller.proj_lwj.ClassExamController.saveAnswer()', 'POST', 1, 'admin', '研发部门', '/proj_lwj/exam/answer/save', '127.0.0.1', '内网IP', '{\"correctAnswer\":\"true\",\"createBy\":\"admin\",\"examId\":20,\"isCorrect\":1,\"params\":{},\"questionContent\":\"1\",\"questionId\":48,\"questionOptions\":\"\",\"score\":1,\"studentAnswer\":\"true\",\"studentNo\":\"2023141460368\"}', NULL, 1, '\r\n### Error updating database.  Cause: java.sql.SQLIntegrityConstraintViolationException: Column \'student_id\' cannot be null\r\n### The error may exist in com/ruoyi/proj_lwj/mapper/ClassExamAnswerMapper.java (best guess)\r\n### The error may involve com.ruoyi.proj_lwj.mapper.ClassExamAnswerMapper.insert-Inline\r\n### The error occurred while setting parameters\r\n### SQL: INSERT INTO class_exam_answer (exam_id, student_id, student_no, question_id, student_answer, answer_files, is_correct, score, corrector_id, correct_time, correct_comment, answer_duration, question_content, question_options, correct_answer, create_time) VALUES (?, ?, ?, ?, ?, ?, ?, ?, ?, ?, ?, ?, ?, ?, ?, NOW())\r\n### Cause: java.sql.SQLIntegrityConstraintViolationException: Column \'student_id\' cannot be null\n; Column \'student_id\' cannot be null; nested exception is java.sql.SQLIntegrityConstraintViolationException: Column \'student_id\' cannot be null', '2025-11-18 16:19:02', 45);
INSERT INTO `sys_oper_log` VALUES (601, '保存答案', 1, 'com.ruoyi.web.controller.proj_lwj.ClassExamController.saveAnswer()', 'POST', 1, 'admin', '研发部门', '/proj_lwj/exam/answer/save', '127.0.0.1', '内网IP', '{\"correctAnswer\":\"true\",\"createBy\":\"admin\",\"examId\":20,\"isCorrect\":1,\"params\":{},\"questionContent\":\"2\",\"questionId\":49,\"questionOptions\":\"\",\"score\":1,\"studentAnswer\":\"true\",\"studentNo\":\"2023141460368\"}', NULL, 1, '\r\n### Error updating database.  Cause: java.sql.SQLIntegrityConstraintViolationException: Column \'student_id\' cannot be null\r\n### The error may exist in com/ruoyi/proj_lwj/mapper/ClassExamAnswerMapper.java (best guess)\r\n### The error may involve com.ruoyi.proj_lwj.mapper.ClassExamAnswerMapper.insert-Inline\r\n### The error occurred while setting parameters\r\n### SQL: INSERT INTO class_exam_answer (exam_id, student_id, student_no, question_id, student_answer, answer_files, is_correct, score, corrector_id, correct_time, correct_comment, answer_duration, question_content, question_options, correct_answer, create_time) VALUES (?, ?, ?, ?, ?, ?, ?, ?, ?, ?, ?, ?, ?, ?, ?, NOW())\r\n### Cause: java.sql.SQLIntegrityConstraintViolationException: Column \'student_id\' cannot be null\n; Column \'student_id\' cannot be null; nested exception is java.sql.SQLIntegrityConstraintViolationException: Column \'student_id\' cannot be null', '2025-11-18 16:19:04', 17);
INSERT INTO `sys_oper_log` VALUES (602, '保存答案', 1, 'com.ruoyi.web.controller.proj_lwj.ClassExamController.saveAnswer()', 'POST', 1, 'admin', '研发部门', '/proj_lwj/exam/answer/save', '127.0.0.1', '内网IP', '{\"correctAnswer\":\"true\",\"createBy\":\"admin\",\"examId\":20,\"isCorrect\":1,\"params\":{},\"questionContent\":\"2\",\"questionId\":49,\"questionOptions\":\"\",\"score\":1,\"studentAnswer\":\"true\",\"studentNo\":\"2023141460368\"}', NULL, 1, '\r\n### Error updating database.  Cause: java.sql.SQLIntegrityConstraintViolationException: Column \'student_id\' cannot be null\r\n### The error may exist in com/ruoyi/proj_lwj/mapper/ClassExamAnswerMapper.java (best guess)\r\n### The error may involve com.ruoyi.proj_lwj.mapper.ClassExamAnswerMapper.insert-Inline\r\n### The error occurred while setting parameters\r\n### SQL: INSERT INTO class_exam_answer (exam_id, student_id, student_no, question_id, student_answer, answer_files, is_correct, score, corrector_id, correct_time, correct_comment, answer_duration, question_content, question_options, correct_answer, create_time) VALUES (?, ?, ?, ?, ?, ?, ?, ?, ?, ?, ?, ?, ?, ?, ?, NOW())\r\n### Cause: java.sql.SQLIntegrityConstraintViolationException: Column \'student_id\' cannot be null\n; Column \'student_id\' cannot be null; nested exception is java.sql.SQLIntegrityConstraintViolationException: Column \'student_id\' cannot be null', '2025-11-18 16:19:11', 18);
INSERT INTO `sys_oper_log` VALUES (603, '考试提交', 2, 'com.ruoyi.web.controller.proj_lwj.ClassExamController.submitExam()', 'POST', 1, 'admin', '研发部门', '/proj_lwj/exam/participant/submit', '127.0.0.1', '内网IP', '{\"examId\":20,\"params\":{},\"studentNo\":\"2023141460368\"}', '{\"msg\":\"操作成功\",\"code\":200,\"data\":{\"correctStatus\":1,\"createTime\":\"2025-11-18 16:13:44\",\"examId\":20,\"id\":10,\"objectiveScore\":0,\"params\":{},\"participantStatus\":2,\"passStatus\":0,\"startTime\":\"2025-11-18 16:13:45\",\"studentId\":38,\"studentName\":\"黎文靖\",\"studentNo\":\"2023141460368\",\"subjectiveScore\":0,\"submitTime\":\"2025-11-18 16:19:45\",\"timeUsed\":360,\"totalScore\":0,\"updateTime\":\"2025-11-18 16:13:44\"}}', 0, NULL, '2025-11-18 16:19:45', 46);
INSERT INTO `sys_oper_log` VALUES (604, '保存答案', 1, 'com.ruoyi.web.controller.proj_lwj.ClassExamController.saveAnswer()', 'POST', 1, 'admin', '研发部门', '/proj_lwj/exam/answer/save', '127.0.0.1', '内网IP', '{\"correctAnswer\":\"true\",\"createBy\":\"admin\",\"examId\":21,\"isCorrect\":1,\"params\":{},\"questionContent\":\"22222\",\"questionId\":51,\"questionOptions\":\"\",\"score\":1,\"studentAnswer\":\"true\",\"studentNo\":\"2023141460368\"}', NULL, 1, '\r\n### Error updating database.  Cause: java.sql.SQLIntegrityConstraintViolationException: Column \'student_id\' cannot be null\r\n### The error may exist in com/ruoyi/proj_lwj/mapper/ClassExamAnswerMapper.java (best guess)\r\n### The error may involve com.ruoyi.proj_lwj.mapper.ClassExamAnswerMapper.insert-Inline\r\n### The error occurred while setting parameters\r\n### SQL: INSERT INTO class_exam_answer (exam_id, student_id, student_no, question_id, student_answer, answer_files, is_correct, score, corrector_id, correct_time, correct_comment, answer_duration, question_content, question_options, correct_answer, create_time) VALUES (?, ?, ?, ?, ?, ?, ?, ?, ?, ?, ?, ?, ?, ?, ?, NOW())\r\n### Cause: java.sql.SQLIntegrityConstraintViolationException: Column \'student_id\' cannot be null\n; Column \'student_id\' cannot be null; nested exception is java.sql.SQLIntegrityConstraintViolationException: Column \'student_id\' cannot be null', '2025-11-18 16:21:08', 20);
INSERT INTO `sys_oper_log` VALUES (605, '保存答案', 1, 'com.ruoyi.web.controller.proj_lwj.ClassExamController.saveAnswer()', 'POST', 1, 'admin', '研发部门', '/proj_lwj/exam/answer/save', '127.0.0.1', '内网IP', '{\"correctAnswer\":\"true\",\"createBy\":\"admin\",\"examId\":21,\"isCorrect\":1,\"params\":{},\"questionContent\":\"22222\",\"questionId\":51,\"questionOptions\":\"\",\"score\":1,\"studentAnswer\":\"true\",\"studentNo\":\"2023141460368\"}', NULL, 1, '\r\n### Error updating database.  Cause: java.sql.SQLIntegrityConstraintViolationException: Column \'student_id\' cannot be null\r\n### The error may exist in com/ruoyi/proj_lwj/mapper/ClassExamAnswerMapper.java (best guess)\r\n### The error may involve com.ruoyi.proj_lwj.mapper.ClassExamAnswerMapper.insert-Inline\r\n### The error occurred while setting parameters\r\n### SQL: INSERT INTO class_exam_answer (exam_id, student_id, student_no, question_id, student_answer, answer_files, is_correct, score, corrector_id, correct_time, correct_comment, answer_duration, question_content, question_options, correct_answer, create_time) VALUES (?, ?, ?, ?, ?, ?, ?, ?, ?, ?, ?, ?, ?, ?, ?, NOW())\r\n### Cause: java.sql.SQLIntegrityConstraintViolationException: Column \'student_id\' cannot be null\n; Column \'student_id\' cannot be null; nested exception is java.sql.SQLIntegrityConstraintViolationException: Column \'student_id\' cannot be null', '2025-11-18 16:21:35', 12);
INSERT INTO `sys_oper_log` VALUES (606, '保存答案', 1, 'com.ruoyi.web.controller.proj_lwj.ClassExamController.saveAnswer()', 'POST', 1, 'admin', '研发部门', '/proj_lwj/exam/answer/save', '127.0.0.1', '内网IP', '{\"correctAnswer\":\"true\",\"createBy\":\"admin\",\"examId\":21,\"isCorrect\":0,\"params\":{},\"questionContent\":\"33333\",\"questionId\":52,\"questionOptions\":\"\",\"score\":1,\"studentAnswer\":\"false\",\"studentNo\":\"2023141460368\"}', NULL, 1, '\r\n### Error updating database.  Cause: java.sql.SQLIntegrityConstraintViolationException: Column \'student_id\' cannot be null\r\n### The error may exist in com/ruoyi/proj_lwj/mapper/ClassExamAnswerMapper.java (best guess)\r\n### The error may involve com.ruoyi.proj_lwj.mapper.ClassExamAnswerMapper.insert-Inline\r\n### The error occurred while setting parameters\r\n### SQL: INSERT INTO class_exam_answer (exam_id, student_id, student_no, question_id, student_answer, answer_files, is_correct, score, corrector_id, correct_time, correct_comment, answer_duration, question_content, question_options, correct_answer, create_time) VALUES (?, ?, ?, ?, ?, ?, ?, ?, ?, ?, ?, ?, ?, ?, ?, NOW())\r\n### Cause: java.sql.SQLIntegrityConstraintViolationException: Column \'student_id\' cannot be null\n; Column \'student_id\' cannot be null; nested exception is java.sql.SQLIntegrityConstraintViolationException: Column \'student_id\' cannot be null', '2025-11-18 16:21:43', 12);
INSERT INTO `sys_oper_log` VALUES (607, '保存答案', 1, 'com.ruoyi.web.controller.proj_lwj.ClassExamController.saveAnswer()', 'POST', 1, 'admin', '研发部门', '/proj_lwj/exam/answer/save', '127.0.0.1', '内网IP', '{\"correctAnswer\":\"false\",\"createBy\":\"admin\",\"examId\":21,\"isCorrect\":1,\"params\":{},\"questionContent\":\"3\",\"questionId\":53,\"questionOptions\":\"\",\"score\":1,\"studentAnswer\":\"false\",\"studentNo\":\"2023141460368\"}', NULL, 1, '\r\n### Error updating database.  Cause: java.sql.SQLIntegrityConstraintViolationException: Column \'student_id\' cannot be null\r\n### The error may exist in com/ruoyi/proj_lwj/mapper/ClassExamAnswerMapper.java (best guess)\r\n### The error may involve com.ruoyi.proj_lwj.mapper.ClassExamAnswerMapper.insert-Inline\r\n### The error occurred while setting parameters\r\n### SQL: INSERT INTO class_exam_answer (exam_id, student_id, student_no, question_id, student_answer, answer_files, is_correct, score, corrector_id, correct_time, correct_comment, answer_duration, question_content, question_options, correct_answer, create_time) VALUES (?, ?, ?, ?, ?, ?, ?, ?, ?, ?, ?, ?, ?, ?, ?, NOW())\r\n### Cause: java.sql.SQLIntegrityConstraintViolationException: Column \'student_id\' cannot be null\n; Column \'student_id\' cannot be null; nested exception is java.sql.SQLIntegrityConstraintViolationException: Column \'student_id\' cannot be null', '2025-11-18 16:21:44', 13);
INSERT INTO `sys_oper_log` VALUES (608, '保存答案', 1, 'com.ruoyi.web.controller.proj_lwj.ClassExamController.saveAnswer()', 'POST', 1, 'admin', '研发部门', '/proj_lwj/exam/answer/save', '127.0.0.1', '内网IP', '{\"correctAnswer\":\"true\",\"createBy\":\"admin\",\"examId\":21,\"isCorrect\":0,\"params\":{},\"questionContent\":\"4\",\"questionId\":54,\"questionOptions\":\"\",\"score\":1,\"studentAnswer\":\"false\",\"studentNo\":\"2023141460368\"}', NULL, 1, '\r\n### Error updating database.  Cause: java.sql.SQLIntegrityConstraintViolationException: Column \'student_id\' cannot be null\r\n### The error may exist in com/ruoyi/proj_lwj/mapper/ClassExamAnswerMapper.java (best guess)\r\n### The error may involve com.ruoyi.proj_lwj.mapper.ClassExamAnswerMapper.insert-Inline\r\n### The error occurred while setting parameters\r\n### SQL: INSERT INTO class_exam_answer (exam_id, student_id, student_no, question_id, student_answer, answer_files, is_correct, score, corrector_id, correct_time, correct_comment, answer_duration, question_content, question_options, correct_answer, create_time) VALUES (?, ?, ?, ?, ?, ?, ?, ?, ?, ?, ?, ?, ?, ?, ?, NOW())\r\n### Cause: java.sql.SQLIntegrityConstraintViolationException: Column \'student_id\' cannot be null\n; Column \'student_id\' cannot be null; nested exception is java.sql.SQLIntegrityConstraintViolationException: Column \'student_id\' cannot be null', '2025-11-18 16:21:45', 13);
INSERT INTO `sys_oper_log` VALUES (609, '考试提交', 2, 'com.ruoyi.web.controller.proj_lwj.ClassExamController.submitExam()', 'POST', 1, 'admin', '研发部门', '/proj_lwj/exam/participant/submit', '127.0.0.1', '内网IP', '{\"examId\":17,\"params\":{},\"studentNo\":\"2023141460368\"}', '{\"msg\":\"已提交，不能重复提交\",\"code\":500}', 0, NULL, '2025-11-18 16:56:29', 38);
INSERT INTO `sys_oper_log` VALUES (610, '保存答案', 1, 'com.ruoyi.web.controller.proj_lwj.ClassExamController.saveAnswer()', 'POST', 1, 'admin', '研发部门', '/proj_lwj/exam/answer/save', '127.0.0.1', '内网IP', '{\"correctAnswer\":\"true\",\"createBy\":\"admin\",\"examId\":17,\"id\":30,\"isCorrect\":1,\"params\":{},\"questionContent\":\"1\",\"questionId\":35,\"questionOptions\":\"\",\"score\":1,\"studentAnswer\":\"true\",\"studentId\":38,\"studentNo\":\"2023141460368\"}', '{\"msg\":\"操作成功\",\"code\":200,\"data\":{\"correctAnswer\":\"true\",\"createBy\":\"admin\",\"examId\":17,\"id\":30,\"isCorrect\":1,\"params\":{},\"questionContent\":\"1\",\"questionId\":35,\"score\":1,\"studentAnswer\":\"true\",\"studentId\":38,\"studentNo\":\"2023141460368\"}}', 0, NULL, '2025-11-18 16:56:31', 374);
INSERT INTO `sys_oper_log` VALUES (611, '保存答案', 1, 'com.ruoyi.web.controller.proj_lwj.ClassExamController.saveAnswer()', 'POST', 1, 'admin', '研发部门', '/proj_lwj/exam/answer/save', '127.0.0.1', '内网IP', '{\"correctAnswer\":\"true\",\"createBy\":\"admin\",\"examId\":17,\"id\":31,\"isCorrect\":1,\"params\":{},\"questionContent\":\"2\",\"questionId\":36,\"questionOptions\":\"\",\"score\":1,\"studentAnswer\":\"true\",\"studentId\":38,\"studentNo\":\"2023141460368\"}', '{\"msg\":\"操作成功\",\"code\":200,\"data\":{\"correctAnswer\":\"true\",\"createBy\":\"admin\",\"examId\":17,\"id\":31,\"isCorrect\":1,\"params\":{},\"questionContent\":\"2\",\"questionId\":36,\"score\":1,\"studentAnswer\":\"true\",\"studentId\":38,\"studentNo\":\"2023141460368\"}}', 0, NULL, '2025-11-18 16:56:33', 484);
INSERT INTO `sys_oper_log` VALUES (612, '保存答案', 1, 'com.ruoyi.web.controller.proj_lwj.ClassExamController.saveAnswer()', 'POST', 1, 'admin', '研发部门', '/proj_lwj/exam/answer/save', '127.0.0.1', '内网IP', '{\"correctAnswer\":\"true\",\"createBy\":\"admin\",\"examId\":17,\"id\":32,\"isCorrect\":1,\"params\":{},\"questionContent\":\"3\",\"questionId\":37,\"questionOptions\":\"\",\"score\":1,\"studentAnswer\":\"true\",\"studentId\":38,\"studentNo\":\"2023141460368\"}', '{\"msg\":\"操作成功\",\"code\":200,\"data\":{\"correctAnswer\":\"true\",\"createBy\":\"admin\",\"examId\":17,\"id\":32,\"isCorrect\":1,\"params\":{},\"questionContent\":\"3\",\"questionId\":37,\"score\":1,\"studentAnswer\":\"true\",\"studentId\":38,\"studentNo\":\"2023141460368\"}}', 0, NULL, '2025-11-18 16:56:34', 173);
INSERT INTO `sys_oper_log` VALUES (613, '保存答案', 1, 'com.ruoyi.web.controller.proj_lwj.ClassExamController.saveAnswer()', 'POST', 1, 'admin', '研发部门', '/proj_lwj/exam/answer/save', '127.0.0.1', '内网IP', '{\"correctAnswer\":\"true\",\"createBy\":\"admin\",\"examId\":17,\"id\":33,\"isCorrect\":1,\"params\":{},\"questionContent\":\"4\",\"questionId\":38,\"questionOptions\":\"\",\"score\":1,\"studentAnswer\":\"true\",\"studentId\":38,\"studentNo\":\"2023141460368\"}', '{\"msg\":\"操作成功\",\"code\":200,\"data\":{\"correctAnswer\":\"true\",\"createBy\":\"admin\",\"examId\":17,\"id\":33,\"isCorrect\":1,\"params\":{},\"questionContent\":\"4\",\"questionId\":38,\"score\":1,\"studentAnswer\":\"true\",\"studentId\":38,\"studentNo\":\"2023141460368\"}}', 0, NULL, '2025-11-18 16:56:36', 148);
INSERT INTO `sys_oper_log` VALUES (614, '保存答案', 1, 'com.ruoyi.web.controller.proj_lwj.ClassExamController.saveAnswer()', 'POST', 1, 'admin', '研发部门', '/proj_lwj/exam/answer/save', '127.0.0.1', '内网IP', '{\"correctAnswer\":\"1\",\"createBy\":\"admin\",\"examId\":17,\"id\":34,\"isCorrect\":1,\"params\":{},\"questionContent\":\"5\",\"questionId\":39,\"questionOptions\":\"[\\\"1\\\",\\\"2\\\",\\\"3\\\"]\",\"score\":1,\"studentAnswer\":\"1\",\"studentId\":38,\"studentNo\":\"2023141460368\"}', '{\"msg\":\"操作成功\",\"code\":200,\"data\":{\"correctAnswer\":\"1\",\"createBy\":\"admin\",\"examId\":17,\"id\":34,\"isCorrect\":1,\"params\":{},\"questionContent\":\"5\",\"questionId\":39,\"questionOptions\":\"[\\\"1\\\",\\\"2\\\",\\\"3\\\"]\",\"score\":1,\"studentAnswer\":\"1\",\"studentId\":38,\"studentNo\":\"2023141460368\"}}', 0, NULL, '2025-11-18 16:56:37', 58);
INSERT INTO `sys_oper_log` VALUES (615, '考试提交', 2, 'com.ruoyi.web.controller.proj_lwj.ClassExamController.submitExam()', 'POST', 1, 'admin', '研发部门', '/proj_lwj/exam/participant/submit', '127.0.0.1', '内网IP', '{\"examId\":17,\"params\":{},\"studentNo\":\"2023141460368\"}', '{\"msg\":\"已提交，不能重复提交\",\"code\":500}', 0, NULL, '2025-11-18 16:56:39', 13);
INSERT INTO `sys_oper_log` VALUES (616, '考试状态更新', 2, 'com.ruoyi.web.controller.proj_lwj.ClassExamController.changeStatus()', 'PUT', 1, 'admin', '研发部门', '/proj_lwj/exam/status/21/3', '127.0.0.1', '内网IP', '21 3', '{\"msg\":\"操作成功\",\"code\":200}', 0, NULL, '2025-11-18 16:56:54', 31);
INSERT INTO `sys_oper_log` VALUES (617, '考试状态更新', 2, 'com.ruoyi.web.controller.proj_lwj.ClassExamController.changeStatus()', 'PUT', 1, 'admin', '研发部门', '/proj_lwj/exam/status/20/3', '127.0.0.1', '内网IP', '20 3', '{\"msg\":\"操作成功\",\"code\":200}', 0, NULL, '2025-11-18 16:56:55', 16);
INSERT INTO `sys_oper_log` VALUES (618, '考试状态更新', 2, 'com.ruoyi.web.controller.proj_lwj.ClassExamController.changeStatus()', 'PUT', 1, 'admin', '研发部门', '/proj_lwj/exam/status/19/3', '127.0.0.1', '内网IP', '19 3', '{\"msg\":\"操作成功\",\"code\":200}', 0, NULL, '2025-11-18 16:56:56', 21);
INSERT INTO `sys_oper_log` VALUES (619, '考试状态更新', 2, 'com.ruoyi.web.controller.proj_lwj.ClassExamController.changeStatus()', 'PUT', 1, 'admin', '研发部门', '/proj_lwj/exam/status/18/3', '127.0.0.1', '内网IP', '18 3', '{\"msg\":\"操作成功\",\"code\":200}', 0, NULL, '2025-11-18 16:56:57', 29);
INSERT INTO `sys_oper_log` VALUES (620, '考试状态更新', 2, 'com.ruoyi.web.controller.proj_lwj.ClassExamController.changeStatus()', 'PUT', 1, 'admin', '研发部门', '/proj_lwj/exam/status/17/3', '127.0.0.1', '内网IP', '17 3', '{\"msg\":\"操作成功\",\"code\":200}', 0, NULL, '2025-11-18 16:56:57', 28);
INSERT INTO `sys_oper_log` VALUES (621, '考试管理', 3, 'com.ruoyi.web.controller.proj_lwj.ClassExamController.remove()', 'DELETE', 1, 'admin', '研发部门', '/proj_lwj/exam/21', '127.0.0.1', '内网IP', '[21]', NULL, 1, '\r\n### Error updating database.  Cause: java.sql.SQLSyntaxErrorException: Table \'ry-vue.class_exam_monitor\' doesn\'t exist\r\n### The error may exist in com/ruoyi/proj_lwj/mapper/ClassExamMonitorMapper.java (best guess)\r\n### The error may involve com.ruoyi.proj_lwj.mapper.ClassExamMonitorMapper.deleteByExamId-Inline\r\n### The error occurred while setting parameters\r\n### SQL: DELETE FROM class_exam_monitor WHERE exam_id=?\r\n### Cause: java.sql.SQLSyntaxErrorException: Table \'ry-vue.class_exam_monitor\' doesn\'t exist\n; bad SQL grammar []; nested exception is java.sql.SQLSyntaxErrorException: Table \'ry-vue.class_exam_monitor\' doesn\'t exist', '2025-11-18 16:57:02', 231);
INSERT INTO `sys_oper_log` VALUES (622, '考试管理', 3, 'com.ruoyi.web.controller.proj_lwj.ClassExamController.remove()', 'DELETE', 1, 'admin', '研发部门', '/proj_lwj/exam/20', '127.0.0.1', '内网IP', '[20]', NULL, 1, '\r\n### Error updating database.  Cause: java.sql.SQLSyntaxErrorException: Table \'ry-vue.class_exam_monitor\' doesn\'t exist\r\n### The error may exist in com/ruoyi/proj_lwj/mapper/ClassExamMonitorMapper.java (best guess)\r\n### The error may involve com.ruoyi.proj_lwj.mapper.ClassExamMonitorMapper.deleteByExamId-Inline\r\n### The error occurred while setting parameters\r\n### SQL: DELETE FROM class_exam_monitor WHERE exam_id=?\r\n### Cause: java.sql.SQLSyntaxErrorException: Table \'ry-vue.class_exam_monitor\' doesn\'t exist\n; bad SQL grammar []; nested exception is java.sql.SQLSyntaxErrorException: Table \'ry-vue.class_exam_monitor\' doesn\'t exist', '2025-11-18 16:57:05', 39);
INSERT INTO `sys_oper_log` VALUES (623, '考试管理', 3, 'com.ruoyi.web.controller.proj_lwj.ClassExamController.remove()', 'DELETE', 1, 'admin', '研发部门', '/proj_lwj/exam/20', '127.0.0.1', '内网IP', '[20]', NULL, 1, '\r\n### Error updating database.  Cause: java.sql.SQLSyntaxErrorException: Table \'ry-vue.class_exam_session\' doesn\'t exist\r\n### The error may exist in com/ruoyi/proj_lwj/mapper/ClassExamSessionMapper.java (best guess)\r\n### The error may involve com.ruoyi.proj_lwj.mapper.ClassExamSessionMapper.deleteByExamId-Inline\r\n### The error occurred while setting parameters\r\n### SQL: DELETE FROM class_exam_session WHERE exam_id=?\r\n### Cause: java.sql.SQLSyntaxErrorException: Table \'ry-vue.class_exam_session\' doesn\'t exist\n; bad SQL grammar []; nested exception is java.sql.SQLSyntaxErrorException: Table \'ry-vue.class_exam_session\' doesn\'t exist', '2025-11-18 17:02:53', 1161);
INSERT INTO `sys_oper_log` VALUES (624, '考试管理', 3, 'com.ruoyi.web.controller.proj_lwj.ClassExamController.remove()', 'DELETE', 1, 'admin', '研发部门', '/proj_lwj/exam/14', '127.0.0.1', '内网IP', '[14]', NULL, 1, '\r\n### Error updating database.  Cause: java.sql.SQLSyntaxErrorException: Table \'ry-vue.class_exam_session\' doesn\'t exist\r\n### The error may exist in com/ruoyi/proj_lwj/mapper/ClassExamSessionMapper.java (best guess)\r\n### The error may involve com.ruoyi.proj_lwj.mapper.ClassExamSessionMapper.deleteByExamId-Inline\r\n### The error occurred while setting parameters\r\n### SQL: DELETE FROM class_exam_session WHERE exam_id=?\r\n### Cause: java.sql.SQLSyntaxErrorException: Table \'ry-vue.class_exam_session\' doesn\'t exist\n; bad SQL grammar []; nested exception is java.sql.SQLSyntaxErrorException: Table \'ry-vue.class_exam_session\' doesn\'t exist', '2025-11-18 17:06:05', 1832);
INSERT INTO `sys_oper_log` VALUES (625, '保存抽取记录', 1, 'com.ruoyi.web.controller.proj_myx.RandomPickController.savePick()', 'POST', 1, 'admin', '研发部门', '/proj_myx/random/pick/save', '127.0.0.1', '内网IP', '{\"pickTime\":\"2025-11-20 21:15:12.145\",\"sessionId\":1,\"studentId\":8,\"teacherId\":0}', '{\"msg\":\"操作成功\",\"code\":200}', 0, NULL, '2025-11-20 21:15:12', 7);
INSERT INTO `sys_oper_log` VALUES (626, '保存抽取记录', 1, 'com.ruoyi.web.controller.proj_myx.RandomPickController.savePick()', 'POST', 1, 'admin', '研发部门', '/proj_myx/random/pick/save', '127.0.0.1', '内网IP', '{\"pickTime\":\"2025-11-20 21:15:16.028\",\"sessionId\":1,\"studentId\":1,\"teacherId\":0}', '{\"msg\":\"操作成功\",\"code\":200}', 0, NULL, '2025-11-20 21:15:16', 3);
INSERT INTO `sys_oper_log` VALUES (627, '保存抽取记录', 1, 'com.ruoyi.web.controller.proj_myx.RandomPickController.savePick()', 'POST', 1, 'admin', '研发部门', '/proj_myx/random/pick/save', '127.0.0.1', '内网IP', '{\"pickTime\":\"2025-11-20 21:22:33.984\",\"sessionId\":1,\"studentId\":28,\"teacherId\":0}', '{\"msg\":\"操作成功\",\"code\":200}', 0, NULL, '2025-11-20 21:22:33', 3);
INSERT INTO `sys_oper_log` VALUES (628, '保存抽取记录', 1, 'com.ruoyi.web.controller.proj_myx.RandomPickController.savePick()', 'POST', 1, 'admin', '研发部门', '/proj_myx/random/pick/save', '127.0.0.1', '内网IP', '{\"pickTime\":\"2025-11-20 21:22:59.062\",\"sessionId\":1,\"studentId\":31,\"teacherId\":0}', '{\"msg\":\"操作成功\",\"code\":200}', 0, NULL, '2025-11-20 21:22:59', 3);
INSERT INTO `sys_oper_log` VALUES (629, '保存抽取记录', 1, 'com.ruoyi.web.controller.proj_myx.RandomPickController.savePick()', 'POST', 1, 'admin', '研发部门', '/proj_myx/random/pick/save', '127.0.0.1', '内网IP', '{\"pickTime\":\"2025-11-20 21:26:58.177\",\"sessionId\":1,\"studentId\":30,\"teacherId\":0}', '{\"msg\":\"操作成功\",\"code\":200}', 0, NULL, '2025-11-20 21:26:58', 2);
INSERT INTO `sys_oper_log` VALUES (630, '保存抽取记录', 1, 'com.ruoyi.web.controller.proj_myx.RandomPickController.savePick()', 'POST', 1, 'admin', '研发部门', '/proj_myx/random/pick/save', '127.0.0.1', '内网IP', '{\"pickTime\":\"2025-11-20 21:27:06.109\",\"sessionId\":1,\"studentId\":33,\"teacherId\":0}', '{\"msg\":\"操作成功\",\"code\":200}', 0, NULL, '2025-11-20 21:27:06', 3);
INSERT INTO `sys_oper_log` VALUES (631, '保存抽取记录', 1, 'com.ruoyi.web.controller.proj_myx.RandomPickController.savePick()', 'POST', 1, 'admin', '研发部门', '/proj_myx/random/pick/save', '127.0.0.1', '内网IP', '{\"pickTime\":\"2025-11-20 21:27:13.6\",\"sessionId\":1,\"studentId\":10,\"teacherId\":0}', '{\"msg\":\"操作成功\",\"code\":200}', 0, NULL, '2025-11-20 21:27:13', 3);
INSERT INTO `sys_oper_log` VALUES (632, '保存抽取记录', 1, 'com.ruoyi.web.controller.proj_myx.RandomPickController.savePick()', 'POST', 1, 'admin', '研发部门', '/proj_myx/random/pick/save', '127.0.0.1', '内网IP', '{\"pickTime\":\"2025-11-20 21:27:20.54\",\"sessionId\":1,\"studentId\":35,\"teacherId\":0}', '{\"msg\":\"操作成功\",\"code\":200}', 0, NULL, '2025-11-20 21:27:20', 3);
INSERT INTO `sys_oper_log` VALUES (633, '保存抽取记录', 1, 'com.ruoyi.web.controller.proj_myx.RandomPickController.savePick()', 'POST', 1, 'admin', '研发部门', '/proj_myx/random/pick/save', '127.0.0.1', '内网IP', '{\"pickTime\":\"2025-11-20 21:27:31.068\",\"sessionId\":1,\"studentId\":15,\"teacherId\":0}', '{\"msg\":\"操作成功\",\"code\":200}', 0, NULL, '2025-11-20 21:27:31', 2);
INSERT INTO `sys_oper_log` VALUES (634, '保存抽取记录', 1, 'com.ruoyi.web.controller.proj_myx.RandomPickController.savePick()', 'POST', 1, 'admin', '研发部门', '/proj_myx/random/pick/save', '127.0.0.1', '内网IP', '{\"pickTime\":\"2025-11-20 21:38:41.036\",\"sessionId\":3,\"studentId\":3,\"teacherId\":0}', '{\"msg\":\"操作成功\",\"code\":200}', 0, NULL, '2025-11-20 21:38:41', 3);
INSERT INTO `sys_oper_log` VALUES (635, '保存抽取记录', 1, 'com.ruoyi.web.controller.proj_myx.RandomPickController.savePick()', 'POST', 1, 'admin', '研发部门', '/proj_myx/random/pick/save', '127.0.0.1', '内网IP', '{\"pickTime\":\"2025-11-20 21:38:52.147\",\"sessionId\":3,\"studentId\":2,\"teacherId\":0}', '{\"msg\":\"操作成功\",\"code\":200}', 0, NULL, '2025-11-20 21:38:52', 2);
INSERT INTO `sys_oper_log` VALUES (636, '保存抽取记录', 1, 'com.ruoyi.web.controller.proj_myx.RandomPickController.savePick()', 'POST', 1, 'admin', '研发部门', '/proj_myx/random/pick/save', '127.0.0.1', '内网IP', '{\"pickTime\":\"2025-11-20 21:39:44.201\",\"sessionId\":1,\"studentId\":24,\"teacherId\":0}', '{\"msg\":\"操作成功\",\"code\":200}', 0, NULL, '2025-11-20 21:39:44', 3);
INSERT INTO `sys_oper_log` VALUES (637, '保存抽取记录', 1, 'com.ruoyi.web.controller.proj_myx.RandomPickController.savePick()', 'POST', 1, 'admin', '研发部门', '/proj_myx/random/pick/save', '127.0.0.1', '内网IP', '{\"pickTime\":\"2025-11-20 21:43:52.178\",\"sessionId\":1,\"studentId\":30,\"teacherId\":0}', '{\"msg\":\"操作成功\",\"code\":200}', 0, NULL, '2025-11-20 21:43:52', 3);
INSERT INTO `sys_oper_log` VALUES (638, '保存抽取记录', 1, 'com.ruoyi.web.controller.proj_myx.RandomPickController.savePick()', 'POST', 1, 'admin', '研发部门', '/proj_myx/random/pick/save', '127.0.0.1', '内网IP', '{\"pickTime\":\"2025-11-20 21:44:00.152\",\"sessionId\":1,\"studentId\":12,\"teacherId\":0}', '{\"msg\":\"操作成功\",\"code\":200}', 0, NULL, '2025-11-20 21:44:00', 2);
INSERT INTO `sys_oper_log` VALUES (639, '保存抽取记录', 1, 'com.ruoyi.web.controller.proj_myx.RandomPickController.savePick()', 'POST', 1, 'admin', '研发部门', '/proj_myx/random/pick/save', '127.0.0.1', '内网IP', '{\"pickTime\":\"2025-11-20 21:44:06.844\",\"sessionId\":1,\"studentId\":31,\"teacherId\":0}', '{\"msg\":\"操作成功\",\"code\":200}', 0, NULL, '2025-11-20 21:44:06', 2);
INSERT INTO `sys_oper_log` VALUES (640, '保存抽取记录', 1, 'com.ruoyi.web.controller.proj_myx.RandomPickController.savePick()', 'POST', 1, 'admin', '研发部门', '/proj_myx/random/pick/save', '127.0.0.1', '内网IP', '{\"pickTime\":\"2025-11-20 21:44:21.147\",\"sessionId\":3,\"studentId\":2,\"teacherId\":0}', '{\"msg\":\"操作成功\",\"code\":200}', 0, NULL, '2025-11-20 21:44:21', 2);
INSERT INTO `sys_oper_log` VALUES (641, '保存抽取记录', 1, 'com.ruoyi.web.controller.proj_myx.RandomPickController.savePick()', 'POST', 1, 'admin', '研发部门', '/proj_myx/random/pick/save', '127.0.0.1', '内网IP', '{\"pickTime\":\"2025-11-20 21:44:29.831\",\"sessionId\":3,\"studentId\":1,\"teacherId\":0}', '{\"msg\":\"操作成功\",\"code\":200}', 0, NULL, '2025-11-20 21:44:29', 2);
INSERT INTO `sys_oper_log` VALUES (642, '保存抽取记录', 1, 'com.ruoyi.web.controller.proj_myx.RandomPickController.savePick()', 'POST', 1, 'admin', '研发部门', '/proj_myx/random/pick/save', '127.0.0.1', '内网IP', '{\"pickTime\":\"2025-11-20 21:44:36.132\",\"sessionId\":3,\"studentId\":3,\"teacherId\":0}', '{\"msg\":\"操作成功\",\"code\":200}', 0, NULL, '2025-11-20 21:44:36', 2);
INSERT INTO `sys_oper_log` VALUES (643, '修改抽取记录', 2, 'com.ruoyi.web.controller.proj_myx.RandomPickController.edit()', 'PUT', 1, 'admin', '研发部门', '/proj_myx/random/pick', '127.0.0.1', '内网IP', '{\"remark\":\"1\",\"rpickId\":35}', '{\"msg\":\"操作成功\",\"code\":200}', 0, NULL, '2025-11-20 22:26:34', 10);
INSERT INTO `sys_oper_log` VALUES (644, '修改抽取记录', 2, 'com.ruoyi.web.controller.proj_myx.RandomPickController.edit()', 'PUT', 1, 'admin', '研发部门', '/proj_myx/random/pick', '127.0.0.1', '内网IP', '{\"remark\":\"主动回答 +2分\",\"rpickId\":35}', '{\"msg\":\"操作成功\",\"code\":200}', 0, NULL, '2025-11-20 22:26:51', 3);
INSERT INTO `sys_oper_log` VALUES (645, '保存抽取记录', 1, 'com.ruoyi.web.controller.proj_myx.RandomPickController.savePick()', 'POST', 1, 'admin', '研发部门', '/proj_myx/random/pick/save', '127.0.0.1', '内网IP', '{\"pickTime\":\"2025-11-20 22:27:07.25\",\"sessionId\":1,\"studentId\":28,\"teacherId\":0}', '{\"msg\":\"操作成功\",\"code\":200}', 0, NULL, '2025-11-20 22:27:07', 5);
INSERT INTO `sys_oper_log` VALUES (646, '修改抽取记录', 2, 'com.ruoyi.web.controller.proj_myx.RandomPickController.edit()', 'PUT', 1, 'admin', '研发部门', '/proj_myx/random/pick', '127.0.0.1', '内网IP', '{\"remark\":\"汇报很棒 +3分\",\"rpickId\":33}', '{\"msg\":\"操作成功\",\"code\":200}', 0, NULL, '2025-11-20 22:27:31', 3);
INSERT INTO `sys_oper_log` VALUES (647, '导出抽取记录', 5, 'com.ruoyi.web.controller.proj_myx.RandomPickController.export()', 'POST', 1, 'admin', '研发部门', '/proj_myx/random/export', '127.0.0.1', '内网IP', '{\"sessionId\":\"1\"}', NULL, 0, NULL, '2025-11-20 22:27:41', 515);
INSERT INTO `sys_oper_log` VALUES (648, '保存抽取记录', 1, 'com.ruoyi.web.controller.proj_myx.RandomPickController.savePick()', 'POST', 1, 'admin', '研发部门', '/proj_myx/random/pick/save', '127.0.0.1', '内网IP', '{\"pickTime\":\"2025-11-20 22:28:38.077\",\"sessionId\":1,\"studentId\":19,\"teacherId\":0}', '{\"msg\":\"操作成功\",\"code\":200}', 0, NULL, '2025-11-20 22:28:38', 3);
INSERT INTO `sys_oper_log` VALUES (649, '修改抽取记录', 2, 'com.ruoyi.web.controller.proj_myx.RandomPickController.edit()', 'PUT', 1, 'admin', '研发部门', '/proj_myx/random/pick', '127.0.0.1', '内网IP', '{\"remark\":\"上课睡觉没答出来 -1分\",\"rpickId\":39}', '{\"msg\":\"操作成功\",\"code\":200}', 0, NULL, '2025-11-20 22:29:22', 2);
INSERT INTO `sys_oper_log` VALUES (650, '删除抽取记录', 3, 'com.ruoyi.web.controller.proj_myx.RandomPickController.remove()', 'DELETE', 1, 'admin', '研发部门', '/proj_myx/random/pick/37', '127.0.0.1', '内网IP', '37', '{\"msg\":\"操作成功\",\"code\":200}', 0, NULL, '2025-11-20 22:30:10', 4);
INSERT INTO `sys_oper_log` VALUES (651, '删除抽取记录', 3, 'com.ruoyi.web.controller.proj_myx.RandomPickController.remove()', 'DELETE', 1, 'admin', '研发部门', '/proj_myx/random/pick/38', '127.0.0.1', '内网IP', '38', '{\"msg\":\"操作成功\",\"code\":200}', 0, NULL, '2025-11-20 22:30:15', 2);
INSERT INTO `sys_oper_log` VALUES (652, '删除抽取记录', 3, 'com.ruoyi.web.controller.proj_myx.RandomPickController.remove()', 'DELETE', 1, 'admin', '研发部门', '/proj_myx/random/pick/36', '127.0.0.1', '内网IP', '36', '{\"msg\":\"操作成功\",\"code\":200}', 0, NULL, '2025-11-20 22:30:19', 2);
INSERT INTO `sys_oper_log` VALUES (653, '保存抽取记录', 1, 'com.ruoyi.web.controller.proj_myx.RandomPickController.savePick()', 'POST', 1, 'admin', '研发部门', '/proj_myx/random/pick/save', '127.0.0.1', '内网IP', '{\"pickTime\":\"2025-11-20 22:30:24.571\",\"sessionId\":3,\"studentId\":1,\"teacherId\":0}', '{\"msg\":\"操作成功\",\"code\":200}', 0, NULL, '2025-11-20 22:30:24', 2);
INSERT INTO `sys_oper_log` VALUES (654, '保存抽取记录', 1, 'com.ruoyi.web.controller.proj_myx.RandomPickController.savePick()', 'POST', 1, 'admin', '研发部门', '/proj_myx/random/pick/save', '127.0.0.1', '内网IP', '{\"pickTime\":\"2025-11-20 22:43:47.088\",\"sessionId\":1,\"studentId\":37,\"teacherId\":0}', '{\"msg\":\"操作成功\",\"code\":200}', 0, NULL, '2025-11-20 22:43:47', 8);
INSERT INTO `sys_oper_log` VALUES (655, '修改抽取记录', 2, 'com.ruoyi.web.controller.proj_myx.RandomPickController.edit()', 'PUT', 1, 'admin', '研发部门', '/proj_myx/random/pick', '127.0.0.1', '内网IP', '{\"remark\":\"被动回答 不加分\",\"rpickId\":42}', '{\"msg\":\"操作成功\",\"code\":200}', 0, NULL, '2025-11-20 22:43:57', 4);
INSERT INTO `sys_oper_log` VALUES (656, '保存抽取记录', 1, 'com.ruoyi.web.controller.proj_myx.RandomPickController.savePick()', 'POST', 1, 'admin', '研发部门', '/proj_myx/random/pick/save', '127.0.0.1', '内网IP', '{\"pickTime\":\"2025-11-20 22:56:27.47\",\"sessionId\":1,\"studentId\":23,\"teacherId\":0}', '{\"msg\":\"操作成功\",\"code\":200}', 0, NULL, '2025-11-20 22:56:27', 2);
INSERT INTO `sys_oper_log` VALUES (657, '导出抽取记录', 5, 'com.ruoyi.web.controller.proj_myx.RandomPickController.export()', 'POST', 1, 'admin', '研发部门', '/proj_myx/random/export', '127.0.0.1', '内网IP', '{\"sessionId\":\"1\"}', NULL, 0, NULL, '2025-11-20 22:59:26', 409);

-- ----------------------------
-- Table structure for sys_post
-- ----------------------------
DROP TABLE IF EXISTS `sys_post`;
CREATE TABLE `sys_post`  (
  `post_id` bigint NOT NULL AUTO_INCREMENT COMMENT '岗位ID',
  `post_code` varchar(64) CHARACTER SET utf8mb4 COLLATE utf8mb4_unicode_ci NOT NULL COMMENT '岗位编码',
  `post_name` varchar(50) CHARACTER SET utf8mb4 COLLATE utf8mb4_unicode_ci NOT NULL COMMENT '岗位名称',
  `post_sort` int NOT NULL COMMENT '显示顺序',
  `status` char(1) CHARACTER SET utf8mb4 COLLATE utf8mb4_unicode_ci NOT NULL COMMENT '状态（0正常 1停用）',
  `create_by` varchar(64) CHARACTER SET utf8mb4 COLLATE utf8mb4_unicode_ci NULL DEFAULT '' COMMENT '创建者',
  `create_time` datetime NULL DEFAULT NULL COMMENT '创建时间',
  `update_by` varchar(64) CHARACTER SET utf8mb4 COLLATE utf8mb4_unicode_ci NULL DEFAULT '' COMMENT '更新者',
  `update_time` datetime NULL DEFAULT NULL COMMENT '更新时间',
  `remark` varchar(500) CHARACTER SET utf8mb4 COLLATE utf8mb4_unicode_ci NULL DEFAULT NULL COMMENT '备注',
  PRIMARY KEY (`post_id`) USING BTREE
) ENGINE = InnoDB AUTO_INCREMENT = 5 CHARACTER SET = utf8mb4 COLLATE = utf8mb4_unicode_ci COMMENT = '岗位信息表' ROW_FORMAT = DYNAMIC;

-- ----------------------------
-- Records of sys_post
-- ----------------------------
INSERT INTO `sys_post` VALUES (1, 'ceo', '董事长', 1, '0', 'admin', '2025-10-30 17:06:55', '', NULL, '');
INSERT INTO `sys_post` VALUES (2, 'se', '项目经理', 2, '0', 'admin', '2025-10-30 17:06:55', '', NULL, '');
INSERT INTO `sys_post` VALUES (3, 'hr', '人力资源', 3, '0', 'admin', '2025-10-30 17:06:55', '', NULL, '');
INSERT INTO `sys_post` VALUES (4, 'user', '普通员工', 4, '0', 'admin', '2025-10-30 17:06:55', '', NULL, '');

-- ----------------------------
-- Table structure for sys_role
-- ----------------------------
DROP TABLE IF EXISTS `sys_role`;
CREATE TABLE `sys_role`  (
  `role_id` bigint NOT NULL AUTO_INCREMENT COMMENT '角色ID',
  `role_name` varchar(30) CHARACTER SET utf8mb4 COLLATE utf8mb4_unicode_ci NOT NULL COMMENT '角色名称',
  `role_key` varchar(100) CHARACTER SET utf8mb4 COLLATE utf8mb4_unicode_ci NOT NULL COMMENT '角色权限字符串',
  `role_sort` int NOT NULL COMMENT '显示顺序',
  `data_scope` char(1) CHARACTER SET utf8mb4 COLLATE utf8mb4_unicode_ci NULL DEFAULT '1' COMMENT '数据范围（1：全部数据权限 2：自定数据权限 3：本部门数据权限 4：本部门及以下数据权限）',
  `menu_check_strictly` tinyint(1) NULL DEFAULT 1 COMMENT '菜单树选择项是否关联显示',
  `dept_check_strictly` tinyint(1) NULL DEFAULT 1 COMMENT '部门树选择项是否关联显示',
  `status` char(1) CHARACTER SET utf8mb4 COLLATE utf8mb4_unicode_ci NOT NULL COMMENT '角色状态（0正常 1停用）',
  `del_flag` char(1) CHARACTER SET utf8mb4 COLLATE utf8mb4_unicode_ci NULL DEFAULT '0' COMMENT '删除标志（0代表存在 2代表删除）',
  `create_by` varchar(64) CHARACTER SET utf8mb4 COLLATE utf8mb4_unicode_ci NULL DEFAULT '' COMMENT '创建者',
  `create_time` datetime NULL DEFAULT NULL COMMENT '创建时间',
  `update_by` varchar(64) CHARACTER SET utf8mb4 COLLATE utf8mb4_unicode_ci NULL DEFAULT '' COMMENT '更新者',
  `update_time` datetime NULL DEFAULT NULL COMMENT '更新时间',
  `remark` varchar(500) CHARACTER SET utf8mb4 COLLATE utf8mb4_unicode_ci NULL DEFAULT NULL COMMENT '备注',
  PRIMARY KEY (`role_id`) USING BTREE
) ENGINE = InnoDB AUTO_INCREMENT = 102 CHARACTER SET = utf8mb4 COLLATE = utf8mb4_unicode_ci COMMENT = '角色信息表' ROW_FORMAT = DYNAMIC;

-- ----------------------------
-- Records of sys_role
-- ----------------------------
INSERT INTO `sys_role` VALUES (1, '超级管理员', 'admin', 1, '1', 1, 1, '0', '0', 'admin', '2025-10-30 17:06:55', '', NULL, '超级管理员');
INSERT INTO `sys_role` VALUES (2, '普通角色', 'common', 2, '2', 1, 1, '0', '0', 'admin', '2025-10-30 17:06:55', 'admin', '2025-11-14 11:11:03', '普通角色');
INSERT INTO `sys_role` VALUES (100, 'teacher', 'teacher', 3, '1', 1, 1, '0', '0', 'admin', '2025-11-12 01:28:13', 'admin', '2025-11-14 11:11:21', NULL);
INSERT INTO `sys_role` VALUES (101, 'student', 'student', 4, '1', 1, 1, '0', '0', 'admin', '2025-11-12 01:31:32', 'admin', '2025-11-14 11:11:27', NULL);

-- ----------------------------
-- Table structure for sys_role_dept
-- ----------------------------
DROP TABLE IF EXISTS `sys_role_dept`;
CREATE TABLE `sys_role_dept`  (
  `role_id` bigint NOT NULL COMMENT '角色ID',
  `dept_id` bigint NOT NULL COMMENT '部门ID',
  PRIMARY KEY (`role_id`, `dept_id`) USING BTREE
) ENGINE = InnoDB CHARACTER SET = utf8mb4 COLLATE = utf8mb4_unicode_ci COMMENT = '角色和部门关联表' ROW_FORMAT = DYNAMIC;

-- ----------------------------
-- Records of sys_role_dept
-- ----------------------------
INSERT INTO `sys_role_dept` VALUES (2, 100);
INSERT INTO `sys_role_dept` VALUES (2, 101);
INSERT INTO `sys_role_dept` VALUES (2, 105);

-- ----------------------------
-- Table structure for sys_role_menu
-- ----------------------------
DROP TABLE IF EXISTS `sys_role_menu`;
CREATE TABLE `sys_role_menu`  (
  `role_id` bigint NOT NULL COMMENT '角色ID',
  `menu_id` bigint NOT NULL COMMENT '菜单ID',
  PRIMARY KEY (`role_id`, `menu_id`) USING BTREE
) ENGINE = InnoDB CHARACTER SET = utf8mb4 COLLATE = utf8mb4_unicode_ci COMMENT = '角色和菜单关联表' ROW_FORMAT = DYNAMIC;

-- ----------------------------
-- Records of sys_role_menu
-- ----------------------------
INSERT INTO `sys_role_menu` VALUES (1, 2020);
INSERT INTO `sys_role_menu` VALUES (1, 2021);
INSERT INTO `sys_role_menu` VALUES (2, 1);
INSERT INTO `sys_role_menu` VALUES (2, 2);
INSERT INTO `sys_role_menu` VALUES (2, 3);
INSERT INTO `sys_role_menu` VALUES (2, 4);
INSERT INTO `sys_role_menu` VALUES (2, 100);
INSERT INTO `sys_role_menu` VALUES (2, 101);
INSERT INTO `sys_role_menu` VALUES (2, 102);
INSERT INTO `sys_role_menu` VALUES (2, 103);
INSERT INTO `sys_role_menu` VALUES (2, 104);
INSERT INTO `sys_role_menu` VALUES (2, 105);
INSERT INTO `sys_role_menu` VALUES (2, 106);
INSERT INTO `sys_role_menu` VALUES (2, 107);
INSERT INTO `sys_role_menu` VALUES (2, 108);
INSERT INTO `sys_role_menu` VALUES (2, 109);
INSERT INTO `sys_role_menu` VALUES (2, 110);
INSERT INTO `sys_role_menu` VALUES (2, 111);
INSERT INTO `sys_role_menu` VALUES (2, 112);
INSERT INTO `sys_role_menu` VALUES (2, 113);
INSERT INTO `sys_role_menu` VALUES (2, 114);
INSERT INTO `sys_role_menu` VALUES (2, 115);
INSERT INTO `sys_role_menu` VALUES (2, 116);
INSERT INTO `sys_role_menu` VALUES (2, 117);
INSERT INTO `sys_role_menu` VALUES (2, 500);
INSERT INTO `sys_role_menu` VALUES (2, 501);
INSERT INTO `sys_role_menu` VALUES (2, 1000);
INSERT INTO `sys_role_menu` VALUES (2, 1001);
INSERT INTO `sys_role_menu` VALUES (2, 1002);
INSERT INTO `sys_role_menu` VALUES (2, 1003);
INSERT INTO `sys_role_menu` VALUES (2, 1004);
INSERT INTO `sys_role_menu` VALUES (2, 1005);
INSERT INTO `sys_role_menu` VALUES (2, 1006);
INSERT INTO `sys_role_menu` VALUES (2, 1007);
INSERT INTO `sys_role_menu` VALUES (2, 1008);
INSERT INTO `sys_role_menu` VALUES (2, 1009);
INSERT INTO `sys_role_menu` VALUES (2, 1010);
INSERT INTO `sys_role_menu` VALUES (2, 1011);
INSERT INTO `sys_role_menu` VALUES (2, 1012);
INSERT INTO `sys_role_menu` VALUES (2, 1013);
INSERT INTO `sys_role_menu` VALUES (2, 1014);
INSERT INTO `sys_role_menu` VALUES (2, 1015);
INSERT INTO `sys_role_menu` VALUES (2, 1016);
INSERT INTO `sys_role_menu` VALUES (2, 1017);
INSERT INTO `sys_role_menu` VALUES (2, 1018);
INSERT INTO `sys_role_menu` VALUES (2, 1019);
INSERT INTO `sys_role_menu` VALUES (2, 1020);
INSERT INTO `sys_role_menu` VALUES (2, 1021);
INSERT INTO `sys_role_menu` VALUES (2, 1022);
INSERT INTO `sys_role_menu` VALUES (2, 1023);
INSERT INTO `sys_role_menu` VALUES (2, 1024);
INSERT INTO `sys_role_menu` VALUES (2, 1025);
INSERT INTO `sys_role_menu` VALUES (2, 1026);
INSERT INTO `sys_role_menu` VALUES (2, 1027);
INSERT INTO `sys_role_menu` VALUES (2, 1028);
INSERT INTO `sys_role_menu` VALUES (2, 1029);
INSERT INTO `sys_role_menu` VALUES (2, 1030);
INSERT INTO `sys_role_menu` VALUES (2, 1031);
INSERT INTO `sys_role_menu` VALUES (2, 1032);
INSERT INTO `sys_role_menu` VALUES (2, 1033);
INSERT INTO `sys_role_menu` VALUES (2, 1034);
INSERT INTO `sys_role_menu` VALUES (2, 1035);
INSERT INTO `sys_role_menu` VALUES (2, 1036);
INSERT INTO `sys_role_menu` VALUES (2, 1037);
INSERT INTO `sys_role_menu` VALUES (2, 1038);
INSERT INTO `sys_role_menu` VALUES (2, 1039);
INSERT INTO `sys_role_menu` VALUES (2, 1040);
INSERT INTO `sys_role_menu` VALUES (2, 1041);
INSERT INTO `sys_role_menu` VALUES (2, 1042);
INSERT INTO `sys_role_menu` VALUES (2, 1043);
INSERT INTO `sys_role_menu` VALUES (2, 1044);
INSERT INTO `sys_role_menu` VALUES (2, 1045);
INSERT INTO `sys_role_menu` VALUES (2, 1046);
INSERT INTO `sys_role_menu` VALUES (2, 1047);
INSERT INTO `sys_role_menu` VALUES (2, 1048);
INSERT INTO `sys_role_menu` VALUES (2, 1049);
INSERT INTO `sys_role_menu` VALUES (2, 1050);
INSERT INTO `sys_role_menu` VALUES (2, 1051);
INSERT INTO `sys_role_menu` VALUES (2, 1052);
INSERT INTO `sys_role_menu` VALUES (2, 1053);
INSERT INTO `sys_role_menu` VALUES (2, 1054);
INSERT INTO `sys_role_menu` VALUES (2, 1055);
INSERT INTO `sys_role_menu` VALUES (2, 1056);
INSERT INTO `sys_role_menu` VALUES (2, 1057);
INSERT INTO `sys_role_menu` VALUES (2, 1058);
INSERT INTO `sys_role_menu` VALUES (2, 1059);
INSERT INTO `sys_role_menu` VALUES (2, 1060);
INSERT INTO `sys_role_menu` VALUES (2, 2000);
INSERT INTO `sys_role_menu` VALUES (2, 2002);
INSERT INTO `sys_role_menu` VALUES (2, 2003);
INSERT INTO `sys_role_menu` VALUES (2, 2004);
INSERT INTO `sys_role_menu` VALUES (2, 2005);
INSERT INTO `sys_role_menu` VALUES (2, 2006);
INSERT INTO `sys_role_menu` VALUES (2, 2007);
INSERT INTO `sys_role_menu` VALUES (2, 2008);
INSERT INTO `sys_role_menu` VALUES (2, 2009);
INSERT INTO `sys_role_menu` VALUES (2, 2010);
INSERT INTO `sys_role_menu` VALUES (2, 2011);
INSERT INTO `sys_role_menu` VALUES (2, 2012);
INSERT INTO `sys_role_menu` VALUES (2, 2013);
INSERT INTO `sys_role_menu` VALUES (2, 2014);
INSERT INTO `sys_role_menu` VALUES (2, 2015);
INSERT INTO `sys_role_menu` VALUES (2, 2016);
INSERT INTO `sys_role_menu` VALUES (2, 2017);
INSERT INTO `sys_role_menu` VALUES (2, 2018);
INSERT INTO `sys_role_menu` VALUES (2, 2019);
INSERT INTO `sys_role_menu` VALUES (2, 2020);
INSERT INTO `sys_role_menu` VALUES (2, 2021);
INSERT INTO `sys_role_menu` VALUES (2, 2022);
INSERT INTO `sys_role_menu` VALUES (2, 2023);
INSERT INTO `sys_role_menu` VALUES (2, 2024);
INSERT INTO `sys_role_menu` VALUES (2, 2025);
INSERT INTO `sys_role_menu` VALUES (2, 2026);
INSERT INTO `sys_role_menu` VALUES (2, 2027);
INSERT INTO `sys_role_menu` VALUES (2, 2028);
INSERT INTO `sys_role_menu` VALUES (2, 2029);
INSERT INTO `sys_role_menu` VALUES (2, 2030);
INSERT INTO `sys_role_menu` VALUES (2, 2031);
INSERT INTO `sys_role_menu` VALUES (2, 2032);
INSERT INTO `sys_role_menu` VALUES (2, 2033);
INSERT INTO `sys_role_menu` VALUES (2, 2034);
INSERT INTO `sys_role_menu` VALUES (2, 2035);
INSERT INTO `sys_role_menu` VALUES (2, 2036);
INSERT INTO `sys_role_menu` VALUES (2, 2037);
INSERT INTO `sys_role_menu` VALUES (100, 1);
INSERT INTO `sys_role_menu` VALUES (100, 100);
INSERT INTO `sys_role_menu` VALUES (100, 101);
INSERT INTO `sys_role_menu` VALUES (100, 102);
INSERT INTO `sys_role_menu` VALUES (100, 103);
INSERT INTO `sys_role_menu` VALUES (100, 104);
INSERT INTO `sys_role_menu` VALUES (100, 105);
INSERT INTO `sys_role_menu` VALUES (100, 106);
INSERT INTO `sys_role_menu` VALUES (100, 107);
INSERT INTO `sys_role_menu` VALUES (100, 108);
INSERT INTO `sys_role_menu` VALUES (100, 500);
INSERT INTO `sys_role_menu` VALUES (100, 501);
INSERT INTO `sys_role_menu` VALUES (100, 1000);
INSERT INTO `sys_role_menu` VALUES (100, 1001);
INSERT INTO `sys_role_menu` VALUES (100, 1002);
INSERT INTO `sys_role_menu` VALUES (100, 1003);
INSERT INTO `sys_role_menu` VALUES (100, 1004);
INSERT INTO `sys_role_menu` VALUES (100, 1005);
INSERT INTO `sys_role_menu` VALUES (100, 1006);
INSERT INTO `sys_role_menu` VALUES (100, 1007);
INSERT INTO `sys_role_menu` VALUES (100, 1008);
INSERT INTO `sys_role_menu` VALUES (100, 1009);
INSERT INTO `sys_role_menu` VALUES (100, 1010);
INSERT INTO `sys_role_menu` VALUES (100, 1011);
INSERT INTO `sys_role_menu` VALUES (100, 1012);
INSERT INTO `sys_role_menu` VALUES (100, 1013);
INSERT INTO `sys_role_menu` VALUES (100, 1014);
INSERT INTO `sys_role_menu` VALUES (100, 1015);
INSERT INTO `sys_role_menu` VALUES (100, 1016);
INSERT INTO `sys_role_menu` VALUES (100, 1017);
INSERT INTO `sys_role_menu` VALUES (100, 1018);
INSERT INTO `sys_role_menu` VALUES (100, 1019);
INSERT INTO `sys_role_menu` VALUES (100, 1020);
INSERT INTO `sys_role_menu` VALUES (100, 1021);
INSERT INTO `sys_role_menu` VALUES (100, 1022);
INSERT INTO `sys_role_menu` VALUES (100, 1023);
INSERT INTO `sys_role_menu` VALUES (100, 1024);
INSERT INTO `sys_role_menu` VALUES (100, 1025);
INSERT INTO `sys_role_menu` VALUES (100, 1026);
INSERT INTO `sys_role_menu` VALUES (100, 1027);
INSERT INTO `sys_role_menu` VALUES (100, 1028);
INSERT INTO `sys_role_menu` VALUES (100, 1029);
INSERT INTO `sys_role_menu` VALUES (100, 1030);
INSERT INTO `sys_role_menu` VALUES (100, 1031);
INSERT INTO `sys_role_menu` VALUES (100, 1032);
INSERT INTO `sys_role_menu` VALUES (100, 1033);
INSERT INTO `sys_role_menu` VALUES (100, 1034);
INSERT INTO `sys_role_menu` VALUES (100, 1035);
INSERT INTO `sys_role_menu` VALUES (100, 1036);
INSERT INTO `sys_role_menu` VALUES (100, 1037);
INSERT INTO `sys_role_menu` VALUES (100, 1038);
INSERT INTO `sys_role_menu` VALUES (100, 1039);
INSERT INTO `sys_role_menu` VALUES (100, 1040);
INSERT INTO `sys_role_menu` VALUES (100, 1041);
INSERT INTO `sys_role_menu` VALUES (100, 1042);
INSERT INTO `sys_role_menu` VALUES (100, 1043);
INSERT INTO `sys_role_menu` VALUES (100, 1044);
INSERT INTO `sys_role_menu` VALUES (100, 1045);
INSERT INTO `sys_role_menu` VALUES (100, 2000);
INSERT INTO `sys_role_menu` VALUES (100, 2002);
INSERT INTO `sys_role_menu` VALUES (100, 2004);
INSERT INTO `sys_role_menu` VALUES (100, 2005);
INSERT INTO `sys_role_menu` VALUES (100, 2006);
INSERT INTO `sys_role_menu` VALUES (100, 2007);
INSERT INTO `sys_role_menu` VALUES (100, 2008);
INSERT INTO `sys_role_menu` VALUES (100, 2009);
INSERT INTO `sys_role_menu` VALUES (100, 2010);
INSERT INTO `sys_role_menu` VALUES (100, 2011);
INSERT INTO `sys_role_menu` VALUES (100, 2012);
INSERT INTO `sys_role_menu` VALUES (100, 2013);
INSERT INTO `sys_role_menu` VALUES (100, 2014);
INSERT INTO `sys_role_menu` VALUES (100, 2015);
INSERT INTO `sys_role_menu` VALUES (100, 2016);
INSERT INTO `sys_role_menu` VALUES (100, 2017);
INSERT INTO `sys_role_menu` VALUES (100, 2020);
INSERT INTO `sys_role_menu` VALUES (100, 2021);
INSERT INTO `sys_role_menu` VALUES (100, 2022);
INSERT INTO `sys_role_menu` VALUES (100, 2025);
INSERT INTO `sys_role_menu` VALUES (100, 2026);
INSERT INTO `sys_role_menu` VALUES (100, 2031);
INSERT INTO `sys_role_menu` VALUES (100, 2032);
INSERT INTO `sys_role_menu` VALUES (100, 2033);
INSERT INTO `sys_role_menu` VALUES (100, 2034);
INSERT INTO `sys_role_menu` VALUES (100, 2035);
INSERT INTO `sys_role_menu` VALUES (100, 2036);
INSERT INTO `sys_role_menu` VALUES (100, 2037);
INSERT INTO `sys_role_menu` VALUES (101, 1);
INSERT INTO `sys_role_menu` VALUES (101, 2);
INSERT INTO `sys_role_menu` VALUES (101, 3);
INSERT INTO `sys_role_menu` VALUES (101, 4);
INSERT INTO `sys_role_menu` VALUES (101, 100);
INSERT INTO `sys_role_menu` VALUES (101, 101);
INSERT INTO `sys_role_menu` VALUES (101, 102);
INSERT INTO `sys_role_menu` VALUES (101, 103);
INSERT INTO `sys_role_menu` VALUES (101, 104);
INSERT INTO `sys_role_menu` VALUES (101, 105);
INSERT INTO `sys_role_menu` VALUES (101, 106);
INSERT INTO `sys_role_menu` VALUES (101, 107);
INSERT INTO `sys_role_menu` VALUES (101, 108);
INSERT INTO `sys_role_menu` VALUES (101, 109);
INSERT INTO `sys_role_menu` VALUES (101, 110);
INSERT INTO `sys_role_menu` VALUES (101, 111);
INSERT INTO `sys_role_menu` VALUES (101, 112);
INSERT INTO `sys_role_menu` VALUES (101, 113);
INSERT INTO `sys_role_menu` VALUES (101, 114);
INSERT INTO `sys_role_menu` VALUES (101, 115);
INSERT INTO `sys_role_menu` VALUES (101, 116);
INSERT INTO `sys_role_menu` VALUES (101, 117);
INSERT INTO `sys_role_menu` VALUES (101, 500);
INSERT INTO `sys_role_menu` VALUES (101, 501);
INSERT INTO `sys_role_menu` VALUES (101, 1000);
INSERT INTO `sys_role_menu` VALUES (101, 1001);
INSERT INTO `sys_role_menu` VALUES (101, 1002);
INSERT INTO `sys_role_menu` VALUES (101, 1003);
INSERT INTO `sys_role_menu` VALUES (101, 1004);
INSERT INTO `sys_role_menu` VALUES (101, 1005);
INSERT INTO `sys_role_menu` VALUES (101, 1006);
INSERT INTO `sys_role_menu` VALUES (101, 1007);
INSERT INTO `sys_role_menu` VALUES (101, 1008);
INSERT INTO `sys_role_menu` VALUES (101, 1009);
INSERT INTO `sys_role_menu` VALUES (101, 1010);
INSERT INTO `sys_role_menu` VALUES (101, 1011);
INSERT INTO `sys_role_menu` VALUES (101, 1012);
INSERT INTO `sys_role_menu` VALUES (101, 1013);
INSERT INTO `sys_role_menu` VALUES (101, 1014);
INSERT INTO `sys_role_menu` VALUES (101, 1015);
INSERT INTO `sys_role_menu` VALUES (101, 1016);
INSERT INTO `sys_role_menu` VALUES (101, 1017);
INSERT INTO `sys_role_menu` VALUES (101, 1018);
INSERT INTO `sys_role_menu` VALUES (101, 1019);
INSERT INTO `sys_role_menu` VALUES (101, 1020);
INSERT INTO `sys_role_menu` VALUES (101, 1021);
INSERT INTO `sys_role_menu` VALUES (101, 1022);
INSERT INTO `sys_role_menu` VALUES (101, 1023);
INSERT INTO `sys_role_menu` VALUES (101, 1024);
INSERT INTO `sys_role_menu` VALUES (101, 1025);
INSERT INTO `sys_role_menu` VALUES (101, 1026);
INSERT INTO `sys_role_menu` VALUES (101, 1027);
INSERT INTO `sys_role_menu` VALUES (101, 1028);
INSERT INTO `sys_role_menu` VALUES (101, 1029);
INSERT INTO `sys_role_menu` VALUES (101, 1030);
INSERT INTO `sys_role_menu` VALUES (101, 1031);
INSERT INTO `sys_role_menu` VALUES (101, 1032);
INSERT INTO `sys_role_menu` VALUES (101, 1033);
INSERT INTO `sys_role_menu` VALUES (101, 1034);
INSERT INTO `sys_role_menu` VALUES (101, 1035);
INSERT INTO `sys_role_menu` VALUES (101, 1036);
INSERT INTO `sys_role_menu` VALUES (101, 1037);
INSERT INTO `sys_role_menu` VALUES (101, 1038);
INSERT INTO `sys_role_menu` VALUES (101, 1039);
INSERT INTO `sys_role_menu` VALUES (101, 1040);
INSERT INTO `sys_role_menu` VALUES (101, 1041);
INSERT INTO `sys_role_menu` VALUES (101, 1042);
INSERT INTO `sys_role_menu` VALUES (101, 1043);
INSERT INTO `sys_role_menu` VALUES (101, 1044);
INSERT INTO `sys_role_menu` VALUES (101, 1045);
INSERT INTO `sys_role_menu` VALUES (101, 1046);
INSERT INTO `sys_role_menu` VALUES (101, 1047);
INSERT INTO `sys_role_menu` VALUES (101, 1048);
INSERT INTO `sys_role_menu` VALUES (101, 1049);
INSERT INTO `sys_role_menu` VALUES (101, 1050);
INSERT INTO `sys_role_menu` VALUES (101, 1051);
INSERT INTO `sys_role_menu` VALUES (101, 1052);
INSERT INTO `sys_role_menu` VALUES (101, 1053);
INSERT INTO `sys_role_menu` VALUES (101, 1054);
INSERT INTO `sys_role_menu` VALUES (101, 1055);
INSERT INTO `sys_role_menu` VALUES (101, 1056);
INSERT INTO `sys_role_menu` VALUES (101, 1057);
INSERT INTO `sys_role_menu` VALUES (101, 1058);
INSERT INTO `sys_role_menu` VALUES (101, 1059);
INSERT INTO `sys_role_menu` VALUES (101, 1060);
INSERT INTO `sys_role_menu` VALUES (101, 2000);
INSERT INTO `sys_role_menu` VALUES (101, 2002);
INSERT INTO `sys_role_menu` VALUES (101, 2003);
INSERT INTO `sys_role_menu` VALUES (101, 2004);
INSERT INTO `sys_role_menu` VALUES (101, 2005);
INSERT INTO `sys_role_menu` VALUES (101, 2006);
INSERT INTO `sys_role_menu` VALUES (101, 2007);
INSERT INTO `sys_role_menu` VALUES (101, 2008);
INSERT INTO `sys_role_menu` VALUES (101, 2009);
INSERT INTO `sys_role_menu` VALUES (101, 2010);
INSERT INTO `sys_role_menu` VALUES (101, 2011);
INSERT INTO `sys_role_menu` VALUES (101, 2012);
INSERT INTO `sys_role_menu` VALUES (101, 2013);
INSERT INTO `sys_role_menu` VALUES (101, 2014);
INSERT INTO `sys_role_menu` VALUES (101, 2015);
INSERT INTO `sys_role_menu` VALUES (101, 2016);
INSERT INTO `sys_role_menu` VALUES (101, 2017);
INSERT INTO `sys_role_menu` VALUES (101, 2018);
INSERT INTO `sys_role_menu` VALUES (101, 2019);
INSERT INTO `sys_role_menu` VALUES (101, 2020);
INSERT INTO `sys_role_menu` VALUES (101, 2021);
INSERT INTO `sys_role_menu` VALUES (101, 2022);
INSERT INTO `sys_role_menu` VALUES (101, 2023);
INSERT INTO `sys_role_menu` VALUES (101, 2024);
INSERT INTO `sys_role_menu` VALUES (101, 2025);
INSERT INTO `sys_role_menu` VALUES (101, 2026);
INSERT INTO `sys_role_menu` VALUES (101, 2027);
INSERT INTO `sys_role_menu` VALUES (101, 2028);
INSERT INTO `sys_role_menu` VALUES (101, 2029);
INSERT INTO `sys_role_menu` VALUES (101, 2030);
INSERT INTO `sys_role_menu` VALUES (101, 2031);
INSERT INTO `sys_role_menu` VALUES (101, 2032);
INSERT INTO `sys_role_menu` VALUES (101, 2033);
INSERT INTO `sys_role_menu` VALUES (101, 2034);
INSERT INTO `sys_role_menu` VALUES (101, 2035);
INSERT INTO `sys_role_menu` VALUES (101, 2036);
INSERT INTO `sys_role_menu` VALUES (101, 2037);

-- ----------------------------
-- Table structure for sys_todo
-- ----------------------------
DROP TABLE IF EXISTS `sys_todo`;
CREATE TABLE `sys_todo`  (
  `id` bigint NOT NULL AUTO_INCREMENT,
  `todo_item` varchar(255) CHARACTER SET utf8mb3 COLLATE utf8mb3_general_ci NULL DEFAULT NULL COMMENT '待办事项',
  `create_by` varchar(64) CHARACTER SET utf8mb3 COLLATE utf8mb3_general_ci NULL DEFAULT '' COMMENT '创建人',
  `create_time` datetime NULL DEFAULT NULL COMMENT '创建时间',
  PRIMARY KEY (`id`) USING BTREE
) ENGINE = InnoDB AUTO_INCREMENT = 10 CHARACTER SET = utf8mb3 COLLATE = utf8mb3_general_ci COMMENT = '待办事项表' ROW_FORMAT = DYNAMIC;

-- ----------------------------
-- Records of sys_todo
-- ----------------------------
INSERT INTO `sys_todo` VALUES (8, 'todo1', '111', '2025-11-02 21:15:47');

-- ----------------------------
-- Table structure for sys_user
-- ----------------------------
DROP TABLE IF EXISTS `sys_user`;
CREATE TABLE `sys_user`  (
  `user_id` bigint NOT NULL AUTO_INCREMENT COMMENT '用户ID',
  `dept_id` bigint NULL DEFAULT NULL COMMENT '部门ID',
  `user_name` varchar(30) CHARACTER SET utf8mb4 COLLATE utf8mb4_unicode_ci NOT NULL COMMENT '用户账号',
  `nick_name` varchar(30) CHARACTER SET utf8mb4 COLLATE utf8mb4_unicode_ci NOT NULL COMMENT '用户昵称',
  `user_type` varchar(2) CHARACTER SET utf8mb4 COLLATE utf8mb4_unicode_ci NULL DEFAULT '00' COMMENT '用户类型（00系统用户）',
  `email` varchar(50) CHARACTER SET utf8mb4 COLLATE utf8mb4_unicode_ci NULL DEFAULT '' COMMENT '用户邮箱',
  `phonenumber` varchar(11) CHARACTER SET utf8mb4 COLLATE utf8mb4_unicode_ci NULL DEFAULT '' COMMENT '手机号码',
  `sex` char(1) CHARACTER SET utf8mb4 COLLATE utf8mb4_unicode_ci NULL DEFAULT '0' COMMENT '用户性别（0男 1女 2未知）',
  `avatar` varchar(100) CHARACTER SET utf8mb4 COLLATE utf8mb4_unicode_ci NULL DEFAULT '' COMMENT '头像地址',
  `password` varchar(100) CHARACTER SET utf8mb4 COLLATE utf8mb4_unicode_ci NULL DEFAULT '' COMMENT '密码',
  `status` char(1) CHARACTER SET utf8mb4 COLLATE utf8mb4_unicode_ci NULL DEFAULT '0' COMMENT '账号状态（0正常 1停用）',
  `del_flag` char(1) CHARACTER SET utf8mb4 COLLATE utf8mb4_unicode_ci NULL DEFAULT '0' COMMENT '删除标志（0代表存在 2代表删除）',
  `login_ip` varchar(128) CHARACTER SET utf8mb4 COLLATE utf8mb4_unicode_ci NULL DEFAULT '' COMMENT '最后登录IP',
  `login_date` datetime NULL DEFAULT NULL COMMENT '最后登录时间',
  `pwd_update_date` datetime NULL DEFAULT NULL COMMENT '密码最后更新时间',
  `create_by` varchar(64) CHARACTER SET utf8mb4 COLLATE utf8mb4_unicode_ci NULL DEFAULT '' COMMENT '创建者',
  `create_time` datetime NULL DEFAULT NULL COMMENT '创建时间',
  `update_by` varchar(64) CHARACTER SET utf8mb4 COLLATE utf8mb4_unicode_ci NULL DEFAULT '' COMMENT '更新者',
  `update_time` datetime NULL DEFAULT NULL COMMENT '更新时间',
  `remark` varchar(500) CHARACTER SET utf8mb4 COLLATE utf8mb4_unicode_ci NULL DEFAULT NULL COMMENT '备注',
  PRIMARY KEY (`user_id`) USING BTREE
) ENGINE = InnoDB AUTO_INCREMENT = 102 CHARACTER SET = utf8mb4 COLLATE = utf8mb4_unicode_ci COMMENT = '用户信息表' ROW_FORMAT = DYNAMIC;

-- ----------------------------
-- Records of sys_user
-- ----------------------------
INSERT INTO `sys_user` VALUES (1, 103, 'admin', '若依', '00', 'ry@163.com', '15888888888', '1', 'https://ww4.sinaimg.cn/mw690/008uscSugy1haq9fh1q4vj30sg0sggno.jpg', '$2a$10$7JB720yubVSZvUI0rEqK/.VqGOZTH.ulu33dHOiBE8ByOhJIrdAu2', '0', '0', '127.0.0.1', '2025-11-21 06:09:27', '2025-10-30 17:06:55', 'admin', '2025-10-30 17:06:55', '', NULL, '管理员');
INSERT INTO `sys_user` VALUES (2, 105, 'ry', '张三', '00', 'ry@qq.com', '15666666666', '1', 'https://img0.baidu.com/it/u=3661017254,2148146033&fm=253&app=138&f=JPEG?w=500&h=500', '$2a$10$7JB720yubVSZvUI0rEqK/.VqGOZTH.ulu33dHOiBE8ByOhJIrdAu2', '0', '0', '127.0.0.1', '2025-11-16 05:31:17', '2025-10-30 17:06:55', 'admin', '2025-10-30 17:06:55', '', NULL, '测试员');
INSERT INTO `sys_user` VALUES (3, 103, 'student1', '李比', '00', 'student1@school.com', '13800138001', '0', 'https://img0.baidu.com/it/u=2660145230,331641081&fm=253&fmt=auto&app=138&f=JPEG?w=500&h=625', '$2a$10$7JB720yubVSZvUI0rEqK/.VqGOZTH.ulu33dHOiBE8ByOhJIrdAu2', '0', '0', '127.0.0.1', '2025-11-15 23:16:27', '2025-11-01 00:00:00', 'admin', '2025-11-01 00:00:00', '', NULL, '学生');
INSERT INTO `sys_user` VALUES (4, 105, 'teacher1', '王老师', '01', 'teacher1@school.com', '13900139001', '1', 'https://picsum.photos/200/200?random=2', '$2a$10$7JB720yubVSZvUI0rEqK/.VqGOZTH.ulu33dHOiBE8ByOhJIrdAu2', '0', '0', '127.0.0.1', '2025-11-06 11:20:00', '2025-11-01 00:00:00', 'admin', '2025-11-01 00:00:00', '', NULL, '教师');
INSERT INTO `sys_user` VALUES (5, 103, 'student2', '赵六', '00', 'student2@school.com', '13700137001', '0', 'https://picsum.photos/200/200?random=3', '$2a$10$7JB720yubVSZvUI0rEqK/.VqGOZTH.ulu33dHOiBE8ByOhJIrdAu2', '0', '0', '127.0.0.1', '2025-11-06 09:15:00', '2025-11-01 00:00:00', 'admin', '2025-11-01 00:00:00', '', NULL, '学生');
INSERT INTO `sys_user` VALUES (100, NULL, 'teacher_zhang', '张老师', '00', '', '13800000001', '0', '', '$2a$10$vpihLKD36.kAbG.T.IeM4.IeIhOzetQUEOOLCS5QA4v9Hx1JF.cSK', '0', '0', '127.0.0.1', '2025-11-14 09:51:08', NULL, 'admin', '2025-11-12 01:32:46', '', NULL, NULL);
INSERT INTO `sys_user` VALUES (101, NULL, 'student_li', '李同学', '00', '', '13800000002', '1', '', '$2a$10$76UxrSPYQSpNnfhy7PcKcukg9nPYHs9Q00ereE6msATSUELIOIybC', '0', '0', '127.0.0.1', '2025-11-16 05:14:45', NULL, 'admin', '2025-11-12 01:33:19', 'admin', '2025-11-12 01:34:13', NULL);

-- ----------------------------
-- Table structure for sys_user_post
-- ----------------------------
DROP TABLE IF EXISTS `sys_user_post`;
CREATE TABLE `sys_user_post`  (
  `user_id` bigint NOT NULL COMMENT '用户ID',
  `post_id` bigint NOT NULL COMMENT '岗位ID',
  PRIMARY KEY (`user_id`, `post_id`) USING BTREE
) ENGINE = InnoDB CHARACTER SET = utf8mb4 COLLATE = utf8mb4_unicode_ci COMMENT = '用户与岗位关联表' ROW_FORMAT = DYNAMIC;

-- ----------------------------
-- Records of sys_user_post
-- ----------------------------
INSERT INTO `sys_user_post` VALUES (1, 1);
INSERT INTO `sys_user_post` VALUES (2, 2);

-- ----------------------------
-- Table structure for sys_user_role
-- ----------------------------
DROP TABLE IF EXISTS `sys_user_role`;
CREATE TABLE `sys_user_role`  (
  `user_id` bigint NOT NULL COMMENT '用户ID',
  `role_id` bigint NOT NULL COMMENT '角色ID',
  PRIMARY KEY (`user_id`, `role_id`) USING BTREE
) ENGINE = InnoDB CHARACTER SET = utf8mb4 COLLATE = utf8mb4_unicode_ci COMMENT = '用户和角色关联表' ROW_FORMAT = DYNAMIC;

-- ----------------------------
-- Records of sys_user_role
-- ----------------------------
INSERT INTO `sys_user_role` VALUES (1, 1);
INSERT INTO `sys_user_role` VALUES (2, 2);
INSERT INTO `sys_user_role` VALUES (3, 100);
INSERT INTO `sys_user_role` VALUES (100, 100);
INSERT INTO `sys_user_role` VALUES (101, 101);

SET FOREIGN_KEY_CHECKS = 1;
